name,category,occasion,relationship,interests,personality,price,description
Watercolor Starter Kit - Edition 1,Art,Anniversary,Best Friend,art painting drawing creativity,"Romantic, Stylish",800,"Watercolor Starter Kit - Edition 1, curated for art lovers and suitable for anniversary gifting."
Watercolor Starter Kit - Edition 2,Art,Valentines Day,Friend,art painting drawing creativity,"Practical, Minimalist",960,"Watercolor Starter Kit - Edition 2, curated for art lovers and suitable for valentines day gifting."
Watercolor Starter Kit - Edition 3,Art,Graduation,Sibling,art painting drawing creativity,"Adventurous, Extroverted",1120,"Watercolor Starter Kit - Edition 3, curated for art lovers and suitable for graduation gifting."
Watercolor Starter Kit - Edition 4,Art,Housewarming,Parent,art painting drawing creativity,"Introverted, Intellectual",1280,"Watercolor Starter Kit - Edition 4, curated for art lovers and suitable for housewarming gifting."
Watercolor Starter Kit - Edition 5,Art,Farewell,Family,art painting drawing creativity,"Funny, Trendy",1440,"Watercolor Starter Kit - Edition 5, curated for art lovers and suitable for farewell gifting."
Watercolor Starter Kit - Edition 6,Art,Christmas,Colleague,art painting drawing creativity,"Techie, Practical",1600,"Watercolor Starter Kit - Edition 6, curated for art lovers and suitable for christmas gifting."
Watercolor Starter Kit - Edition 7,Art,Friendship Day,Classmate,art painting drawing creativity,"Classic, Sentimental",1760,"Watercolor Starter Kit - Edition 7, curated for art lovers and suitable for friendship day gifting."
Acrylic Painting Set - Edition 1,Art,Valentines Day,Sibling,art painting drawing creativity,"Practical, Minimalist",800,"Acrylic Painting Set - Edition 1, curated for art lovers and suitable for valentines day gifting."
Acrylic Painting Set - Edition 2,Art,Graduation,Parent,art painting drawing creativity,"Adventurous, Extroverted",960,"Acrylic Painting Set - Edition 2, curated for art lovers and suitable for graduation gifting."
Acrylic Painting Set - Edition 3,Art,Housewarming,Family,art painting drawing creativity,"Introverted, Intellectual",1120,"Acrylic Painting Set - Edition 3, curated for art lovers and suitable for housewarming gifting."
Acrylic Painting Set - Edition 4,Art,Farewell,Colleague,art painting drawing creativity,"Funny, Trendy",1280,"Acrylic Painting Set - Edition 4, curated for art lovers and suitable for farewell gifting."
Acrylic Painting Set - Edition 5,Art,Christmas,Classmate,art painting drawing creativity,"Techie, Practical",1440,"Acrylic Painting Set - Edition 5, curated for art lovers and suitable for christmas gifting."
Acrylic Painting Set - Edition 6,Art,Friendship Day,Mentor,art painting drawing creativity,"Classic, Sentimental",1600,"Acrylic Painting Set - Edition 6, curated for art lovers and suitable for friendship day gifting."
Acrylic Painting Set - Edition 7,Art,Wedding,Partner,art painting drawing creativity,"Creative, Sentimental",1760,"Acrylic Painting Set - Edition 7, curated for art lovers and suitable for wedding gifting."
Canvas Art Print - Edition 1,Art,Graduation,Family,art painting drawing creativity,"Adventurous, Extroverted",800,"Canvas Art Print - Edition 1, curated for art lovers and suitable for graduation gifting."
Canvas Art Print - Edition 2,Art,Housewarming,Colleague,art painting drawing creativity,"Introverted, Intellectual",960,"Canvas Art Print - Edition 2, curated for art lovers and suitable for housewarming gifting."
Canvas Art Print - Edition 3,Art,Farewell,Classmate,art painting drawing creativity,"Funny, Trendy",1120,"Canvas Art Print - Edition 3, curated for art lovers and suitable for farewell gifting."
Canvas Art Print - Edition 4,Art,Christmas,Mentor,art painting drawing creativity,"Techie, Practical",1280,"Canvas Art Print - Edition 4, curated for art lovers and suitable for christmas gifting."
Canvas Art Print - Edition 5,Art,Friendship Day,Partner,art painting drawing creativity,"Classic, Sentimental",1440,"Canvas Art Print - Edition 5, curated for art lovers and suitable for friendship day gifting."
Canvas Art Print - Edition 6,Art,Wedding,Best Friend,art painting drawing creativity,"Creative, Sentimental",1600,"Canvas Art Print - Edition 6, curated for art lovers and suitable for wedding gifting."
Canvas Art Print - Edition 7,Art,Promotion,Friend,art painting drawing creativity,"Romantic, Stylish",1760,"Canvas Art Print - Edition 7, curated for art lovers and suitable for promotion gifting."
Sketching Pencil Set - Edition 1,Art,Housewarming,Classmate,art painting drawing creativity,"Introverted, Intellectual",800,"Sketching Pencil Set - Edition 1, curated for art lovers and suitable for housewarming gifting."
Sketching Pencil Set - Edition 2,Art,Farewell,Mentor,art painting drawing creativity,"Funny, Trendy",960,"Sketching Pencil Set - Edition 2, curated for art lovers and suitable for farewell gifting."
Sketching Pencil Set - Edition 3,Art,Christmas,Partner,art painting drawing creativity,"Techie, Practical",1120,"Sketching Pencil Set - Edition 3, curated for art lovers and suitable for christmas gifting."
Sketching Pencil Set - Edition 4,Art,Friendship Day,Best Friend,art painting drawing creativity,"Classic, Sentimental",1280,"Sketching Pencil Set - Edition 4, curated for art lovers and suitable for friendship day gifting."
Sketching Pencil Set - Edition 5,Art,Wedding,Friend,art painting drawing creativity,"Creative, Sentimental",1440,"Sketching Pencil Set - Edition 5, curated for art lovers and suitable for wedding gifting."
Sketching Pencil Set - Edition 6,Art,Promotion,Sibling,art painting drawing creativity,"Romantic, Stylish",1600,"Sketching Pencil Set - Edition 6, curated for art lovers and suitable for promotion gifting."
Sketching Pencil Set - Edition 7,Art,Thank You,Parent,art painting drawing creativity,"Practical, Minimalist",1760,"Sketching Pencil Set - Edition 7, curated for art lovers and suitable for thank you gifting."
Personalized Portrait Illustration - Edition 1,Art,Farewell,Partner,art painting drawing creativity,"Funny, Trendy",800,"Personalized Portrait Illustration - Edition 1, curated for art lovers and suitable for farewell gifting."
Personalized Portrait Illustration - Edition 2,Art,Christmas,Best Friend,art painting drawing creativity,"Techie, Practical",960,"Personalized Portrait Illustration - Edition 2, curated for art lovers and suitable for christmas gifting."
Personalized Portrait Illustration - Edition 3,Art,Friendship Day,Friend,art painting drawing creativity,"Classic, Sentimental",1120,"Personalized Portrait Illustration - Edition 3, curated for art lovers and suitable for friendship day gifting."
Personalized Portrait Illustration - Edition 4,Art,Wedding,Sibling,art painting drawing creativity,"Creative, Sentimental",1280,"Personalized Portrait Illustration - Edition 4, curated for art lovers and suitable for wedding gifting."
Personalized Portrait Illustration - Edition 5,Art,Promotion,Parent,art painting drawing creativity,"Romantic, Stylish",1440,"Personalized Portrait Illustration - Edition 5, curated for art lovers and suitable for promotion gifting."
Personalized Portrait Illustration - Edition 6,Art,Thank You,Family,art painting drawing creativity,"Practical, Minimalist",1600,"Personalized Portrait Illustration - Edition 6, curated for art lovers and suitable for thank you gifting."
Personalized Portrait Illustration - Edition 7,Art,Just Because,Colleague,art painting drawing creativity,"Adventurous, Extroverted",1760,"Personalized Portrait Illustration - Edition 7, curated for art lovers and suitable for just because gifting."
Mandala Coloring Book - Edition 1,Art,Christmas,Friend,art painting drawing creativity,"Techie, Practical",800,"Mandala Coloring Book - Edition 1, curated for art lovers and suitable for christmas gifting."
Mandala Coloring Book - Edition 2,Art,Friendship Day,Sibling,art painting drawing creativity,"Classic, Sentimental",960,"Mandala Coloring Book - Edition 2, curated for art lovers and suitable for friendship day gifting."
Mandala Coloring Book - Edition 3,Art,Wedding,Parent,art painting drawing creativity,"Creative, Sentimental",1120,"Mandala Coloring Book - Edition 3, curated for art lovers and suitable for wedding gifting."
Mandala Coloring Book - Edition 4,Art,Promotion,Family,art painting drawing creativity,"Romantic, Stylish",1280,"Mandala Coloring Book - Edition 4, curated for art lovers and suitable for promotion gifting."
Mandala Coloring Book - Edition 5,Art,Thank You,Colleague,art painting drawing creativity,"Practical, Minimalist",1440,"Mandala Coloring Book - Edition 5, curated for art lovers and suitable for thank you gifting."
Mandala Coloring Book - Edition 6,Art,Just Because,Classmate,art painting drawing creativity,"Adventurous, Extroverted",1600,"Mandala Coloring Book - Edition 6, curated for art lovers and suitable for just because gifting."
Mandala Coloring Book - Edition 7,Art,Birthday,Mentor,art painting drawing creativity,"Introverted, Intellectual",1760,"Mandala Coloring Book - Edition 7, curated for art lovers and suitable for birthday gifting."
Calligraphy Art Kit - Edition 1,Art,Friendship Day,Parent,art painting drawing creativity,"Classic, Sentimental",800,"Calligraphy Art Kit - Edition 1, curated for art lovers and suitable for friendship day gifting."
Calligraphy Art Kit - Edition 2,Art,Wedding,Family,art painting drawing creativity,"Creative, Sentimental",960,"Calligraphy Art Kit - Edition 2, curated for art lovers and suitable for wedding gifting."
Calligraphy Art Kit - Edition 3,Art,Promotion,Colleague,art painting drawing creativity,"Romantic, Stylish",1120,"Calligraphy Art Kit - Edition 3, curated for art lovers and suitable for promotion gifting."
Calligraphy Art Kit - Edition 4,Art,Thank You,Classmate,art painting drawing creativity,"Practical, Minimalist",1280,"Calligraphy Art Kit - Edition 4, curated for art lovers and suitable for thank you gifting."
Calligraphy Art Kit - Edition 5,Art,Just Because,Mentor,art painting drawing creativity,"Adventurous, Extroverted",1440,"Calligraphy Art Kit - Edition 5, curated for art lovers and suitable for just because gifting."
Calligraphy Art Kit - Edition 6,Art,Birthday,Partner,art painting drawing creativity,"Introverted, Intellectual",1600,"Calligraphy Art Kit - Edition 6, curated for art lovers and suitable for birthday gifting."
Calligraphy Art Kit - Edition 7,Art,Anniversary,Best Friend,art painting drawing creativity,"Funny, Trendy",1760,"Calligraphy Art Kit - Edition 7, curated for art lovers and suitable for anniversary gifting."
Paint by Numbers Kit - Edition 1,Art,Wedding,Colleague,art painting drawing creativity,"Creative, Sentimental",800,"Paint by Numbers Kit - Edition 1, curated for art lovers and suitable for wedding gifting."
Paint by Numbers Kit - Edition 2,Art,Promotion,Classmate,art painting drawing creativity,"Romantic, Stylish",960,"Paint by Numbers Kit - Edition 2, curated for art lovers and suitable for promotion gifting."
Paint by Numbers Kit - Edition 3,Art,Thank You,Mentor,art painting drawing creativity,"Practical, Minimalist",1120,"Paint by Numbers Kit - Edition 3, curated for art lovers and suitable for thank you gifting."
Paint by Numbers Kit - Edition 4,Art,Just Because,Partner,art painting drawing creativity,"Adventurous, Extroverted",1280,"Paint by Numbers Kit - Edition 4, curated for art lovers and suitable for just because gifting."
Paint by Numbers Kit - Edition 5,Art,Birthday,Best Friend,art painting drawing creativity,"Introverted, Intellectual",1440,"Paint by Numbers Kit - Edition 5, curated for art lovers and suitable for birthday gifting."
Paint by Numbers Kit - Edition 6,Art,Anniversary,Friend,art painting drawing creativity,"Funny, Trendy",1600,"Paint by Numbers Kit - Edition 6, curated for art lovers and suitable for anniversary gifting."
Paint by Numbers Kit - Edition 7,Art,Valentines Day,Sibling,art painting drawing creativity,"Techie, Practical",1760,"Paint by Numbers Kit - Edition 7, curated for art lovers and suitable for valentines day gifting."
Classic Novel Gift Edition - Edition 1,Books,Anniversary,Best Friend,books reading literature learning,"Romantic, Stylish",500,"Classic Novel Gift Edition - Edition 1, curated for books lovers and suitable for anniversary gifting."
Classic Novel Gift Edition - Edition 2,Books,Valentines Day,Friend,books reading literature learning,"Practical, Minimalist",600,"Classic Novel Gift Edition - Edition 2, curated for books lovers and suitable for valentines day gifting."
Classic Novel Gift Edition - Edition 3,Books,Graduation,Sibling,books reading literature learning,"Adventurous, Extroverted",700,"Classic Novel Gift Edition - Edition 3, curated for books lovers and suitable for graduation gifting."
Classic Novel Gift Edition - Edition 4,Books,Housewarming,Parent,books reading literature learning,"Introverted, Intellectual",800,"Classic Novel Gift Edition - Edition 4, curated for books lovers and suitable for housewarming gifting."
Classic Novel Gift Edition - Edition 5,Books,Farewell,Family,books reading literature learning,"Funny, Trendy",900,"Classic Novel Gift Edition - Edition 5, curated for books lovers and suitable for farewell gifting."
Classic Novel Gift Edition - Edition 6,Books,Christmas,Colleague,books reading literature learning,"Techie, Practical",1000,"Classic Novel Gift Edition - Edition 6, curated for books lovers and suitable for christmas gifting."
Classic Novel Gift Edition - Edition 7,Books,Friendship Day,Classmate,books reading literature learning,"Classic, Sentimental",1100,"Classic Novel Gift Edition - Edition 7, curated for books lovers and suitable for friendship day gifting."
Personal Growth Book Set - Edition 1,Books,Valentines Day,Sibling,books reading literature learning,"Practical, Minimalist",500,"Personal Growth Book Set - Edition 1, curated for books lovers and suitable for valentines day gifting."
Personal Growth Book Set - Edition 2,Books,Graduation,Parent,books reading literature learning,"Adventurous, Extroverted",600,"Personal Growth Book Set - Edition 2, curated for books lovers and suitable for graduation gifting."
Personal Growth Book Set - Edition 3,Books,Housewarming,Family,books reading literature learning,"Introverted, Intellectual",700,"Personal Growth Book Set - Edition 3, curated for books lovers and suitable for housewarming gifting."
Personal Growth Book Set - Edition 4,Books,Farewell,Colleague,books reading literature learning,"Funny, Trendy",800,"Personal Growth Book Set - Edition 4, curated for books lovers and suitable for farewell gifting."
Personal Growth Book Set - Edition 5,Books,Christmas,Classmate,books reading literature learning,"Techie, Practical",900,"Personal Growth Book Set - Edition 5, curated for books lovers and suitable for christmas gifting."
Personal Growth Book Set - Edition 6,Books,Friendship Day,Mentor,books reading literature learning,"Classic, Sentimental",1000,"Personal Growth Book Set - Edition 6, curated for books lovers and suitable for friendship day gifting."
Personal Growth Book Set - Edition 7,Books,Wedding,Partner,books reading literature learning,"Creative, Sentimental",1100,"Personal Growth Book Set - Edition 7, curated for books lovers and suitable for wedding gifting."
Mystery Novel Collection - Edition 1,Books,Graduation,Family,books reading literature learning,"Adventurous, Extroverted",500,"Mystery Novel Collection - Edition 1, curated for books lovers and suitable for graduation gifting."
Mystery Novel Collection - Edition 2,Books,Housewarming,Colleague,books reading literature learning,"Introverted, Intellectual",600,"Mystery Novel Collection - Edition 2, curated for books lovers and suitable for housewarming gifting."
Mystery Novel Collection - Edition 3,Books,Farewell,Classmate,books reading literature learning,"Funny, Trendy",700,"Mystery Novel Collection - Edition 3, curated for books lovers and suitable for farewell gifting."
Mystery Novel Collection - Edition 4,Books,Christmas,Mentor,books reading literature learning,"Techie, Practical",800,"Mystery Novel Collection - Edition 4, curated for books lovers and suitable for christmas gifting."
Mystery Novel Collection - Edition 5,Books,Friendship Day,Partner,books reading literature learning,"Classic, Sentimental",900,"Mystery Novel Collection - Edition 5, curated for books lovers and suitable for friendship day gifting."
Mystery Novel Collection - Edition 6,Books,Wedding,Best Friend,books reading literature learning,"Creative, Sentimental",1000,"Mystery Novel Collection - Edition 6, curated for books lovers and suitable for wedding gifting."
Mystery Novel Collection - Edition 7,Books,Promotion,Friend,books reading literature learning,"Romantic, Stylish",1100,"Mystery Novel Collection - Edition 7, curated for books lovers and suitable for promotion gifting."
Poetry Anthology - Edition 1,Books,Housewarming,Classmate,books reading literature learning,"Introverted, Intellectual",500,"Poetry Anthology - Edition 1, curated for books lovers and suitable for housewarming gifting."
Poetry Anthology - Edition 2,Books,Farewell,Mentor,books reading literature learning,"Funny, Trendy",600,"Poetry Anthology - Edition 2, curated for books lovers and suitable for farewell gifting."
Poetry Anthology - Edition 3,Books,Christmas,Partner,books reading literature learning,"Techie, Practical",700,"Poetry Anthology - Edition 3, curated for books lovers and suitable for christmas gifting."
Poetry Anthology - Edition 4,Books,Friendship Day,Best Friend,books reading literature learning,"Classic, Sentimental",800,"Poetry Anthology - Edition 4, curated for books lovers and suitable for friendship day gifting."
Poetry Anthology - Edition 5,Books,Wedding,Friend,books reading literature learning,"Creative, Sentimental",900,"Poetry Anthology - Edition 5, curated for books lovers and suitable for wedding gifting."
Poetry Anthology - Edition 6,Books,Promotion,Sibling,books reading literature learning,"Romantic, Stylish",1000,"Poetry Anthology - Edition 6, curated for books lovers and suitable for promotion gifting."
Poetry Anthology - Edition 7,Books,Thank You,Parent,books reading literature learning,"Practical, Minimalist",1100,"Poetry Anthology - Edition 7, curated for books lovers and suitable for thank you gifting."
Coffee Table Photography Book - Edition 1,Books,Farewell,Partner,books reading literature learning,"Funny, Trendy",500,"Coffee Table Photography Book - Edition 1, curated for books lovers and suitable for farewell gifting."
Coffee Table Photography Book - Edition 2,Books,Christmas,Best Friend,books reading literature learning,"Techie, Practical",600,"Coffee Table Photography Book - Edition 2, curated for books lovers and suitable for christmas gifting."
Coffee Table Photography Book - Edition 3,Books,Friendship Day,Friend,books reading literature learning,"Classic, Sentimental",700,"Coffee Table Photography Book - Edition 3, curated for books lovers and suitable for friendship day gifting."
Coffee Table Photography Book - Edition 4,Books,Wedding,Sibling,books reading literature learning,"Creative, Sentimental",800,"Coffee Table Photography Book - Edition 4, curated for books lovers and suitable for wedding gifting."
Coffee Table Photography Book - Edition 5,Books,Promotion,Parent,books reading literature learning,"Romantic, Stylish",900,"Coffee Table Photography Book - Edition 5, curated for books lovers and suitable for promotion gifting."
Coffee Table Photography Book - Edition 6,Books,Thank You,Family,books reading literature learning,"Practical, Minimalist",1000,"Coffee Table Photography Book - Edition 6, curated for books lovers and suitable for thank you gifting."
Coffee Table Photography Book - Edition 7,Books,Just Because,Colleague,books reading literature learning,"Adventurous, Extroverted",1100,"Coffee Table Photography Book - Edition 7, curated for books lovers and suitable for just because gifting."
Cookbook Gift Edition - Edition 1,Books,Christmas,Friend,books reading literature learning,"Techie, Practical",500,"Cookbook Gift Edition - Edition 1, curated for books lovers and suitable for christmas gifting."
Cookbook Gift Edition - Edition 2,Books,Friendship Day,Sibling,books reading literature learning,"Classic, Sentimental",600,"Cookbook Gift Edition - Edition 2, curated for books lovers and suitable for friendship day gifting."
Cookbook Gift Edition - Edition 3,Books,Wedding,Parent,books reading literature learning,"Creative, Sentimental",700,"Cookbook Gift Edition - Edition 3, curated for books lovers and suitable for wedding gifting."
Cookbook Gift Edition - Edition 4,Books,Promotion,Family,books reading literature learning,"Romantic, Stylish",800,"Cookbook Gift Edition - Edition 4, curated for books lovers and suitable for promotion gifting."
Cookbook Gift Edition - Edition 5,Books,Thank You,Colleague,books reading literature learning,"Practical, Minimalist",900,"Cookbook Gift Edition - Edition 5, curated for books lovers and suitable for thank you gifting."
Cookbook Gift Edition - Edition 6,Books,Just Because,Classmate,books reading literature learning,"Adventurous, Extroverted",1000,"Cookbook Gift Edition - Edition 6, curated for books lovers and suitable for just because gifting."
Cookbook Gift Edition - Edition 7,Books,Birthday,Mentor,books reading literature learning,"Introverted, Intellectual",1100,"Cookbook Gift Edition - Edition 7, curated for books lovers and suitable for birthday gifting."
Travel Stories Collection - Edition 1,Books,Friendship Day,Parent,books reading literature learning,"Classic, Sentimental",500,"Travel Stories Collection - Edition 1, curated for books lovers and suitable for friendship day gifting."
Travel Stories Collection - Edition 2,Books,Wedding,Family,books reading literature learning,"Creative, Sentimental",600,"Travel Stories Collection - Edition 2, curated for books lovers and suitable for wedding gifting."
Travel Stories Collection - Edition 3,Books,Promotion,Colleague,books reading literature learning,"Romantic, Stylish",700,"Travel Stories Collection - Edition 3, curated for books lovers and suitable for promotion gifting."
Travel Stories Collection - Edition 4,Books,Thank You,Classmate,books reading literature learning,"Practical, Minimalist",800,"Travel Stories Collection - Edition 4, curated for books lovers and suitable for thank you gifting."
Travel Stories Collection - Edition 5,Books,Just Because,Mentor,books reading literature learning,"Adventurous, Extroverted",900,"Travel Stories Collection - Edition 5, curated for books lovers and suitable for just because gifting."
Travel Stories Collection - Edition 6,Books,Birthday,Partner,books reading literature learning,"Introverted, Intellectual",1000,"Travel Stories Collection - Edition 6, curated for books lovers and suitable for birthday gifting."
Travel Stories Collection - Edition 7,Books,Anniversary,Best Friend,books reading literature learning,"Funny, Trendy",1100,"Travel Stories Collection - Edition 7, curated for books lovers and suitable for anniversary gifting."
Science Book Set - Edition 1,Books,Wedding,Colleague,books reading literature learning,"Creative, Sentimental",500,"Science Book Set - Edition 1, curated for books lovers and suitable for wedding gifting."
Science Book Set - Edition 2,Books,Promotion,Classmate,books reading literature learning,"Romantic, Stylish",600,"Science Book Set - Edition 2, curated for books lovers and suitable for promotion gifting."
Science Book Set - Edition 3,Books,Thank You,Mentor,books reading literature learning,"Practical, Minimalist",700,"Science Book Set - Edition 3, curated for books lovers and suitable for thank you gifting."
Science Book Set - Edition 4,Books,Just Because,Partner,books reading literature learning,"Adventurous, Extroverted",800,"Science Book Set - Edition 4, curated for books lovers and suitable for just because gifting."
Science Book Set - Edition 5,Books,Birthday,Best Friend,books reading literature learning,"Introverted, Intellectual",900,"Science Book Set - Edition 5, curated for books lovers and suitable for birthday gifting."
Science Book Set - Edition 6,Books,Anniversary,Friend,books reading literature learning,"Funny, Trendy",1000,"Science Book Set - Edition 6, curated for books lovers and suitable for anniversary gifting."
Science Book Set - Edition 7,Books,Valentines Day,Sibling,books reading literature learning,"Techie, Practical",1100,"Science Book Set - Edition 7, curated for books lovers and suitable for valentines day gifting."
Premium Skincare Gift Set - Edition 1,Beauty,Anniversary,Best Friend,skincare beauty self care wellness,"Romantic, Stylish",900,"Premium Skincare Gift Set - Edition 1, curated for skincare lovers and suitable for anniversary gifting."
Premium Skincare Gift Set - Edition 2,Beauty,Valentines Day,Friend,skincare beauty self care wellness,"Practical, Minimalist",1080,"Premium Skincare Gift Set - Edition 2, curated for skincare lovers and suitable for valentines day gifting."
Premium Skincare Gift Set - Edition 3,Beauty,Graduation,Sibling,skincare beauty self care wellness,"Adventurous, Extroverted",1260,"Premium Skincare Gift Set - Edition 3, curated for skincare lovers and suitable for graduation gifting."
Premium Skincare Gift Set - Edition 4,Beauty,Housewarming,Parent,skincare beauty self care wellness,"Introverted, Intellectual",1440,"Premium Skincare Gift Set - Edition 4, curated for skincare lovers and suitable for housewarming gifting."
Premium Skincare Gift Set - Edition 5,Beauty,Farewell,Family,skincare beauty self care wellness,"Funny, Trendy",1620,"Premium Skincare Gift Set - Edition 5, curated for skincare lovers and suitable for farewell gifting."
Premium Skincare Gift Set - Edition 6,Beauty,Christmas,Colleague,skincare beauty self care wellness,"Techie, Practical",1800,"Premium Skincare Gift Set - Edition 6, curated for skincare lovers and suitable for christmas gifting."
Premium Skincare Gift Set - Edition 7,Beauty,Friendship Day,Classmate,skincare beauty self care wellness,"Classic, Sentimental",1980,"Premium Skincare Gift Set - Edition 7, curated for skincare lovers and suitable for friendship day gifting."
Self Care Bath Set - Edition 1,Beauty,Valentines Day,Sibling,skincare beauty self care wellness,"Practical, Minimalist",900,"Self Care Bath Set - Edition 1, curated for skincare lovers and suitable for valentines day gifting."
Self Care Bath Set - Edition 2,Beauty,Graduation,Parent,skincare beauty self care wellness,"Adventurous, Extroverted",1080,"Self Care Bath Set - Edition 2, curated for skincare lovers and suitable for graduation gifting."
Self Care Bath Set - Edition 3,Beauty,Housewarming,Family,skincare beauty self care wellness,"Introverted, Intellectual",1260,"Self Care Bath Set - Edition 3, curated for skincare lovers and suitable for housewarming gifting."
Self Care Bath Set - Edition 4,Beauty,Farewell,Colleague,skincare beauty self care wellness,"Funny, Trendy",1440,"Self Care Bath Set - Edition 4, curated for skincare lovers and suitable for farewell gifting."
Self Care Bath Set - Edition 5,Beauty,Christmas,Classmate,skincare beauty self care wellness,"Techie, Practical",1620,"Self Care Bath Set - Edition 5, curated for skincare lovers and suitable for christmas gifting."
Self Care Bath Set - Edition 6,Beauty,Friendship Day,Mentor,skincare beauty self care wellness,"Classic, Sentimental",1800,"Self Care Bath Set - Edition 6, curated for skincare lovers and suitable for friendship day gifting."
Self Care Bath Set - Edition 7,Beauty,Wedding,Partner,skincare beauty self care wellness,"Creative, Sentimental",1980,"Self Care Bath Set - Edition 7, curated for skincare lovers and suitable for wedding gifting."
Lip Care Collection - Edition 1,Beauty,Graduation,Family,skincare beauty self care wellness,"Adventurous, Extroverted",900,"Lip Care Collection - Edition 1, curated for skincare lovers and suitable for graduation gifting."
Lip Care Collection - Edition 2,Beauty,Housewarming,Colleague,skincare beauty self care wellness,"Introverted, Intellectual",1080,"Lip Care Collection - Edition 2, curated for skincare lovers and suitable for housewarming gifting."
Lip Care Collection - Edition 3,Beauty,Farewell,Classmate,skincare beauty self care wellness,"Funny, Trendy",1260,"Lip Care Collection - Edition 3, curated for skincare lovers and suitable for farewell gifting."
Lip Care Collection - Edition 4,Beauty,Christmas,Mentor,skincare beauty self care wellness,"Techie, Practical",1440,"Lip Care Collection - Edition 4, curated for skincare lovers and suitable for christmas gifting."
Lip Care Collection - Edition 5,Beauty,Friendship Day,Partner,skincare beauty self care wellness,"Classic, Sentimental",1620,"Lip Care Collection - Edition 5, curated for skincare lovers and suitable for friendship day gifting."
Lip Care Collection - Edition 6,Beauty,Wedding,Best Friend,skincare beauty self care wellness,"Creative, Sentimental",1800,"Lip Care Collection - Edition 6, curated for skincare lovers and suitable for wedding gifting."
Lip Care Collection - Edition 7,Beauty,Promotion,Friend,skincare beauty self care wellness,"Romantic, Stylish",1980,"Lip Care Collection - Edition 7, curated for skincare lovers and suitable for promotion gifting."
Body Care Gift Box - Edition 1,Beauty,Housewarming,Classmate,skincare beauty self care wellness,"Introverted, Intellectual",900,"Body Care Gift Box - Edition 1, curated for skincare lovers and suitable for housewarming gifting."
Body Care Gift Box - Edition 2,Beauty,Farewell,Mentor,skincare beauty self care wellness,"Funny, Trendy",1080,"Body Care Gift Box - Edition 2, curated for skincare lovers and suitable for farewell gifting."
Body Care Gift Box - Edition 3,Beauty,Christmas,Partner,skincare beauty self care wellness,"Techie, Practical",1260,"Body Care Gift Box - Edition 3, curated for skincare lovers and suitable for christmas gifting."
Body Care Gift Box - Edition 4,Beauty,Friendship Day,Best Friend,skincare beauty self care wellness,"Classic, Sentimental",1440,"Body Care Gift Box - Edition 4, curated for skincare lovers and suitable for friendship day gifting."
Body Care Gift Box - Edition 5,Beauty,Wedding,Friend,skincare beauty self care wellness,"Creative, Sentimental",1620,"Body Care Gift Box - Edition 5, curated for skincare lovers and suitable for wedding gifting."
Body Care Gift Box - Edition 6,Beauty,Promotion,Sibling,skincare beauty self care wellness,"Romantic, Stylish",1800,"Body Care Gift Box - Edition 6, curated for skincare lovers and suitable for promotion gifting."
Body Care Gift Box - Edition 7,Beauty,Thank You,Parent,skincare beauty self care wellness,"Practical, Minimalist",1980,"Body Care Gift Box - Edition 7, curated for skincare lovers and suitable for thank you gifting."
Aromatherapy Set - Edition 1,Beauty,Farewell,Partner,skincare beauty self care wellness,"Funny, Trendy",900,"Aromatherapy Set - Edition 1, curated for skincare lovers and suitable for farewell gifting."
Aromatherapy Set - Edition 2,Beauty,Christmas,Best Friend,skincare beauty self care wellness,"Techie, Practical",1080,"Aromatherapy Set - Edition 2, curated for skincare lovers and suitable for christmas gifting."
Aromatherapy Set - Edition 3,Beauty,Friendship Day,Friend,skincare beauty self care wellness,"Classic, Sentimental",1260,"Aromatherapy Set - Edition 3, curated for skincare lovers and suitable for friendship day gifting."
Aromatherapy Set - Edition 4,Beauty,Wedding,Sibling,skincare beauty self care wellness,"Creative, Sentimental",1440,"Aromatherapy Set - Edition 4, curated for skincare lovers and suitable for wedding gifting."
Aromatherapy Set - Edition 5,Beauty,Promotion,Parent,skincare beauty self care wellness,"Romantic, Stylish",1620,"Aromatherapy Set - Edition 5, curated for skincare lovers and suitable for promotion gifting."
Aromatherapy Set - Edition 6,Beauty,Thank You,Family,skincare beauty self care wellness,"Practical, Minimalist",1800,"Aromatherapy Set - Edition 6, curated for skincare lovers and suitable for thank you gifting."
Aromatherapy Set - Edition 7,Beauty,Just Because,Colleague,skincare beauty self care wellness,"Adventurous, Extroverted",1980,"Aromatherapy Set - Edition 7, curated for skincare lovers and suitable for just because gifting."
Hand Care Kit - Edition 1,Beauty,Christmas,Friend,skincare beauty self care wellness,"Techie, Practical",900,"Hand Care Kit - Edition 1, curated for skincare lovers and suitable for christmas gifting."
Hand Care Kit - Edition 2,Beauty,Friendship Day,Sibling,skincare beauty self care wellness,"Classic, Sentimental",1080,"Hand Care Kit - Edition 2, curated for skincare lovers and suitable for friendship day gifting."
Hand Care Kit - Edition 3,Beauty,Wedding,Parent,skincare beauty self care wellness,"Creative, Sentimental",1260,"Hand Care Kit - Edition 3, curated for skincare lovers and suitable for wedding gifting."
Hand Care Kit - Edition 4,Beauty,Promotion,Family,skincare beauty self care wellness,"Romantic, Stylish",1440,"Hand Care Kit - Edition 4, curated for skincare lovers and suitable for promotion gifting."
Hand Care Kit - Edition 5,Beauty,Thank You,Colleague,skincare beauty self care wellness,"Practical, Minimalist",1620,"Hand Care Kit - Edition 5, curated for skincare lovers and suitable for thank you gifting."
Hand Care Kit - Edition 6,Beauty,Just Because,Classmate,skincare beauty self care wellness,"Adventurous, Extroverted",1800,"Hand Care Kit - Edition 6, curated for skincare lovers and suitable for just because gifting."
Hand Care Kit - Edition 7,Beauty,Birthday,Mentor,skincare beauty self care wellness,"Introverted, Intellectual",1980,"Hand Care Kit - Edition 7, curated for skincare lovers and suitable for birthday gifting."
Hair Care Gift Set - Edition 1,Beauty,Friendship Day,Parent,skincare beauty self care wellness,"Classic, Sentimental",900,"Hair Care Gift Set - Edition 1, curated for skincare lovers and suitable for friendship day gifting."
Hair Care Gift Set - Edition 2,Beauty,Wedding,Family,skincare beauty self care wellness,"Creative, Sentimental",1080,"Hair Care Gift Set - Edition 2, curated for skincare lovers and suitable for wedding gifting."
Hair Care Gift Set - Edition 3,Beauty,Promotion,Colleague,skincare beauty self care wellness,"Romantic, Stylish",1260,"Hair Care Gift Set - Edition 3, curated for skincare lovers and suitable for promotion gifting."
Hair Care Gift Set - Edition 4,Beauty,Thank You,Classmate,skincare beauty self care wellness,"Practical, Minimalist",1440,"Hair Care Gift Set - Edition 4, curated for skincare lovers and suitable for thank you gifting."
Hair Care Gift Set - Edition 5,Beauty,Just Because,Mentor,skincare beauty self care wellness,"Adventurous, Extroverted",1620,"Hair Care Gift Set - Edition 5, curated for skincare lovers and suitable for just because gifting."
Hair Care Gift Set - Edition 6,Beauty,Birthday,Partner,skincare beauty self care wellness,"Introverted, Intellectual",1800,"Hair Care Gift Set - Edition 6, curated for skincare lovers and suitable for birthday gifting."
Hair Care Gift Set - Edition 7,Beauty,Anniversary,Best Friend,skincare beauty self care wellness,"Funny, Trendy",1980,"Hair Care Gift Set - Edition 7, curated for skincare lovers and suitable for anniversary gifting."
Beauty Travel Pouch - Edition 1,Beauty,Wedding,Colleague,skincare beauty self care wellness,"Creative, Sentimental",900,"Beauty Travel Pouch - Edition 1, curated for skincare lovers and suitable for wedding gifting."
Beauty Travel Pouch - Edition 2,Beauty,Promotion,Classmate,skincare beauty self care wellness,"Romantic, Stylish",1080,"Beauty Travel Pouch - Edition 2, curated for skincare lovers and suitable for promotion gifting."
Beauty Travel Pouch - Edition 3,Beauty,Thank You,Mentor,skincare beauty self care wellness,"Practical, Minimalist",1260,"Beauty Travel Pouch - Edition 3, curated for skincare lovers and suitable for thank you gifting."
Beauty Travel Pouch - Edition 4,Beauty,Just Because,Partner,skincare beauty self care wellness,"Adventurous, Extroverted",1440,"Beauty Travel Pouch - Edition 4, curated for skincare lovers and suitable for just because gifting."
Beauty Travel Pouch - Edition 5,Beauty,Birthday,Best Friend,skincare beauty self care wellness,"Introverted, Intellectual",1620,"Beauty Travel Pouch - Edition 5, curated for skincare lovers and suitable for birthday gifting."
Beauty Travel Pouch - Edition 6,Beauty,Anniversary,Friend,skincare beauty self care wellness,"Funny, Trendy",1800,"Beauty Travel Pouch - Edition 6, curated for skincare lovers and suitable for anniversary gifting."
Beauty Travel Pouch - Edition 7,Beauty,Valentines Day,Sibling,skincare beauty self care wellness,"Techie, Practical",1980,"Beauty Travel Pouch - Edition 7, curated for skincare lovers and suitable for valentines day gifting."
Wireless Earbuds - Edition 1,Technology,Anniversary,Best Friend,technology gadgets productivity,"Romantic, Stylish",1200,"Wireless Earbuds - Edition 1, curated for technology lovers and suitable for anniversary gifting."
Wireless Earbuds - Edition 2,Technology,Valentines Day,Friend,technology gadgets productivity,"Practical, Minimalist",1440,"Wireless Earbuds - Edition 2, curated for technology lovers and suitable for valentines day gifting."
Wireless Earbuds - Edition 3,Technology,Graduation,Sibling,technology gadgets productivity,"Adventurous, Extroverted",1680,"Wireless Earbuds - Edition 3, curated for technology lovers and suitable for graduation gifting."
Wireless Earbuds - Edition 4,Technology,Housewarming,Parent,technology gadgets productivity,"Introverted, Intellectual",1920,"Wireless Earbuds - Edition 4, curated for technology lovers and suitable for housewarming gifting."
Wireless Earbuds - Edition 5,Technology,Farewell,Family,technology gadgets productivity,"Funny, Trendy",2160,"Wireless Earbuds - Edition 5, curated for technology lovers and suitable for farewell gifting."
Wireless Earbuds - Edition 6,Technology,Christmas,Colleague,technology gadgets productivity,"Techie, Practical",2400,"Wireless Earbuds - Edition 6, curated for technology lovers and suitable for christmas gifting."
Wireless Earbuds - Edition 7,Technology,Friendship Day,Classmate,technology gadgets productivity,"Classic, Sentimental",2640,"Wireless Earbuds - Edition 7, curated for technology lovers and suitable for friendship day gifting."
Portable Bluetooth Speaker - Edition 1,Technology,Valentines Day,Sibling,technology gadgets productivity,"Practical, Minimalist",1200,"Portable Bluetooth Speaker - Edition 1, curated for technology lovers and suitable for valentines day gifting."
Portable Bluetooth Speaker - Edition 2,Technology,Graduation,Parent,technology gadgets productivity,"Adventurous, Extroverted",1440,"Portable Bluetooth Speaker - Edition 2, curated for technology lovers and suitable for graduation gifting."
Portable Bluetooth Speaker - Edition 3,Technology,Housewarming,Family,technology gadgets productivity,"Introverted, Intellectual",1680,"Portable Bluetooth Speaker - Edition 3, curated for technology lovers and suitable for housewarming gifting."
Portable Bluetooth Speaker - Edition 4,Technology,Farewell,Colleague,technology gadgets productivity,"Funny, Trendy",1920,"Portable Bluetooth Speaker - Edition 4, curated for technology lovers and suitable for farewell gifting."
Portable Bluetooth Speaker - Edition 5,Technology,Christmas,Classmate,technology gadgets productivity,"Techie, Practical",2160,"Portable Bluetooth Speaker - Edition 5, curated for technology lovers and suitable for christmas gifting."
Portable Bluetooth Speaker - Edition 6,Technology,Friendship Day,Mentor,technology gadgets productivity,"Classic, Sentimental",2400,"Portable Bluetooth Speaker - Edition 6, curated for technology lovers and suitable for friendship day gifting."
Portable Bluetooth Speaker - Edition 7,Technology,Wedding,Partner,technology gadgets productivity,"Creative, Sentimental",2640,"Portable Bluetooth Speaker - Edition 7, curated for technology lovers and suitable for wedding gifting."
Smart Desk Lamp - Edition 1,Technology,Graduation,Family,technology gadgets productivity,"Adventurous, Extroverted",1200,"Smart Desk Lamp - Edition 1, curated for technology lovers and suitable for graduation gifting."
Smart Desk Lamp - Edition 2,Technology,Housewarming,Colleague,technology gadgets productivity,"Introverted, Intellectual",1440,"Smart Desk Lamp - Edition 2, curated for technology lovers and suitable for housewarming gifting."
Smart Desk Lamp - Edition 3,Technology,Farewell,Classmate,technology gadgets productivity,"Funny, Trendy",1680,"Smart Desk Lamp - Edition 3, curated for technology lovers and suitable for farewell gifting."
Smart Desk Lamp - Edition 4,Technology,Christmas,Mentor,technology gadgets productivity,"Techie, Practical",1920,"Smart Desk Lamp - Edition 4, curated for technology lovers and suitable for christmas gifting."
Smart Desk Lamp - Edition 5,Technology,Friendship Day,Partner,technology gadgets productivity,"Classic, Sentimental",2160,"Smart Desk Lamp - Edition 5, curated for technology lovers and suitable for friendship day gifting."
Smart Desk Lamp - Edition 6,Technology,Wedding,Best Friend,technology gadgets productivity,"Creative, Sentimental",2400,"Smart Desk Lamp - Edition 6, curated for technology lovers and suitable for wedding gifting."
Smart Desk Lamp - Edition 7,Technology,Promotion,Friend,technology gadgets productivity,"Romantic, Stylish",2640,"Smart Desk Lamp - Edition 7, curated for technology lovers and suitable for promotion gifting."
Phone Stand - Edition 1,Technology,Housewarming,Classmate,technology gadgets productivity,"Introverted, Intellectual",1200,"Phone Stand - Edition 1, curated for technology lovers and suitable for housewarming gifting."
Phone Stand - Edition 2,Technology,Farewell,Mentor,technology gadgets productivity,"Funny, Trendy",1440,"Phone Stand - Edition 2, curated for technology lovers and suitable for farewell gifting."
Phone Stand - Edition 3,Technology,Christmas,Partner,technology gadgets productivity,"Techie, Practical",1680,"Phone Stand - Edition 3, curated for technology lovers and suitable for christmas gifting."
Phone Stand - Edition 4,Technology,Friendship Day,Best Friend,technology gadgets productivity,"Classic, Sentimental",1920,"Phone Stand - Edition 4, curated for technology lovers and suitable for friendship day gifting."
Phone Stand - Edition 5,Technology,Wedding,Friend,technology gadgets productivity,"Creative, Sentimental",2160,"Phone Stand - Edition 5, curated for technology lovers and suitable for wedding gifting."
Phone Stand - Edition 6,Technology,Promotion,Sibling,technology gadgets productivity,"Romantic, Stylish",2400,"Phone Stand - Edition 6, curated for technology lovers and suitable for promotion gifting."
Phone Stand - Edition 7,Technology,Thank You,Parent,technology gadgets productivity,"Practical, Minimalist",2640,"Phone Stand - Edition 7, curated for technology lovers and suitable for thank you gifting."
Wireless Charging Pad - Edition 1,Technology,Farewell,Partner,technology gadgets productivity,"Funny, Trendy",1200,"Wireless Charging Pad - Edition 1, curated for technology lovers and suitable for farewell gifting."
Wireless Charging Pad - Edition 2,Technology,Christmas,Best Friend,technology gadgets productivity,"Techie, Practical",1440,"Wireless Charging Pad - Edition 2, curated for technology lovers and suitable for christmas gifting."
Wireless Charging Pad - Edition 3,Technology,Friendship Day,Friend,technology gadgets productivity,"Classic, Sentimental",1680,"Wireless Charging Pad - Edition 3, curated for technology lovers and suitable for friendship day gifting."
Wireless Charging Pad - Edition 4,Technology,Wedding,Sibling,technology gadgets productivity,"Creative, Sentimental",1920,"Wireless Charging Pad - Edition 4, curated for technology lovers and suitable for wedding gifting."
Wireless Charging Pad - Edition 5,Technology,Promotion,Parent,technology gadgets productivity,"Romantic, Stylish",2160,"Wireless Charging Pad - Edition 5, curated for technology lovers and suitable for promotion gifting."
Wireless Charging Pad - Edition 6,Technology,Thank You,Family,technology gadgets productivity,"Practical, Minimalist",2400,"Wireless Charging Pad - Edition 6, curated for technology lovers and suitable for thank you gifting."
Wireless Charging Pad - Edition 7,Technology,Just Because,Colleague,technology gadgets productivity,"Adventurous, Extroverted",2640,"Wireless Charging Pad - Edition 7, curated for technology lovers and suitable for just because gifting."
Laptop Sleeve - Edition 1,Technology,Christmas,Friend,technology gadgets productivity,"Techie, Practical",1200,"Laptop Sleeve - Edition 1, curated for technology lovers and suitable for christmas gifting."
Laptop Sleeve - Edition 2,Technology,Friendship Day,Sibling,technology gadgets productivity,"Classic, Sentimental",1440,"Laptop Sleeve - Edition 2, curated for technology lovers and suitable for friendship day gifting."
Laptop Sleeve - Edition 3,Technology,Wedding,Parent,technology gadgets productivity,"Creative, Sentimental",1680,"Laptop Sleeve - Edition 3, curated for technology lovers and suitable for wedding gifting."
Laptop Sleeve - Edition 4,Technology,Promotion,Family,technology gadgets productivity,"Romantic, Stylish",1920,"Laptop Sleeve - Edition 4, curated for technology lovers and suitable for promotion gifting."
Laptop Sleeve - Edition 5,Technology,Thank You,Colleague,technology gadgets productivity,"Practical, Minimalist",2160,"Laptop Sleeve - Edition 5, curated for technology lovers and suitable for thank you gifting."
Laptop Sleeve - Edition 6,Technology,Just Because,Classmate,technology gadgets productivity,"Adventurous, Extroverted",2400,"Laptop Sleeve - Edition 6, curated for technology lovers and suitable for just because gifting."
Laptop Sleeve - Edition 7,Technology,Birthday,Mentor,technology gadgets productivity,"Introverted, Intellectual",2640,"Laptop Sleeve - Edition 7, curated for technology lovers and suitable for birthday gifting."
Power Bank - Edition 1,Technology,Friendship Day,Parent,technology gadgets productivity,"Classic, Sentimental",1200,"Power Bank - Edition 1, curated for technology lovers and suitable for friendship day gifting."
Power Bank - Edition 2,Technology,Wedding,Family,technology gadgets productivity,"Creative, Sentimental",1440,"Power Bank - Edition 2, curated for technology lovers and suitable for wedding gifting."
Power Bank - Edition 3,Technology,Promotion,Colleague,technology gadgets productivity,"Romantic, Stylish",1680,"Power Bank - Edition 3, curated for technology lovers and suitable for promotion gifting."
Power Bank - Edition 4,Technology,Thank You,Classmate,technology gadgets productivity,"Practical, Minimalist",1920,"Power Bank - Edition 4, curated for technology lovers and suitable for thank you gifting."
Power Bank - Edition 5,Technology,Just Because,Mentor,technology gadgets productivity,"Adventurous, Extroverted",2160,"Power Bank - Edition 5, curated for technology lovers and suitable for just because gifting."
Power Bank - Edition 6,Technology,Birthday,Partner,technology gadgets productivity,"Introverted, Intellectual",2400,"Power Bank - Edition 6, curated for technology lovers and suitable for birthday gifting."
Power Bank - Edition 7,Technology,Anniversary,Best Friend,technology gadgets productivity,"Funny, Trendy",2640,"Power Bank - Edition 7, curated for technology lovers and suitable for anniversary gifting."
Mechanical Keyboard - Edition 1,Technology,Wedding,Colleague,technology gadgets productivity,"Creative, Sentimental",1200,"Mechanical Keyboard - Edition 1, curated for technology lovers and suitable for wedding gifting."
Mechanical Keyboard - Edition 2,Technology,Promotion,Classmate,technology gadgets productivity,"Romantic, Stylish",1440,"Mechanical Keyboard - Edition 2, curated for technology lovers and suitable for promotion gifting."
Mechanical Keyboard - Edition 3,Technology,Thank You,Mentor,technology gadgets productivity,"Practical, Minimalist",1680,"Mechanical Keyboard - Edition 3, curated for technology lovers and suitable for thank you gifting."
Mechanical Keyboard - Edition 4,Technology,Just Because,Partner,technology gadgets productivity,"Adventurous, Extroverted",1920,"Mechanical Keyboard - Edition 4, curated for technology lovers and suitable for just because gifting."
Mechanical Keyboard - Edition 5,Technology,Birthday,Best Friend,technology gadgets productivity,"Introverted, Intellectual",2160,"Mechanical Keyboard - Edition 5, curated for technology lovers and suitable for birthday gifting."
Mechanical Keyboard - Edition 6,Technology,Anniversary,Friend,technology gadgets productivity,"Funny, Trendy",2400,"Mechanical Keyboard - Edition 6, curated for technology lovers and suitable for anniversary gifting."
Mechanical Keyboard - Edition 7,Technology,Valentines Day,Sibling,technology gadgets productivity,"Techie, Practical",2640,"Mechanical Keyboard - Edition 7, curated for technology lovers and suitable for valentines day gifting."
Gaming Headset - Edition 1,Gaming,Anniversary,Best Friend,gaming esports technology entertainment,"Romantic, Stylish",1300,"Gaming Headset - Edition 1, curated for gaming lovers and suitable for anniversary gifting."
Gaming Headset - Edition 2,Gaming,Valentines Day,Friend,gaming esports technology entertainment,"Practical, Minimalist",1560,"Gaming Headset - Edition 2, curated for gaming lovers and suitable for valentines day gifting."
Gaming Headset - Edition 3,Gaming,Graduation,Sibling,gaming esports technology entertainment,"Adventurous, Extroverted",1820,"Gaming Headset - Edition 3, curated for gaming lovers and suitable for graduation gifting."
Gaming Headset - Edition 4,Gaming,Housewarming,Parent,gaming esports technology entertainment,"Introverted, Intellectual",2080,"Gaming Headset - Edition 4, curated for gaming lovers and suitable for housewarming gifting."
Gaming Headset - Edition 5,Gaming,Farewell,Family,gaming esports technology entertainment,"Funny, Trendy",2340,"Gaming Headset - Edition 5, curated for gaming lovers and suitable for farewell gifting."
Gaming Headset - Edition 6,Gaming,Christmas,Colleague,gaming esports technology entertainment,"Techie, Practical",2600,"Gaming Headset - Edition 6, curated for gaming lovers and suitable for christmas gifting."
Gaming Headset - Edition 7,Gaming,Friendship Day,Classmate,gaming esports technology entertainment,"Classic, Sentimental",2860,"Gaming Headset - Edition 7, curated for gaming lovers and suitable for friendship day gifting."
RGB Desk Light - Edition 1,Gaming,Valentines Day,Sibling,gaming esports technology entertainment,"Practical, Minimalist",1300,"RGB Desk Light - Edition 1, curated for gaming lovers and suitable for valentines day gifting."
RGB Desk Light - Edition 2,Gaming,Graduation,Parent,gaming esports technology entertainment,"Adventurous, Extroverted",1560,"RGB Desk Light - Edition 2, curated for gaming lovers and suitable for graduation gifting."
RGB Desk Light - Edition 3,Gaming,Housewarming,Family,gaming esports technology entertainment,"Introverted, Intellectual",1820,"RGB Desk Light - Edition 3, curated for gaming lovers and suitable for housewarming gifting."
RGB Desk Light - Edition 4,Gaming,Farewell,Colleague,gaming esports technology entertainment,"Funny, Trendy",2080,"RGB Desk Light - Edition 4, curated for gaming lovers and suitable for farewell gifting."
RGB Desk Light - Edition 5,Gaming,Christmas,Classmate,gaming esports technology entertainment,"Techie, Practical",2340,"RGB Desk Light - Edition 5, curated for gaming lovers and suitable for christmas gifting."
RGB Desk Light - Edition 6,Gaming,Friendship Day,Mentor,gaming esports technology entertainment,"Classic, Sentimental",2600,"RGB Desk Light - Edition 6, curated for gaming lovers and suitable for friendship day gifting."
RGB Desk Light - Edition 7,Gaming,Wedding,Partner,gaming esports technology entertainment,"Creative, Sentimental",2860,"RGB Desk Light - Edition 7, curated for gaming lovers and suitable for wedding gifting."
Controller Charging Dock - Edition 1,Gaming,Graduation,Family,gaming esports technology entertainment,"Adventurous, Extroverted",1300,"Controller Charging Dock - Edition 1, curated for gaming lovers and suitable for graduation gifting."
Controller Charging Dock - Edition 2,Gaming,Housewarming,Colleague,gaming esports technology entertainment,"Introverted, Intellectual",1560,"Controller Charging Dock - Edition 2, curated for gaming lovers and suitable for housewarming gifting."
Controller Charging Dock - Edition 3,Gaming,Farewell,Classmate,gaming esports technology entertainment,"Funny, Trendy",1820,"Controller Charging Dock - Edition 3, curated for gaming lovers and suitable for farewell gifting."
Controller Charging Dock - Edition 4,Gaming,Christmas,Mentor,gaming esports technology entertainment,"Techie, Practical",2080,"Controller Charging Dock - Edition 4, curated for gaming lovers and suitable for christmas gifting."
Controller Charging Dock - Edition 5,Gaming,Friendship Day,Partner,gaming esports technology entertainment,"Classic, Sentimental",2340,"Controller Charging Dock - Edition 5, curated for gaming lovers and suitable for friendship day gifting."
Controller Charging Dock - Edition 6,Gaming,Wedding,Best Friend,gaming esports technology entertainment,"Creative, Sentimental",2600,"Controller Charging Dock - Edition 6, curated for gaming lovers and suitable for wedding gifting."
Controller Charging Dock - Edition 7,Gaming,Promotion,Friend,gaming esports technology entertainment,"Romantic, Stylish",2860,"Controller Charging Dock - Edition 7, curated for gaming lovers and suitable for promotion gifting."
Gaming Mouse - Edition 1,Gaming,Housewarming,Classmate,gaming esports technology entertainment,"Introverted, Intellectual",1300,"Gaming Mouse - Edition 1, curated for gaming lovers and suitable for housewarming gifting."
Gaming Mouse - Edition 2,Gaming,Farewell,Mentor,gaming esports technology entertainment,"Funny, Trendy",1560,"Gaming Mouse - Edition 2, curated for gaming lovers and suitable for farewell gifting."
Gaming Mouse - Edition 3,Gaming,Christmas,Partner,gaming esports technology entertainment,"Techie, Practical",1820,"Gaming Mouse - Edition 3, curated for gaming lovers and suitable for christmas gifting."
Gaming Mouse - Edition 4,Gaming,Friendship Day,Best Friend,gaming esports technology entertainment,"Classic, Sentimental",2080,"Gaming Mouse - Edition 4, curated for gaming lovers and suitable for friendship day gifting."
Gaming Mouse - Edition 5,Gaming,Wedding,Friend,gaming esports technology entertainment,"Creative, Sentimental",2340,"Gaming Mouse - Edition 5, curated for gaming lovers and suitable for wedding gifting."
Gaming Mouse - Edition 6,Gaming,Promotion,Sibling,gaming esports technology entertainment,"Romantic, Stylish",2600,"Gaming Mouse - Edition 6, curated for gaming lovers and suitable for promotion gifting."
Gaming Mouse - Edition 7,Gaming,Thank You,Parent,gaming esports technology entertainment,"Practical, Minimalist",2860,"Gaming Mouse - Edition 7, curated for gaming lovers and suitable for thank you gifting."
Gaming Keyboard - Edition 1,Gaming,Farewell,Partner,gaming esports technology entertainment,"Funny, Trendy",1300,"Gaming Keyboard - Edition 1, curated for gaming lovers and suitable for farewell gifting."
Gaming Keyboard - Edition 2,Gaming,Christmas,Best Friend,gaming esports technology entertainment,"Techie, Practical",1560,"Gaming Keyboard - Edition 2, curated for gaming lovers and suitable for christmas gifting."
Gaming Keyboard - Edition 3,Gaming,Friendship Day,Friend,gaming esports technology entertainment,"Classic, Sentimental",1820,"Gaming Keyboard - Edition 3, curated for gaming lovers and suitable for friendship day gifting."
Gaming Keyboard - Edition 4,Gaming,Wedding,Sibling,gaming esports technology entertainment,"Creative, Sentimental",2080,"Gaming Keyboard - Edition 4, curated for gaming lovers and suitable for wedding gifting."
Gaming Keyboard - Edition 5,Gaming,Promotion,Parent,gaming esports technology entertainment,"Romantic, Stylish",2340,"Gaming Keyboard - Edition 5, curated for gaming lovers and suitable for promotion gifting."
Gaming Keyboard - Edition 6,Gaming,Thank You,Family,gaming esports technology entertainment,"Practical, Minimalist",2600,"Gaming Keyboard - Edition 6, curated for gaming lovers and suitable for thank you gifting."
Gaming Keyboard - Edition 7,Gaming,Just Because,Colleague,gaming esports technology entertainment,"Adventurous, Extroverted",2860,"Gaming Keyboard - Edition 7, curated for gaming lovers and suitable for just because gifting."
Desk Mat - Edition 1,Gaming,Christmas,Friend,gaming esports technology entertainment,"Techie, Practical",1300,"Desk Mat - Edition 1, curated for gaming lovers and suitable for christmas gifting."
Desk Mat - Edition 2,Gaming,Friendship Day,Sibling,gaming esports technology entertainment,"Classic, Sentimental",1560,"Desk Mat - Edition 2, curated for gaming lovers and suitable for friendship day gifting."
Desk Mat - Edition 3,Gaming,Wedding,Parent,gaming esports technology entertainment,"Creative, Sentimental",1820,"Desk Mat - Edition 3, curated for gaming lovers and suitable for wedding gifting."
Desk Mat - Edition 4,Gaming,Promotion,Family,gaming esports technology entertainment,"Romantic, Stylish",2080,"Desk Mat - Edition 4, curated for gaming lovers and suitable for promotion gifting."
Desk Mat - Edition 5,Gaming,Thank You,Colleague,gaming esports technology entertainment,"Practical, Minimalist",2340,"Desk Mat - Edition 5, curated for gaming lovers and suitable for thank you gifting."
Desk Mat - Edition 6,Gaming,Just Because,Classmate,gaming esports technology entertainment,"Adventurous, Extroverted",2600,"Desk Mat - Edition 6, curated for gaming lovers and suitable for just because gifting."
Desk Mat - Edition 7,Gaming,Birthday,Mentor,gaming esports technology entertainment,"Introverted, Intellectual",2860,"Desk Mat - Edition 7, curated for gaming lovers and suitable for birthday gifting."
Console Gift Card - Edition 1,Gaming,Friendship Day,Parent,gaming esports technology entertainment,"Classic, Sentimental",1300,"Console Gift Card - Edition 1, curated for gaming lovers and suitable for friendship day gifting."
Console Gift Card - Edition 2,Gaming,Wedding,Family,gaming esports technology entertainment,"Creative, Sentimental",1560,"Console Gift Card - Edition 2, curated for gaming lovers and suitable for wedding gifting."
Console Gift Card - Edition 3,Gaming,Promotion,Colleague,gaming esports technology entertainment,"Romantic, Stylish",1820,"Console Gift Card - Edition 3, curated for gaming lovers and suitable for promotion gifting."
Console Gift Card - Edition 4,Gaming,Thank You,Classmate,gaming esports technology entertainment,"Practical, Minimalist",2080,"Console Gift Card - Edition 4, curated for gaming lovers and suitable for thank you gifting."
Console Gift Card - Edition 5,Gaming,Just Because,Mentor,gaming esports technology entertainment,"Adventurous, Extroverted",2340,"Console Gift Card - Edition 5, curated for gaming lovers and suitable for just because gifting."
Console Gift Card - Edition 6,Gaming,Birthday,Partner,gaming esports technology entertainment,"Introverted, Intellectual",2600,"Console Gift Card - Edition 6, curated for gaming lovers and suitable for birthday gifting."
Console Gift Card - Edition 7,Gaming,Anniversary,Best Friend,gaming esports technology entertainment,"Funny, Trendy",2860,"Console Gift Card - Edition 7, curated for gaming lovers and suitable for anniversary gifting."
Game Night Bundle - Edition 1,Gaming,Wedding,Colleague,gaming esports technology entertainment,"Creative, Sentimental",1300,"Game Night Bundle - Edition 1, curated for gaming lovers and suitable for wedding gifting."
Game Night Bundle - Edition 2,Gaming,Promotion,Classmate,gaming esports technology entertainment,"Romantic, Stylish",1560,"Game Night Bundle - Edition 2, curated for gaming lovers and suitable for promotion gifting."
Game Night Bundle - Edition 3,Gaming,Thank You,Mentor,gaming esports technology entertainment,"Practical, Minimalist",1820,"Game Night Bundle - Edition 3, curated for gaming lovers and suitable for thank you gifting."
Game Night Bundle - Edition 4,Gaming,Just Because,Partner,gaming esports technology entertainment,"Adventurous, Extroverted",2080,"Game Night Bundle - Edition 4, curated for gaming lovers and suitable for just because gifting."
Game Night Bundle - Edition 5,Gaming,Birthday,Best Friend,gaming esports technology entertainment,"Introverted, Intellectual",2340,"Game Night Bundle - Edition 5, curated for gaming lovers and suitable for birthday gifting."
Game Night Bundle - Edition 6,Gaming,Anniversary,Friend,gaming esports technology entertainment,"Funny, Trendy",2600,"Game Night Bundle - Edition 6, curated for gaming lovers and suitable for anniversary gifting."
Game Night Bundle - Edition 7,Gaming,Valentines Day,Sibling,gaming esports technology entertainment,"Techie, Practical",2860,"Game Night Bundle - Edition 7, curated for gaming lovers and suitable for valentines day gifting."
Personalized Photo Album - Edition 1,Photography,Anniversary,Best Friend,photography memories creativity travel,"Romantic, Stylish",700,"Personalized Photo Album - Edition 1, curated for photography lovers and suitable for anniversary gifting."
Personalized Photo Album - Edition 2,Photography,Valentines Day,Friend,photography memories creativity travel,"Practical, Minimalist",840,"Personalized Photo Album - Edition 2, curated for photography lovers and suitable for valentines day gifting."
Personalized Photo Album - Edition 3,Photography,Graduation,Sibling,photography memories creativity travel,"Adventurous, Extroverted",980,"Personalized Photo Album - Edition 3, curated for photography lovers and suitable for graduation gifting."
Personalized Photo Album - Edition 4,Photography,Housewarming,Parent,photography memories creativity travel,"Introverted, Intellectual",1120,"Personalized Photo Album - Edition 4, curated for photography lovers and suitable for housewarming gifting."
Personalized Photo Album - Edition 5,Photography,Farewell,Family,photography memories creativity travel,"Funny, Trendy",1260,"Personalized Photo Album - Edition 5, curated for photography lovers and suitable for farewell gifting."
Personalized Photo Album - Edition 6,Photography,Christmas,Colleague,photography memories creativity travel,"Techie, Practical",1400,"Personalized Photo Album - Edition 6, curated for photography lovers and suitable for christmas gifting."
Personalized Photo Album - Edition 7,Photography,Friendship Day,Classmate,photography memories creativity travel,"Classic, Sentimental",1540,"Personalized Photo Album - Edition 7, curated for photography lovers and suitable for friendship day gifting."
Photo Frame Set - Edition 1,Photography,Valentines Day,Sibling,photography memories creativity travel,"Practical, Minimalist",700,"Photo Frame Set - Edition 1, curated for photography lovers and suitable for valentines day gifting."
Photo Frame Set - Edition 2,Photography,Graduation,Parent,photography memories creativity travel,"Adventurous, Extroverted",840,"Photo Frame Set - Edition 2, curated for photography lovers and suitable for graduation gifting."
Photo Frame Set - Edition 3,Photography,Housewarming,Family,photography memories creativity travel,"Introverted, Intellectual",980,"Photo Frame Set - Edition 3, curated for photography lovers and suitable for housewarming gifting."
Photo Frame Set - Edition 4,Photography,Farewell,Colleague,photography memories creativity travel,"Funny, Trendy",1120,"Photo Frame Set - Edition 4, curated for photography lovers and suitable for farewell gifting."
Photo Frame Set - Edition 5,Photography,Christmas,Classmate,photography memories creativity travel,"Techie, Practical",1260,"Photo Frame Set - Edition 5, curated for photography lovers and suitable for christmas gifting."
Photo Frame Set - Edition 6,Photography,Friendship Day,Mentor,photography memories creativity travel,"Classic, Sentimental",1400,"Photo Frame Set - Edition 6, curated for photography lovers and suitable for friendship day gifting."
Photo Frame Set - Edition 7,Photography,Wedding,Partner,photography memories creativity travel,"Creative, Sentimental",1540,"Photo Frame Set - Edition 7, curated for photography lovers and suitable for wedding gifting."
Mini Photo Printer - Edition 1,Photography,Graduation,Family,photography memories creativity travel,"Adventurous, Extroverted",700,"Mini Photo Printer - Edition 1, curated for photography lovers and suitable for graduation gifting."
Mini Photo Printer - Edition 2,Photography,Housewarming,Colleague,photography memories creativity travel,"Introverted, Intellectual",840,"Mini Photo Printer - Edition 2, curated for photography lovers and suitable for housewarming gifting."
Mini Photo Printer - Edition 3,Photography,Farewell,Classmate,photography memories creativity travel,"Funny, Trendy",980,"Mini Photo Printer - Edition 3, curated for photography lovers and suitable for farewell gifting."
Mini Photo Printer - Edition 4,Photography,Christmas,Mentor,photography memories creativity travel,"Techie, Practical",1120,"Mini Photo Printer - Edition 4, curated for photography lovers and suitable for christmas gifting."
Mini Photo Printer - Edition 5,Photography,Friendship Day,Partner,photography memories creativity travel,"Classic, Sentimental",1260,"Mini Photo Printer - Edition 5, curated for photography lovers and suitable for friendship day gifting."
Mini Photo Printer - Edition 6,Photography,Wedding,Best Friend,photography memories creativity travel,"Creative, Sentimental",1400,"Mini Photo Printer - Edition 6, curated for photography lovers and suitable for wedding gifting."
Mini Photo Printer - Edition 7,Photography,Promotion,Friend,photography memories creativity travel,"Romantic, Stylish",1540,"Mini Photo Printer - Edition 7, curated for photography lovers and suitable for promotion gifting."
Camera Strap - Edition 1,Photography,Housewarming,Classmate,photography memories creativity travel,"Introverted, Intellectual",700,"Camera Strap - Edition 1, curated for photography lovers and suitable for housewarming gifting."
Camera Strap - Edition 2,Photography,Farewell,Mentor,photography memories creativity travel,"Funny, Trendy",840,"Camera Strap - Edition 2, curated for photography lovers and suitable for farewell gifting."
Camera Strap - Edition 3,Photography,Christmas,Partner,photography memories creativity travel,"Techie, Practical",980,"Camera Strap - Edition 3, curated for photography lovers and suitable for christmas gifting."
Camera Strap - Edition 4,Photography,Friendship Day,Best Friend,photography memories creativity travel,"Classic, Sentimental",1120,"Camera Strap - Edition 4, curated for photography lovers and suitable for friendship day gifting."
Camera Strap - Edition 5,Photography,Wedding,Friend,photography memories creativity travel,"Creative, Sentimental",1260,"Camera Strap - Edition 5, curated for photography lovers and suitable for wedding gifting."
Camera Strap - Edition 6,Photography,Promotion,Sibling,photography memories creativity travel,"Romantic, Stylish",1400,"Camera Strap - Edition 6, curated for photography lovers and suitable for promotion gifting."
Camera Strap - Edition 7,Photography,Thank You,Parent,photography memories creativity travel,"Practical, Minimalist",1540,"Camera Strap - Edition 7, curated for photography lovers and suitable for thank you gifting."
Photography Notebook - Edition 1,Photography,Farewell,Partner,photography memories creativity travel,"Funny, Trendy",700,"Photography Notebook - Edition 1, curated for photography lovers and suitable for farewell gifting."
Photography Notebook - Edition 2,Photography,Christmas,Best Friend,photography memories creativity travel,"Techie, Practical",840,"Photography Notebook - Edition 2, curated for photography lovers and suitable for christmas gifting."
Photography Notebook - Edition 3,Photography,Friendship Day,Friend,photography memories creativity travel,"Classic, Sentimental",980,"Photography Notebook - Edition 3, curated for photography lovers and suitable for friendship day gifting."
Photography Notebook - Edition 4,Photography,Wedding,Sibling,photography memories creativity travel,"Creative, Sentimental",1120,"Photography Notebook - Edition 4, curated for photography lovers and suitable for wedding gifting."
Photography Notebook - Edition 5,Photography,Promotion,Parent,photography memories creativity travel,"Romantic, Stylish",1260,"Photography Notebook - Edition 5, curated for photography lovers and suitable for promotion gifting."
Photography Notebook - Edition 6,Photography,Thank You,Family,photography memories creativity travel,"Practical, Minimalist",1400,"Photography Notebook - Edition 6, curated for photography lovers and suitable for thank you gifting."
Photography Notebook - Edition 7,Photography,Just Because,Colleague,photography memories creativity travel,"Adventurous, Extroverted",1540,"Photography Notebook - Edition 7, curated for photography lovers and suitable for just because gifting."
Lens Cleaning Kit - Edition 1,Photography,Christmas,Friend,photography memories creativity travel,"Techie, Practical",700,"Lens Cleaning Kit - Edition 1, curated for photography lovers and suitable for christmas gifting."
Lens Cleaning Kit - Edition 2,Photography,Friendship Day,Sibling,photography memories creativity travel,"Classic, Sentimental",840,"Lens Cleaning Kit - Edition 2, curated for photography lovers and suitable for friendship day gifting."
Lens Cleaning Kit - Edition 3,Photography,Wedding,Parent,photography memories creativity travel,"Creative, Sentimental",980,"Lens Cleaning Kit - Edition 3, curated for photography lovers and suitable for wedding gifting."
Lens Cleaning Kit - Edition 4,Photography,Promotion,Family,photography memories creativity travel,"Romantic, Stylish",1120,"Lens Cleaning Kit - Edition 4, curated for photography lovers and suitable for promotion gifting."
Lens Cleaning Kit - Edition 5,Photography,Thank You,Colleague,photography memories creativity travel,"Practical, Minimalist",1260,"Lens Cleaning Kit - Edition 5, curated for photography lovers and suitable for thank you gifting."
Lens Cleaning Kit - Edition 6,Photography,Just Because,Classmate,photography memories creativity travel,"Adventurous, Extroverted",1400,"Lens Cleaning Kit - Edition 6, curated for photography lovers and suitable for just because gifting."
Lens Cleaning Kit - Edition 7,Photography,Birthday,Mentor,photography memories creativity travel,"Introverted, Intellectual",1540,"Lens Cleaning Kit - Edition 7, curated for photography lovers and suitable for birthday gifting."
Memory Card Case - Edition 1,Photography,Friendship Day,Parent,photography memories creativity travel,"Classic, Sentimental",700,"Memory Card Case - Edition 1, curated for photography lovers and suitable for friendship day gifting."
Memory Card Case - Edition 2,Photography,Wedding,Family,photography memories creativity travel,"Creative, Sentimental",840,"Memory Card Case - Edition 2, curated for photography lovers and suitable for wedding gifting."
Memory Card Case - Edition 3,Photography,Promotion,Colleague,photography memories creativity travel,"Romantic, Stylish",980,"Memory Card Case - Edition 3, curated for photography lovers and suitable for promotion gifting."
Memory Card Case - Edition 4,Photography,Thank You,Classmate,photography memories creativity travel,"Practical, Minimalist",1120,"Memory Card Case - Edition 4, curated for photography lovers and suitable for thank you gifting."
Memory Card Case - Edition 5,Photography,Just Because,Mentor,photography memories creativity travel,"Adventurous, Extroverted",1260,"Memory Card Case - Edition 5, curated for photography lovers and suitable for just because gifting."
Memory Card Case - Edition 6,Photography,Birthday,Partner,photography memories creativity travel,"Introverted, Intellectual",1400,"Memory Card Case - Edition 6, curated for photography lovers and suitable for birthday gifting."
Memory Card Case - Edition 7,Photography,Anniversary,Best Friend,photography memories creativity travel,"Funny, Trendy",1540,"Memory Card Case - Edition 7, curated for photography lovers and suitable for anniversary gifting."
Photo Wall Kit - Edition 1,Photography,Wedding,Colleague,photography memories creativity travel,"Creative, Sentimental",700,"Photo Wall Kit - Edition 1, curated for photography lovers and suitable for wedding gifting."
Photo Wall Kit - Edition 2,Photography,Promotion,Classmate,photography memories creativity travel,"Romantic, Stylish",840,"Photo Wall Kit - Edition 2, curated for photography lovers and suitable for promotion gifting."
Photo Wall Kit - Edition 3,Photography,Thank You,Mentor,photography memories creativity travel,"Practical, Minimalist",980,"Photo Wall Kit - Edition 3, curated for photography lovers and suitable for thank you gifting."
Photo Wall Kit - Edition 4,Photography,Just Because,Partner,photography memories creativity travel,"Adventurous, Extroverted",1120,"Photo Wall Kit - Edition 4, curated for photography lovers and suitable for just because gifting."
Photo Wall Kit - Edition 5,Photography,Birthday,Best Friend,photography memories creativity travel,"Introverted, Intellectual",1260,"Photo Wall Kit - Edition 5, curated for photography lovers and suitable for birthday gifting."
Photo Wall Kit - Edition 6,Photography,Anniversary,Friend,photography memories creativity travel,"Funny, Trendy",1400,"Photo Wall Kit - Edition 6, curated for photography lovers and suitable for anniversary gifting."
Photo Wall Kit - Edition 7,Photography,Valentines Day,Sibling,photography memories creativity travel,"Techie, Practical",1540,"Photo Wall Kit - Edition 7, curated for photography lovers and suitable for valentines day gifting."
Travel Organizer - Edition 1,Travel,Anniversary,Best Friend,travel adventure organization,"Romantic, Stylish",600,"Travel Organizer - Edition 1, curated for travel lovers and suitable for anniversary gifting."
Travel Organizer - Edition 2,Travel,Valentines Day,Friend,travel adventure organization,"Practical, Minimalist",720,"Travel Organizer - Edition 2, curated for travel lovers and suitable for valentines day gifting."
Travel Organizer - Edition 3,Travel,Graduation,Sibling,travel adventure organization,"Adventurous, Extroverted",840,"Travel Organizer - Edition 3, curated for travel lovers and suitable for graduation gifting."
Travel Organizer - Edition 4,Travel,Housewarming,Parent,travel adventure organization,"Introverted, Intellectual",960,"Travel Organizer - Edition 4, curated for travel lovers and suitable for housewarming gifting."
Travel Organizer - Edition 5,Travel,Farewell,Family,travel adventure organization,"Funny, Trendy",1080,"Travel Organizer - Edition 5, curated for travel lovers and suitable for farewell gifting."
Travel Organizer - Edition 6,Travel,Christmas,Colleague,travel adventure organization,"Techie, Practical",1200,"Travel Organizer - Edition 6, curated for travel lovers and suitable for christmas gifting."
Travel Organizer - Edition 7,Travel,Friendship Day,Classmate,travel adventure organization,"Classic, Sentimental",1320,"Travel Organizer - Edition 7, curated for travel lovers and suitable for friendship day gifting."
Passport Holder - Edition 1,Travel,Valentines Day,Sibling,travel adventure organization,"Practical, Minimalist",600,"Passport Holder - Edition 1, curated for travel lovers and suitable for valentines day gifting."
Passport Holder - Edition 2,Travel,Graduation,Parent,travel adventure organization,"Adventurous, Extroverted",720,"Passport Holder - Edition 2, curated for travel lovers and suitable for graduation gifting."
Passport Holder - Edition 3,Travel,Housewarming,Family,travel adventure organization,"Introverted, Intellectual",840,"Passport Holder - Edition 3, curated for travel lovers and suitable for housewarming gifting."
Passport Holder - Edition 4,Travel,Farewell,Colleague,travel adventure organization,"Funny, Trendy",960,"Passport Holder - Edition 4, curated for travel lovers and suitable for farewell gifting."
Passport Holder - Edition 5,Travel,Christmas,Classmate,travel adventure organization,"Techie, Practical",1080,"Passport Holder - Edition 5, curated for travel lovers and suitable for christmas gifting."
Passport Holder - Edition 6,Travel,Friendship Day,Mentor,travel adventure organization,"Classic, Sentimental",1200,"Passport Holder - Edition 6, curated for travel lovers and suitable for friendship day gifting."
Passport Holder - Edition 7,Travel,Wedding,Partner,travel adventure organization,"Creative, Sentimental",1320,"Passport Holder - Edition 7, curated for travel lovers and suitable for wedding gifting."
Travel Journal - Edition 1,Travel,Graduation,Family,travel adventure organization,"Adventurous, Extroverted",600,"Travel Journal - Edition 1, curated for travel lovers and suitable for graduation gifting."
Travel Journal - Edition 2,Travel,Housewarming,Colleague,travel adventure organization,"Introverted, Intellectual",720,"Travel Journal - Edition 2, curated for travel lovers and suitable for housewarming gifting."
Travel Journal - Edition 3,Travel,Farewell,Classmate,travel adventure organization,"Funny, Trendy",840,"Travel Journal - Edition 3, curated for travel lovers and suitable for farewell gifting."
Travel Journal - Edition 4,Travel,Christmas,Mentor,travel adventure organization,"Techie, Practical",960,"Travel Journal - Edition 4, curated for travel lovers and suitable for christmas gifting."
Travel Journal - Edition 5,Travel,Friendship Day,Partner,travel adventure organization,"Classic, Sentimental",1080,"Travel Journal - Edition 5, curated for travel lovers and suitable for friendship day gifting."
Travel Journal - Edition 6,Travel,Wedding,Best Friend,travel adventure organization,"Creative, Sentimental",1200,"Travel Journal - Edition 6, curated for travel lovers and suitable for wedding gifting."
Travel Journal - Edition 7,Travel,Promotion,Friend,travel adventure organization,"Romantic, Stylish",1320,"Travel Journal - Edition 7, curated for travel lovers and suitable for promotion gifting."
Weekender Bag - Edition 1,Travel,Housewarming,Classmate,travel adventure organization,"Introverted, Intellectual",600,"Weekender Bag - Edition 1, curated for travel lovers and suitable for housewarming gifting."
Weekender Bag - Edition 2,Travel,Farewell,Mentor,travel adventure organization,"Funny, Trendy",720,"Weekender Bag - Edition 2, curated for travel lovers and suitable for farewell gifting."
Weekender Bag - Edition 3,Travel,Christmas,Partner,travel adventure organization,"Techie, Practical",840,"Weekender Bag - Edition 3, curated for travel lovers and suitable for christmas gifting."
Weekender Bag - Edition 4,Travel,Friendship Day,Best Friend,travel adventure organization,"Classic, Sentimental",960,"Weekender Bag - Edition 4, curated for travel lovers and suitable for friendship day gifting."
Weekender Bag - Edition 5,Travel,Wedding,Friend,travel adventure organization,"Creative, Sentimental",1080,"Weekender Bag - Edition 5, curated for travel lovers and suitable for wedding gifting."
Weekender Bag - Edition 6,Travel,Promotion,Sibling,travel adventure organization,"Romantic, Stylish",1200,"Weekender Bag - Edition 6, curated for travel lovers and suitable for promotion gifting."
Weekender Bag - Edition 7,Travel,Thank You,Parent,travel adventure organization,"Practical, Minimalist",1320,"Weekender Bag - Edition 7, curated for travel lovers and suitable for thank you gifting."
Luggage Tag Set - Edition 1,Travel,Farewell,Partner,travel adventure organization,"Funny, Trendy",600,"Luggage Tag Set - Edition 1, curated for travel lovers and suitable for farewell gifting."
Luggage Tag Set - Edition 2,Travel,Christmas,Best Friend,travel adventure organization,"Techie, Practical",720,"Luggage Tag Set - Edition 2, curated for travel lovers and suitable for christmas gifting."
Luggage Tag Set - Edition 3,Travel,Friendship Day,Friend,travel adventure organization,"Classic, Sentimental",840,"Luggage Tag Set - Edition 3, curated for travel lovers and suitable for friendship day gifting."
Luggage Tag Set - Edition 4,Travel,Wedding,Sibling,travel adventure organization,"Creative, Sentimental",960,"Luggage Tag Set - Edition 4, curated for travel lovers and suitable for wedding gifting."
Luggage Tag Set - Edition 5,Travel,Promotion,Parent,travel adventure organization,"Romantic, Stylish",1080,"Luggage Tag Set - Edition 5, curated for travel lovers and suitable for promotion gifting."
Luggage Tag Set - Edition 6,Travel,Thank You,Family,travel adventure organization,"Practical, Minimalist",1200,"Luggage Tag Set - Edition 6, curated for travel lovers and suitable for thank you gifting."
Luggage Tag Set - Edition 7,Travel,Just Because,Colleague,travel adventure organization,"Adventurous, Extroverted",1320,"Luggage Tag Set - Edition 7, curated for travel lovers and suitable for just because gifting."
Compact Travel Pillow - Edition 1,Travel,Christmas,Friend,travel adventure organization,"Techie, Practical",600,"Compact Travel Pillow - Edition 1, curated for travel lovers and suitable for christmas gifting."
Compact Travel Pillow - Edition 2,Travel,Friendship Day,Sibling,travel adventure organization,"Classic, Sentimental",720,"Compact Travel Pillow - Edition 2, curated for travel lovers and suitable for friendship day gifting."
Compact Travel Pillow - Edition 3,Travel,Wedding,Parent,travel adventure organization,"Creative, Sentimental",840,"Compact Travel Pillow - Edition 3, curated for travel lovers and suitable for wedding gifting."
Compact Travel Pillow - Edition 4,Travel,Promotion,Family,travel adventure organization,"Romantic, Stylish",960,"Compact Travel Pillow - Edition 4, curated for travel lovers and suitable for promotion gifting."
Compact Travel Pillow - Edition 5,Travel,Thank You,Colleague,travel adventure organization,"Practical, Minimalist",1080,"Compact Travel Pillow - Edition 5, curated for travel lovers and suitable for thank you gifting."
Compact Travel Pillow - Edition 6,Travel,Just Because,Classmate,travel adventure organization,"Adventurous, Extroverted",1200,"Compact Travel Pillow - Edition 6, curated for travel lovers and suitable for just because gifting."
Compact Travel Pillow - Edition 7,Travel,Birthday,Mentor,travel adventure organization,"Introverted, Intellectual",1320,"Compact Travel Pillow - Edition 7, curated for travel lovers and suitable for birthday gifting."
Packing Cube Set - Edition 1,Travel,Friendship Day,Parent,travel adventure organization,"Classic, Sentimental",600,"Packing Cube Set - Edition 1, curated for travel lovers and suitable for friendship day gifting."
Packing Cube Set - Edition 2,Travel,Wedding,Family,travel adventure organization,"Creative, Sentimental",720,"Packing Cube Set - Edition 2, curated for travel lovers and suitable for wedding gifting."
Packing Cube Set - Edition 3,Travel,Promotion,Colleague,travel adventure organization,"Romantic, Stylish",840,"Packing Cube Set - Edition 3, curated for travel lovers and suitable for promotion gifting."
Packing Cube Set - Edition 4,Travel,Thank You,Classmate,travel adventure organization,"Practical, Minimalist",960,"Packing Cube Set - Edition 4, curated for travel lovers and suitable for thank you gifting."
Packing Cube Set - Edition 5,Travel,Just Because,Mentor,travel adventure organization,"Adventurous, Extroverted",1080,"Packing Cube Set - Edition 5, curated for travel lovers and suitable for just because gifting."
Packing Cube Set - Edition 6,Travel,Birthday,Partner,travel adventure organization,"Introverted, Intellectual",1200,"Packing Cube Set - Edition 6, curated for travel lovers and suitable for birthday gifting."
Packing Cube Set - Edition 7,Travel,Anniversary,Best Friend,travel adventure organization,"Funny, Trendy",1320,"Packing Cube Set - Edition 7, curated for travel lovers and suitable for anniversary gifting."
Travel Toiletry Kit - Edition 1,Travel,Wedding,Colleague,travel adventure organization,"Creative, Sentimental",600,"Travel Toiletry Kit - Edition 1, curated for travel lovers and suitable for wedding gifting."
Travel Toiletry Kit - Edition 2,Travel,Promotion,Classmate,travel adventure organization,"Romantic, Stylish",720,"Travel Toiletry Kit - Edition 2, curated for travel lovers and suitable for promotion gifting."
Travel Toiletry Kit - Edition 3,Travel,Thank You,Mentor,travel adventure organization,"Practical, Minimalist",840,"Travel Toiletry Kit - Edition 3, curated for travel lovers and suitable for thank you gifting."
Travel Toiletry Kit - Edition 4,Travel,Just Because,Partner,travel adventure organization,"Adventurous, Extroverted",960,"Travel Toiletry Kit - Edition 4, curated for travel lovers and suitable for just because gifting."
Travel Toiletry Kit - Edition 5,Travel,Birthday,Best Friend,travel adventure organization,"Introverted, Intellectual",1080,"Travel Toiletry Kit - Edition 5, curated for travel lovers and suitable for birthday gifting."
Travel Toiletry Kit - Edition 6,Travel,Anniversary,Friend,travel adventure organization,"Funny, Trendy",1200,"Travel Toiletry Kit - Edition 6, curated for travel lovers and suitable for anniversary gifting."
Travel Toiletry Kit - Edition 7,Travel,Valentines Day,Sibling,travel adventure organization,"Techie, Practical",1320,"Travel Toiletry Kit - Edition 7, curated for travel lovers and suitable for valentines day gifting."
Resistance Band Set - Edition 1,Fitness,Anniversary,Best Friend,fitness health gym wellness,"Romantic, Stylish",700,"Resistance Band Set - Edition 1, curated for fitness lovers and suitable for anniversary gifting."
Resistance Band Set - Edition 2,Fitness,Valentines Day,Friend,fitness health gym wellness,"Practical, Minimalist",840,"Resistance Band Set - Edition 2, curated for fitness lovers and suitable for valentines day gifting."
Resistance Band Set - Edition 3,Fitness,Graduation,Sibling,fitness health gym wellness,"Adventurous, Extroverted",980,"Resistance Band Set - Edition 3, curated for fitness lovers and suitable for graduation gifting."
Resistance Band Set - Edition 4,Fitness,Housewarming,Parent,fitness health gym wellness,"Introverted, Intellectual",1120,"Resistance Band Set - Edition 4, curated for fitness lovers and suitable for housewarming gifting."
Resistance Band Set - Edition 5,Fitness,Farewell,Family,fitness health gym wellness,"Funny, Trendy",1260,"Resistance Band Set - Edition 5, curated for fitness lovers and suitable for farewell gifting."
Resistance Band Set - Edition 6,Fitness,Christmas,Colleague,fitness health gym wellness,"Techie, Practical",1400,"Resistance Band Set - Edition 6, curated for fitness lovers and suitable for christmas gifting."
Resistance Band Set - Edition 7,Fitness,Friendship Day,Classmate,fitness health gym wellness,"Classic, Sentimental",1540,"Resistance Band Set - Edition 7, curated for fitness lovers and suitable for friendship day gifting."
Insulated Gym Bottle - Edition 1,Fitness,Valentines Day,Sibling,fitness health gym wellness,"Practical, Minimalist",700,"Insulated Gym Bottle - Edition 1, curated for fitness lovers and suitable for valentines day gifting."
Insulated Gym Bottle - Edition 2,Fitness,Graduation,Parent,fitness health gym wellness,"Adventurous, Extroverted",840,"Insulated Gym Bottle - Edition 2, curated for fitness lovers and suitable for graduation gifting."
Insulated Gym Bottle - Edition 3,Fitness,Housewarming,Family,fitness health gym wellness,"Introverted, Intellectual",980,"Insulated Gym Bottle - Edition 3, curated for fitness lovers and suitable for housewarming gifting."
Insulated Gym Bottle - Edition 4,Fitness,Farewell,Colleague,fitness health gym wellness,"Funny, Trendy",1120,"Insulated Gym Bottle - Edition 4, curated for fitness lovers and suitable for farewell gifting."
Insulated Gym Bottle - Edition 5,Fitness,Christmas,Classmate,fitness health gym wellness,"Techie, Practical",1260,"Insulated Gym Bottle - Edition 5, curated for fitness lovers and suitable for christmas gifting."
Insulated Gym Bottle - Edition 6,Fitness,Friendship Day,Mentor,fitness health gym wellness,"Classic, Sentimental",1400,"Insulated Gym Bottle - Edition 6, curated for fitness lovers and suitable for friendship day gifting."
Insulated Gym Bottle - Edition 7,Fitness,Wedding,Partner,fitness health gym wellness,"Creative, Sentimental",1540,"Insulated Gym Bottle - Edition 7, curated for fitness lovers and suitable for wedding gifting."
Yoga Mat - Edition 1,Fitness,Graduation,Family,fitness health gym wellness,"Adventurous, Extroverted",700,"Yoga Mat - Edition 1, curated for fitness lovers and suitable for graduation gifting."
Yoga Mat - Edition 2,Fitness,Housewarming,Colleague,fitness health gym wellness,"Introverted, Intellectual",840,"Yoga Mat - Edition 2, curated for fitness lovers and suitable for housewarming gifting."
Yoga Mat - Edition 3,Fitness,Farewell,Classmate,fitness health gym wellness,"Funny, Trendy",980,"Yoga Mat - Edition 3, curated for fitness lovers and suitable for farewell gifting."
Yoga Mat - Edition 4,Fitness,Christmas,Mentor,fitness health gym wellness,"Techie, Practical",1120,"Yoga Mat - Edition 4, curated for fitness lovers and suitable for christmas gifting."
Yoga Mat - Edition 5,Fitness,Friendship Day,Partner,fitness health gym wellness,"Classic, Sentimental",1260,"Yoga Mat - Edition 5, curated for fitness lovers and suitable for friendship day gifting."
Yoga Mat - Edition 6,Fitness,Wedding,Best Friend,fitness health gym wellness,"Creative, Sentimental",1400,"Yoga Mat - Edition 6, curated for fitness lovers and suitable for wedding gifting."
Yoga Mat - Edition 7,Fitness,Promotion,Friend,fitness health gym wellness,"Romantic, Stylish",1540,"Yoga Mat - Edition 7, curated for fitness lovers and suitable for promotion gifting."
Fitness Journal - Edition 1,Fitness,Housewarming,Classmate,fitness health gym wellness,"Introverted, Intellectual",700,"Fitness Journal - Edition 1, curated for fitness lovers and suitable for housewarming gifting."
Fitness Journal - Edition 2,Fitness,Farewell,Mentor,fitness health gym wellness,"Funny, Trendy",840,"Fitness Journal - Edition 2, curated for fitness lovers and suitable for farewell gifting."
Fitness Journal - Edition 3,Fitness,Christmas,Partner,fitness health gym wellness,"Techie, Practical",980,"Fitness Journal - Edition 3, curated for fitness lovers and suitable for christmas gifting."
Fitness Journal - Edition 4,Fitness,Friendship Day,Best Friend,fitness health gym wellness,"Classic, Sentimental",1120,"Fitness Journal - Edition 4, curated for fitness lovers and suitable for friendship day gifting."
Fitness Journal - Edition 5,Fitness,Wedding,Friend,fitness health gym wellness,"Creative, Sentimental",1260,"Fitness Journal - Edition 5, curated for fitness lovers and suitable for wedding gifting."
Fitness Journal - Edition 6,Fitness,Promotion,Sibling,fitness health gym wellness,"Romantic, Stylish",1400,"Fitness Journal - Edition 6, curated for fitness lovers and suitable for promotion gifting."
Fitness Journal - Edition 7,Fitness,Thank You,Parent,fitness health gym wellness,"Practical, Minimalist",1540,"Fitness Journal - Edition 7, curated for fitness lovers and suitable for thank you gifting."
Gym Towel Set - Edition 1,Fitness,Farewell,Partner,fitness health gym wellness,"Funny, Trendy",700,"Gym Towel Set - Edition 1, curated for fitness lovers and suitable for farewell gifting."
Gym Towel Set - Edition 2,Fitness,Christmas,Best Friend,fitness health gym wellness,"Techie, Practical",840,"Gym Towel Set - Edition 2, curated for fitness lovers and suitable for christmas gifting."
Gym Towel Set - Edition 3,Fitness,Friendship Day,Friend,fitness health gym wellness,"Classic, Sentimental",980,"Gym Towel Set - Edition 3, curated for fitness lovers and suitable for friendship day gifting."
Gym Towel Set - Edition 4,Fitness,Wedding,Sibling,fitness health gym wellness,"Creative, Sentimental",1120,"Gym Towel Set - Edition 4, curated for fitness lovers and suitable for wedding gifting."
Gym Towel Set - Edition 5,Fitness,Promotion,Parent,fitness health gym wellness,"Romantic, Stylish",1260,"Gym Towel Set - Edition 5, curated for fitness lovers and suitable for promotion gifting."
Gym Towel Set - Edition 6,Fitness,Thank You,Family,fitness health gym wellness,"Practical, Minimalist",1400,"Gym Towel Set - Edition 6, curated for fitness lovers and suitable for thank you gifting."
Gym Towel Set - Edition 7,Fitness,Just Because,Colleague,fitness health gym wellness,"Adventurous, Extroverted",1540,"Gym Towel Set - Edition 7, curated for fitness lovers and suitable for just because gifting."
Workout Gloves - Edition 1,Fitness,Christmas,Friend,fitness health gym wellness,"Techie, Practical",700,"Workout Gloves - Edition 1, curated for fitness lovers and suitable for christmas gifting."
Workout Gloves - Edition 2,Fitness,Friendship Day,Sibling,fitness health gym wellness,"Classic, Sentimental",840,"Workout Gloves - Edition 2, curated for fitness lovers and suitable for friendship day gifting."
Workout Gloves - Edition 3,Fitness,Wedding,Parent,fitness health gym wellness,"Creative, Sentimental",980,"Workout Gloves - Edition 3, curated for fitness lovers and suitable for wedding gifting."
Workout Gloves - Edition 4,Fitness,Promotion,Family,fitness health gym wellness,"Romantic, Stylish",1120,"Workout Gloves - Edition 4, curated for fitness lovers and suitable for promotion gifting."
Workout Gloves - Edition 5,Fitness,Thank You,Colleague,fitness health gym wellness,"Practical, Minimalist",1260,"Workout Gloves - Edition 5, curated for fitness lovers and suitable for thank you gifting."
Workout Gloves - Edition 6,Fitness,Just Because,Classmate,fitness health gym wellness,"Adventurous, Extroverted",1400,"Workout Gloves - Edition 6, curated for fitness lovers and suitable for just because gifting."
Workout Gloves - Edition 7,Fitness,Birthday,Mentor,fitness health gym wellness,"Introverted, Intellectual",1540,"Workout Gloves - Edition 7, curated for fitness lovers and suitable for birthday gifting."
Skipping Rope - Edition 1,Fitness,Friendship Day,Parent,fitness health gym wellness,"Classic, Sentimental",700,"Skipping Rope - Edition 1, curated for fitness lovers and suitable for friendship day gifting."
Skipping Rope - Edition 2,Fitness,Wedding,Family,fitness health gym wellness,"Creative, Sentimental",840,"Skipping Rope - Edition 2, curated for fitness lovers and suitable for wedding gifting."
Skipping Rope - Edition 3,Fitness,Promotion,Colleague,fitness health gym wellness,"Romantic, Stylish",980,"Skipping Rope - Edition 3, curated for fitness lovers and suitable for promotion gifting."
Skipping Rope - Edition 4,Fitness,Thank You,Classmate,fitness health gym wellness,"Practical, Minimalist",1120,"Skipping Rope - Edition 4, curated for fitness lovers and suitable for thank you gifting."
Skipping Rope - Edition 5,Fitness,Just Because,Mentor,fitness health gym wellness,"Adventurous, Extroverted",1260,"Skipping Rope - Edition 5, curated for fitness lovers and suitable for just because gifting."
Skipping Rope - Edition 6,Fitness,Birthday,Partner,fitness health gym wellness,"Introverted, Intellectual",1400,"Skipping Rope - Edition 6, curated for fitness lovers and suitable for birthday gifting."
Skipping Rope - Edition 7,Fitness,Anniversary,Best Friend,fitness health gym wellness,"Funny, Trendy",1540,"Skipping Rope - Edition 7, curated for fitness lovers and suitable for anniversary gifting."
Recovery Roller - Edition 1,Fitness,Wedding,Colleague,fitness health gym wellness,"Creative, Sentimental",700,"Recovery Roller - Edition 1, curated for fitness lovers and suitable for wedding gifting."
Recovery Roller - Edition 2,Fitness,Promotion,Classmate,fitness health gym wellness,"Romantic, Stylish",840,"Recovery Roller - Edition 2, curated for fitness lovers and suitable for promotion gifting."
Recovery Roller - Edition 3,Fitness,Thank You,Mentor,fitness health gym wellness,"Practical, Minimalist",980,"Recovery Roller - Edition 3, curated for fitness lovers and suitable for thank you gifting."
Recovery Roller - Edition 4,Fitness,Just Because,Partner,fitness health gym wellness,"Adventurous, Extroverted",1120,"Recovery Roller - Edition 4, curated for fitness lovers and suitable for just because gifting."
Recovery Roller - Edition 5,Fitness,Birthday,Best Friend,fitness health gym wellness,"Introverted, Intellectual",1260,"Recovery Roller - Edition 5, curated for fitness lovers and suitable for birthday gifting."
Recovery Roller - Edition 6,Fitness,Anniversary,Friend,fitness health gym wellness,"Funny, Trendy",1400,"Recovery Roller - Edition 6, curated for fitness lovers and suitable for anniversary gifting."
Recovery Roller - Edition 7,Fitness,Valentines Day,Sibling,fitness health gym wellness,"Techie, Practical",1540,"Recovery Roller - Edition 7, curated for fitness lovers and suitable for valentines day gifting."
Scented Candle Set - Edition 1,Home,Anniversary,Best Friend,home decor comfort lifestyle,"Romantic, Stylish",650,"Scented Candle Set - Edition 1, curated for home lovers and suitable for anniversary gifting."
Scented Candle Set - Edition 2,Home,Valentines Day,Friend,home decor comfort lifestyle,"Practical, Minimalist",780,"Scented Candle Set - Edition 2, curated for home lovers and suitable for valentines day gifting."
Scented Candle Set - Edition 3,Home,Graduation,Sibling,home decor comfort lifestyle,"Adventurous, Extroverted",910,"Scented Candle Set - Edition 3, curated for home lovers and suitable for graduation gifting."
Scented Candle Set - Edition 4,Home,Housewarming,Parent,home decor comfort lifestyle,"Introverted, Intellectual",1040,"Scented Candle Set - Edition 4, curated for home lovers and suitable for housewarming gifting."
Scented Candle Set - Edition 5,Home,Farewell,Family,home decor comfort lifestyle,"Funny, Trendy",1170,"Scented Candle Set - Edition 5, curated for home lovers and suitable for farewell gifting."
Scented Candle Set - Edition 6,Home,Christmas,Colleague,home decor comfort lifestyle,"Techie, Practical",1300,"Scented Candle Set - Edition 6, curated for home lovers and suitable for christmas gifting."
Scented Candle Set - Edition 7,Home,Friendship Day,Classmate,home decor comfort lifestyle,"Classic, Sentimental",1430,"Scented Candle Set - Edition 7, curated for home lovers and suitable for friendship day gifting."
Decorative Plant Pot - Edition 1,Home,Valentines Day,Sibling,home decor comfort lifestyle,"Practical, Minimalist",650,"Decorative Plant Pot - Edition 1, curated for home lovers and suitable for valentines day gifting."
Decorative Plant Pot - Edition 2,Home,Graduation,Parent,home decor comfort lifestyle,"Adventurous, Extroverted",780,"Decorative Plant Pot - Edition 2, curated for home lovers and suitable for graduation gifting."
Decorative Plant Pot - Edition 3,Home,Housewarming,Family,home decor comfort lifestyle,"Introverted, Intellectual",910,"Decorative Plant Pot - Edition 3, curated for home lovers and suitable for housewarming gifting."
Decorative Plant Pot - Edition 4,Home,Farewell,Colleague,home decor comfort lifestyle,"Funny, Trendy",1040,"Decorative Plant Pot - Edition 4, curated for home lovers and suitable for farewell gifting."
Decorative Plant Pot - Edition 5,Home,Christmas,Classmate,home decor comfort lifestyle,"Techie, Practical",1170,"Decorative Plant Pot - Edition 5, curated for home lovers and suitable for christmas gifting."
Decorative Plant Pot - Edition 6,Home,Friendship Day,Mentor,home decor comfort lifestyle,"Classic, Sentimental",1300,"Decorative Plant Pot - Edition 6, curated for home lovers and suitable for friendship day gifting."
Decorative Plant Pot - Edition 7,Home,Wedding,Partner,home decor comfort lifestyle,"Creative, Sentimental",1430,"Decorative Plant Pot - Edition 7, curated for home lovers and suitable for wedding gifting."
Photo Cushion - Edition 1,Home,Graduation,Family,home decor comfort lifestyle,"Adventurous, Extroverted",650,"Photo Cushion - Edition 1, curated for home lovers and suitable for graduation gifting."
Photo Cushion - Edition 2,Home,Housewarming,Colleague,home decor comfort lifestyle,"Introverted, Intellectual",780,"Photo Cushion - Edition 2, curated for home lovers and suitable for housewarming gifting."
Photo Cushion - Edition 3,Home,Farewell,Classmate,home decor comfort lifestyle,"Funny, Trendy",910,"Photo Cushion - Edition 3, curated for home lovers and suitable for farewell gifting."
Photo Cushion - Edition 4,Home,Christmas,Mentor,home decor comfort lifestyle,"Techie, Practical",1040,"Photo Cushion - Edition 4, curated for home lovers and suitable for christmas gifting."
Photo Cushion - Edition 5,Home,Friendship Day,Partner,home decor comfort lifestyle,"Classic, Sentimental",1170,"Photo Cushion - Edition 5, curated for home lovers and suitable for friendship day gifting."
Photo Cushion - Edition 6,Home,Wedding,Best Friend,home decor comfort lifestyle,"Creative, Sentimental",1300,"Photo Cushion - Edition 6, curated for home lovers and suitable for wedding gifting."
Photo Cushion - Edition 7,Home,Promotion,Friend,home decor comfort lifestyle,"Romantic, Stylish",1430,"Photo Cushion - Edition 7, curated for home lovers and suitable for promotion gifting."
Cozy Throw Blanket - Edition 1,Home,Housewarming,Classmate,home decor comfort lifestyle,"Introverted, Intellectual",650,"Cozy Throw Blanket - Edition 1, curated for home lovers and suitable for housewarming gifting."
Cozy Throw Blanket - Edition 2,Home,Farewell,Mentor,home decor comfort lifestyle,"Funny, Trendy",780,"Cozy Throw Blanket - Edition 2, curated for home lovers and suitable for farewell gifting."
Cozy Throw Blanket - Edition 3,Home,Christmas,Partner,home decor comfort lifestyle,"Techie, Practical",910,"Cozy Throw Blanket - Edition 3, curated for home lovers and suitable for christmas gifting."
Cozy Throw Blanket - Edition 4,Home,Friendship Day,Best Friend,home decor comfort lifestyle,"Classic, Sentimental",1040,"Cozy Throw Blanket - Edition 4, curated for home lovers and suitable for friendship day gifting."
Cozy Throw Blanket - Edition 5,Home,Wedding,Friend,home decor comfort lifestyle,"Creative, Sentimental",1170,"Cozy Throw Blanket - Edition 5, curated for home lovers and suitable for wedding gifting."
Cozy Throw Blanket - Edition 6,Home,Promotion,Sibling,home decor comfort lifestyle,"Romantic, Stylish",1300,"Cozy Throw Blanket - Edition 6, curated for home lovers and suitable for promotion gifting."
Cozy Throw Blanket - Edition 7,Home,Thank You,Parent,home decor comfort lifestyle,"Practical, Minimalist",1430,"Cozy Throw Blanket - Edition 7, curated for home lovers and suitable for thank you gifting."
Desk Organizer - Edition 1,Home,Farewell,Partner,home decor comfort lifestyle,"Funny, Trendy",650,"Desk Organizer - Edition 1, curated for home lovers and suitable for farewell gifting."
Desk Organizer - Edition 2,Home,Christmas,Best Friend,home decor comfort lifestyle,"Techie, Practical",780,"Desk Organizer - Edition 2, curated for home lovers and suitable for christmas gifting."
Desk Organizer - Edition 3,Home,Friendship Day,Friend,home decor comfort lifestyle,"Classic, Sentimental",910,"Desk Organizer - Edition 3, curated for home lovers and suitable for friendship day gifting."
Desk Organizer - Edition 4,Home,Wedding,Sibling,home decor comfort lifestyle,"Creative, Sentimental",1040,"Desk Organizer - Edition 4, curated for home lovers and suitable for wedding gifting."
Desk Organizer - Edition 5,Home,Promotion,Parent,home decor comfort lifestyle,"Romantic, Stylish",1170,"Desk Organizer - Edition 5, curated for home lovers and suitable for promotion gifting."
Desk Organizer - Edition 6,Home,Thank You,Family,home decor comfort lifestyle,"Practical, Minimalist",1300,"Desk Organizer - Edition 6, curated for home lovers and suitable for thank you gifting."
Desk Organizer - Edition 7,Home,Just Because,Colleague,home decor comfort lifestyle,"Adventurous, Extroverted",1430,"Desk Organizer - Edition 7, curated for home lovers and suitable for just because gifting."
Ceramic Mug Set - Edition 1,Home,Christmas,Friend,home decor comfort lifestyle,"Techie, Practical",650,"Ceramic Mug Set - Edition 1, curated for home lovers and suitable for christmas gifting."
Ceramic Mug Set - Edition 2,Home,Friendship Day,Sibling,home decor comfort lifestyle,"Classic, Sentimental",780,"Ceramic Mug Set - Edition 2, curated for home lovers and suitable for friendship day gifting."
Ceramic Mug Set - Edition 3,Home,Wedding,Parent,home decor comfort lifestyle,"Creative, Sentimental",910,"Ceramic Mug Set - Edition 3, curated for home lovers and suitable for wedding gifting."
Ceramic Mug Set - Edition 4,Home,Promotion,Family,home decor comfort lifestyle,"Romantic, Stylish",1040,"Ceramic Mug Set - Edition 4, curated for home lovers and suitable for promotion gifting."
Ceramic Mug Set - Edition 5,Home,Thank You,Colleague,home decor comfort lifestyle,"Practical, Minimalist",1170,"Ceramic Mug Set - Edition 5, curated for home lovers and suitable for thank you gifting."
Ceramic Mug Set - Edition 6,Home,Just Because,Classmate,home decor comfort lifestyle,"Adventurous, Extroverted",1300,"Ceramic Mug Set - Edition 6, curated for home lovers and suitable for just because gifting."
Ceramic Mug Set - Edition 7,Home,Birthday,Mentor,home decor comfort lifestyle,"Introverted, Intellectual",1430,"Ceramic Mug Set - Edition 7, curated for home lovers and suitable for birthday gifting."
Mini Table Lamp - Edition 1,Home,Friendship Day,Parent,home decor comfort lifestyle,"Classic, Sentimental",650,"Mini Table Lamp - Edition 1, curated for home lovers and suitable for friendship day gifting."
Mini Table Lamp - Edition 2,Home,Wedding,Family,home decor comfort lifestyle,"Creative, Sentimental",780,"Mini Table Lamp - Edition 2, curated for home lovers and suitable for wedding gifting."
Mini Table Lamp - Edition 3,Home,Promotion,Colleague,home decor comfort lifestyle,"Romantic, Stylish",910,"Mini Table Lamp - Edition 3, curated for home lovers and suitable for promotion gifting."
Mini Table Lamp - Edition 4,Home,Thank You,Classmate,home decor comfort lifestyle,"Practical, Minimalist",1040,"Mini Table Lamp - Edition 4, curated for home lovers and suitable for thank you gifting."
Mini Table Lamp - Edition 5,Home,Just Because,Mentor,home decor comfort lifestyle,"Adventurous, Extroverted",1170,"Mini Table Lamp - Edition 5, curated for home lovers and suitable for just because gifting."
Mini Table Lamp - Edition 6,Home,Birthday,Partner,home decor comfort lifestyle,"Introverted, Intellectual",1300,"Mini Table Lamp - Edition 6, curated for home lovers and suitable for birthday gifting."
Mini Table Lamp - Edition 7,Home,Anniversary,Best Friend,home decor comfort lifestyle,"Funny, Trendy",1430,"Mini Table Lamp - Edition 7, curated for home lovers and suitable for anniversary gifting."
Wall Decor Set - Edition 1,Home,Wedding,Colleague,home decor comfort lifestyle,"Creative, Sentimental",650,"Wall Decor Set - Edition 1, curated for home lovers and suitable for wedding gifting."
Wall Decor Set - Edition 2,Home,Promotion,Classmate,home decor comfort lifestyle,"Romantic, Stylish",780,"Wall Decor Set - Edition 2, curated for home lovers and suitable for promotion gifting."
Wall Decor Set - Edition 3,Home,Thank You,Mentor,home decor comfort lifestyle,"Practical, Minimalist",910,"Wall Decor Set - Edition 3, curated for home lovers and suitable for thank you gifting."
Wall Decor Set - Edition 4,Home,Just Because,Partner,home decor comfort lifestyle,"Adventurous, Extroverted",1040,"Wall Decor Set - Edition 4, curated for home lovers and suitable for just because gifting."
Wall Decor Set - Edition 5,Home,Birthday,Best Friend,home decor comfort lifestyle,"Introverted, Intellectual",1170,"Wall Decor Set - Edition 5, curated for home lovers and suitable for birthday gifting."
Wall Decor Set - Edition 6,Home,Anniversary,Friend,home decor comfort lifestyle,"Funny, Trendy",1300,"Wall Decor Set - Edition 6, curated for home lovers and suitable for anniversary gifting."
Wall Decor Set - Edition 7,Home,Valentines Day,Sibling,home decor comfort lifestyle,"Techie, Practical",1430,"Wall Decor Set - Edition 7, curated for home lovers and suitable for valentines day gifting."
Premium Chocolate Box - Edition 1,Food,Anniversary,Best Friend,food snacks coffee tea gourmet,"Romantic, Stylish",450,"Premium Chocolate Box - Edition 1, curated for food lovers and suitable for anniversary gifting."
Premium Chocolate Box - Edition 2,Food,Valentines Day,Friend,food snacks coffee tea gourmet,"Practical, Minimalist",550,"Premium Chocolate Box - Edition 2, curated for food lovers and suitable for valentines day gifting."
Premium Chocolate Box - Edition 3,Food,Graduation,Sibling,food snacks coffee tea gourmet,"Adventurous, Extroverted",650,"Premium Chocolate Box - Edition 3, curated for food lovers and suitable for graduation gifting."
Premium Chocolate Box - Edition 4,Food,Housewarming,Parent,food snacks coffee tea gourmet,"Introverted, Intellectual",750,"Premium Chocolate Box - Edition 4, curated for food lovers and suitable for housewarming gifting."
Premium Chocolate Box - Edition 5,Food,Farewell,Family,food snacks coffee tea gourmet,"Funny, Trendy",850,"Premium Chocolate Box - Edition 5, curated for food lovers and suitable for farewell gifting."
Premium Chocolate Box - Edition 6,Food,Christmas,Colleague,food snacks coffee tea gourmet,"Techie, Practical",950,"Premium Chocolate Box - Edition 6, curated for food lovers and suitable for christmas gifting."
Premium Chocolate Box - Edition 7,Food,Friendship Day,Classmate,food snacks coffee tea gourmet,"Classic, Sentimental",1050,"Premium Chocolate Box - Edition 7, curated for food lovers and suitable for friendship day gifting."
Snack Hamper - Edition 1,Food,Valentines Day,Sibling,food snacks coffee tea gourmet,"Practical, Minimalist",450,"Snack Hamper - Edition 1, curated for food lovers and suitable for valentines day gifting."
Snack Hamper - Edition 2,Food,Graduation,Parent,food snacks coffee tea gourmet,"Adventurous, Extroverted",550,"Snack Hamper - Edition 2, curated for food lovers and suitable for graduation gifting."
Snack Hamper - Edition 3,Food,Housewarming,Family,food snacks coffee tea gourmet,"Introverted, Intellectual",650,"Snack Hamper - Edition 3, curated for food lovers and suitable for housewarming gifting."
Snack Hamper - Edition 4,Food,Farewell,Colleague,food snacks coffee tea gourmet,"Funny, Trendy",750,"Snack Hamper - Edition 4, curated for food lovers and suitable for farewell gifting."
Snack Hamper - Edition 5,Food,Christmas,Classmate,food snacks coffee tea gourmet,"Techie, Practical",850,"Snack Hamper - Edition 5, curated for food lovers and suitable for christmas gifting."
Snack Hamper - Edition 6,Food,Friendship Day,Mentor,food snacks coffee tea gourmet,"Classic, Sentimental",950,"Snack Hamper - Edition 6, curated for food lovers and suitable for friendship day gifting."
Snack Hamper - Edition 7,Food,Wedding,Partner,food snacks coffee tea gourmet,"Creative, Sentimental",1050,"Snack Hamper - Edition 7, curated for food lovers and suitable for wedding gifting."
Coffee Gift Box - Edition 1,Food,Graduation,Family,food snacks coffee tea gourmet,"Adventurous, Extroverted",450,"Coffee Gift Box - Edition 1, curated for food lovers and suitable for graduation gifting."
Coffee Gift Box - Edition 2,Food,Housewarming,Colleague,food snacks coffee tea gourmet,"Introverted, Intellectual",550,"Coffee Gift Box - Edition 2, curated for food lovers and suitable for housewarming gifting."
Coffee Gift Box - Edition 3,Food,Farewell,Classmate,food snacks coffee tea gourmet,"Funny, Trendy",650,"Coffee Gift Box - Edition 3, curated for food lovers and suitable for farewell gifting."
Coffee Gift Box - Edition 4,Food,Christmas,Mentor,food snacks coffee tea gourmet,"Techie, Practical",750,"Coffee Gift Box - Edition 4, curated for food lovers and suitable for christmas gifting."
Coffee Gift Box - Edition 5,Food,Friendship Day,Partner,food snacks coffee tea gourmet,"Classic, Sentimental",850,"Coffee Gift Box - Edition 5, curated for food lovers and suitable for friendship day gifting."
Coffee Gift Box - Edition 6,Food,Wedding,Best Friend,food snacks coffee tea gourmet,"Creative, Sentimental",950,"Coffee Gift Box - Edition 6, curated for food lovers and suitable for wedding gifting."
Coffee Gift Box - Edition 7,Food,Promotion,Friend,food snacks coffee tea gourmet,"Romantic, Stylish",1050,"Coffee Gift Box - Edition 7, curated for food lovers and suitable for promotion gifting."
Tea Sampler - Edition 1,Food,Housewarming,Classmate,food snacks coffee tea gourmet,"Introverted, Intellectual",450,"Tea Sampler - Edition 1, curated for food lovers and suitable for housewarming gifting."
Tea Sampler - Edition 2,Food,Farewell,Mentor,food snacks coffee tea gourmet,"Funny, Trendy",550,"Tea Sampler - Edition 2, curated for food lovers and suitable for farewell gifting."
Tea Sampler - Edition 3,Food,Christmas,Partner,food snacks coffee tea gourmet,"Techie, Practical",650,"Tea Sampler - Edition 3, curated for food lovers and suitable for christmas gifting."
Tea Sampler - Edition 4,Food,Friendship Day,Best Friend,food snacks coffee tea gourmet,"Classic, Sentimental",750,"Tea Sampler - Edition 4, curated for food lovers and suitable for friendship day gifting."
Tea Sampler - Edition 5,Food,Wedding,Friend,food snacks coffee tea gourmet,"Creative, Sentimental",850,"Tea Sampler - Edition 5, curated for food lovers and suitable for wedding gifting."
Tea Sampler - Edition 6,Food,Promotion,Sibling,food snacks coffee tea gourmet,"Romantic, Stylish",950,"Tea Sampler - Edition 6, curated for food lovers and suitable for promotion gifting."
Tea Sampler - Edition 7,Food,Thank You,Parent,food snacks coffee tea gourmet,"Practical, Minimalist",1050,"Tea Sampler - Edition 7, curated for food lovers and suitable for thank you gifting."
Gourmet Cookie Box - Edition 1,Food,Farewell,Partner,food snacks coffee tea gourmet,"Funny, Trendy",450,"Gourmet Cookie Box - Edition 1, curated for food lovers and suitable for farewell gifting."
Gourmet Cookie Box - Edition 2,Food,Christmas,Best Friend,food snacks coffee tea gourmet,"Techie, Practical",550,"Gourmet Cookie Box - Edition 2, curated for food lovers and suitable for christmas gifting."
Gourmet Cookie Box - Edition 3,Food,Friendship Day,Friend,food snacks coffee tea gourmet,"Classic, Sentimental",650,"Gourmet Cookie Box - Edition 3, curated for food lovers and suitable for friendship day gifting."
Gourmet Cookie Box - Edition 4,Food,Wedding,Sibling,food snacks coffee tea gourmet,"Creative, Sentimental",750,"Gourmet Cookie Box - Edition 4, curated for food lovers and suitable for wedding gifting."
Gourmet Cookie Box - Edition 5,Food,Promotion,Parent,food snacks coffee tea gourmet,"Romantic, Stylish",850,"Gourmet Cookie Box - Edition 5, curated for food lovers and suitable for promotion gifting."
Gourmet Cookie Box - Edition 6,Food,Thank You,Family,food snacks coffee tea gourmet,"Practical, Minimalist",950,"Gourmet Cookie Box - Edition 6, curated for food lovers and suitable for thank you gifting."
Gourmet Cookie Box - Edition 7,Food,Just Because,Colleague,food snacks coffee tea gourmet,"Adventurous, Extroverted",1050,"Gourmet Cookie Box - Edition 7, curated for food lovers and suitable for just because gifting."
Hot Chocolate Kit - Edition 1,Food,Christmas,Friend,food snacks coffee tea gourmet,"Techie, Practical",450,"Hot Chocolate Kit - Edition 1, curated for food lovers and suitable for christmas gifting."
Hot Chocolate Kit - Edition 2,Food,Friendship Day,Sibling,food snacks coffee tea gourmet,"Classic, Sentimental",550,"Hot Chocolate Kit - Edition 2, curated for food lovers and suitable for friendship day gifting."
Hot Chocolate Kit - Edition 3,Food,Wedding,Parent,food snacks coffee tea gourmet,"Creative, Sentimental",650,"Hot Chocolate Kit - Edition 3, curated for food lovers and suitable for wedding gifting."
Hot Chocolate Kit - Edition 4,Food,Promotion,Family,food snacks coffee tea gourmet,"Romantic, Stylish",750,"Hot Chocolate Kit - Edition 4, curated for food lovers and suitable for promotion gifting."
Hot Chocolate Kit - Edition 5,Food,Thank You,Colleague,food snacks coffee tea gourmet,"Practical, Minimalist",850,"Hot Chocolate Kit - Edition 5, curated for food lovers and suitable for thank you gifting."
Hot Chocolate Kit - Edition 6,Food,Just Because,Classmate,food snacks coffee tea gourmet,"Adventurous, Extroverted",950,"Hot Chocolate Kit - Edition 6, curated for food lovers and suitable for just because gifting."
Hot Chocolate Kit - Edition 7,Food,Birthday,Mentor,food snacks coffee tea gourmet,"Introverted, Intellectual",1050,"Hot Chocolate Kit - Edition 7, curated for food lovers and suitable for birthday gifting."
Dry Fruit Gift Box - Edition 1,Food,Friendship Day,Parent,food snacks coffee tea gourmet,"Classic, Sentimental",450,"Dry Fruit Gift Box - Edition 1, curated for food lovers and suitable for friendship day gifting."
Dry Fruit Gift Box - Edition 2,Food,Wedding,Family,food snacks coffee tea gourmet,"Creative, Sentimental",550,"Dry Fruit Gift Box - Edition 2, curated for food lovers and suitable for wedding gifting."
Dry Fruit Gift Box - Edition 3,Food,Promotion,Colleague,food snacks coffee tea gourmet,"Romantic, Stylish",650,"Dry Fruit Gift Box - Edition 3, curated for food lovers and suitable for promotion gifting."
Dry Fruit Gift Box - Edition 4,Food,Thank You,Classmate,food snacks coffee tea gourmet,"Practical, Minimalist",750,"Dry Fruit Gift Box - Edition 4, curated for food lovers and suitable for thank you gifting."
Dry Fruit Gift Box - Edition 5,Food,Just Because,Mentor,food snacks coffee tea gourmet,"Adventurous, Extroverted",850,"Dry Fruit Gift Box - Edition 5, curated for food lovers and suitable for just because gifting."
Dry Fruit Gift Box - Edition 6,Food,Birthday,Partner,food snacks coffee tea gourmet,"Introverted, Intellectual",950,"Dry Fruit Gift Box - Edition 6, curated for food lovers and suitable for birthday gifting."
Dry Fruit Gift Box - Edition 7,Food,Anniversary,Best Friend,food snacks coffee tea gourmet,"Funny, Trendy",1050,"Dry Fruit Gift Box - Edition 7, curated for food lovers and suitable for anniversary gifting."
Breakfast Gift Basket - Edition 1,Food,Wedding,Colleague,food snacks coffee tea gourmet,"Creative, Sentimental",450,"Breakfast Gift Basket - Edition 1, curated for food lovers and suitable for wedding gifting."
Breakfast Gift Basket - Edition 2,Food,Promotion,Classmate,food snacks coffee tea gourmet,"Romantic, Stylish",550,"Breakfast Gift Basket - Edition 2, curated for food lovers and suitable for promotion gifting."
Breakfast Gift Basket - Edition 3,Food,Thank You,Mentor,food snacks coffee tea gourmet,"Practical, Minimalist",650,"Breakfast Gift Basket - Edition 3, curated for food lovers and suitable for thank you gifting."
Breakfast Gift Basket - Edition 4,Food,Just Because,Partner,food snacks coffee tea gourmet,"Adventurous, Extroverted",750,"Breakfast Gift Basket - Edition 4, curated for food lovers and suitable for just because gifting."
Breakfast Gift Basket - Edition 5,Food,Birthday,Best Friend,food snacks coffee tea gourmet,"Introverted, Intellectual",850,"Breakfast Gift Basket - Edition 5, curated for food lovers and suitable for birthday gifting."
Breakfast Gift Basket - Edition 6,Food,Anniversary,Friend,food snacks coffee tea gourmet,"Funny, Trendy",950,"Breakfast Gift Basket - Edition 6, curated for food lovers and suitable for anniversary gifting."
Breakfast Gift Basket - Edition 7,Food,Valentines Day,Sibling,food snacks coffee tea gourmet,"Techie, Practical",1050,"Breakfast Gift Basket - Edition 7, curated for food lovers and suitable for valentines day gifting."
Minimal Pendant - Edition 1,Jewelry,Anniversary,Best Friend,fashion jewelry style accessories,"Romantic, Stylish",1100,"Minimal Pendant - Edition 1, curated for fashion lovers and suitable for anniversary gifting."
Minimal Pendant - Edition 2,Jewelry,Valentines Day,Friend,fashion jewelry style accessories,"Practical, Minimalist",1320,"Minimal Pendant - Edition 2, curated for fashion lovers and suitable for valentines day gifting."
Minimal Pendant - Edition 3,Jewelry,Graduation,Sibling,fashion jewelry style accessories,"Adventurous, Extroverted",1540,"Minimal Pendant - Edition 3, curated for fashion lovers and suitable for graduation gifting."
Minimal Pendant - Edition 4,Jewelry,Housewarming,Parent,fashion jewelry style accessories,"Introverted, Intellectual",1760,"Minimal Pendant - Edition 4, curated for fashion lovers and suitable for housewarming gifting."
Minimal Pendant - Edition 5,Jewelry,Farewell,Family,fashion jewelry style accessories,"Funny, Trendy",1980,"Minimal Pendant - Edition 5, curated for fashion lovers and suitable for farewell gifting."
Minimal Pendant - Edition 6,Jewelry,Christmas,Colleague,fashion jewelry style accessories,"Techie, Practical",2200,"Minimal Pendant - Edition 6, curated for fashion lovers and suitable for christmas gifting."
Minimal Pendant - Edition 7,Jewelry,Friendship Day,Classmate,fashion jewelry style accessories,"Classic, Sentimental",2420,"Minimal Pendant - Edition 7, curated for fashion lovers and suitable for friendship day gifting."
Charm Bracelet - Edition 1,Jewelry,Valentines Day,Sibling,fashion jewelry style accessories,"Practical, Minimalist",1100,"Charm Bracelet - Edition 1, curated for fashion lovers and suitable for valentines day gifting."
Charm Bracelet - Edition 2,Jewelry,Graduation,Parent,fashion jewelry style accessories,"Adventurous, Extroverted",1320,"Charm Bracelet - Edition 2, curated for fashion lovers and suitable for graduation gifting."
Charm Bracelet - Edition 3,Jewelry,Housewarming,Family,fashion jewelry style accessories,"Introverted, Intellectual",1540,"Charm Bracelet - Edition 3, curated for fashion lovers and suitable for housewarming gifting."
Charm Bracelet - Edition 4,Jewelry,Farewell,Colleague,fashion jewelry style accessories,"Funny, Trendy",1760,"Charm Bracelet - Edition 4, curated for fashion lovers and suitable for farewell gifting."
Charm Bracelet - Edition 5,Jewelry,Christmas,Classmate,fashion jewelry style accessories,"Techie, Practical",1980,"Charm Bracelet - Edition 5, curated for fashion lovers and suitable for christmas gifting."
Charm Bracelet - Edition 6,Jewelry,Friendship Day,Mentor,fashion jewelry style accessories,"Classic, Sentimental",2200,"Charm Bracelet - Edition 6, curated for fashion lovers and suitable for friendship day gifting."
Charm Bracelet - Edition 7,Jewelry,Wedding,Partner,fashion jewelry style accessories,"Creative, Sentimental",2420,"Charm Bracelet - Edition 7, curated for fashion lovers and suitable for wedding gifting."
Initial Necklace - Edition 1,Jewelry,Graduation,Family,fashion jewelry style accessories,"Adventurous, Extroverted",1100,"Initial Necklace - Edition 1, curated for fashion lovers and suitable for graduation gifting."
Initial Necklace - Edition 2,Jewelry,Housewarming,Colleague,fashion jewelry style accessories,"Introverted, Intellectual",1320,"Initial Necklace - Edition 2, curated for fashion lovers and suitable for housewarming gifting."
Initial Necklace - Edition 3,Jewelry,Farewell,Classmate,fashion jewelry style accessories,"Funny, Trendy",1540,"Initial Necklace - Edition 3, curated for fashion lovers and suitable for farewell gifting."
Initial Necklace - Edition 4,Jewelry,Christmas,Mentor,fashion jewelry style accessories,"Techie, Practical",1760,"Initial Necklace - Edition 4, curated for fashion lovers and suitable for christmas gifting."
Initial Necklace - Edition 5,Jewelry,Friendship Day,Partner,fashion jewelry style accessories,"Classic, Sentimental",1980,"Initial Necklace - Edition 5, curated for fashion lovers and suitable for friendship day gifting."
Initial Necklace - Edition 6,Jewelry,Wedding,Best Friend,fashion jewelry style accessories,"Creative, Sentimental",2200,"Initial Necklace - Edition 6, curated for fashion lovers and suitable for wedding gifting."
Initial Necklace - Edition 7,Jewelry,Promotion,Friend,fashion jewelry style accessories,"Romantic, Stylish",2420,"Initial Necklace - Edition 7, curated for fashion lovers and suitable for promotion gifting."
Classic Stud Earrings - Edition 1,Jewelry,Housewarming,Classmate,fashion jewelry style accessories,"Introverted, Intellectual",1100,"Classic Stud Earrings - Edition 1, curated for fashion lovers and suitable for housewarming gifting."
Classic Stud Earrings - Edition 2,Jewelry,Farewell,Mentor,fashion jewelry style accessories,"Funny, Trendy",1320,"Classic Stud Earrings - Edition 2, curated for fashion lovers and suitable for farewell gifting."
Classic Stud Earrings - Edition 3,Jewelry,Christmas,Partner,fashion jewelry style accessories,"Techie, Practical",1540,"Classic Stud Earrings - Edition 3, curated for fashion lovers and suitable for christmas gifting."
Classic Stud Earrings - Edition 4,Jewelry,Friendship Day,Best Friend,fashion jewelry style accessories,"Classic, Sentimental",1760,"Classic Stud Earrings - Edition 4, curated for fashion lovers and suitable for friendship day gifting."
Classic Stud Earrings - Edition 5,Jewelry,Wedding,Friend,fashion jewelry style accessories,"Creative, Sentimental",1980,"Classic Stud Earrings - Edition 5, curated for fashion lovers and suitable for wedding gifting."
Classic Stud Earrings - Edition 6,Jewelry,Promotion,Sibling,fashion jewelry style accessories,"Romantic, Stylish",2200,"Classic Stud Earrings - Edition 6, curated for fashion lovers and suitable for promotion gifting."
Classic Stud Earrings - Edition 7,Jewelry,Thank You,Parent,fashion jewelry style accessories,"Practical, Minimalist",2420,"Classic Stud Earrings - Edition 7, curated for fashion lovers and suitable for thank you gifting."
Personalized Bracelet - Edition 1,Jewelry,Farewell,Partner,fashion jewelry style accessories,"Funny, Trendy",1100,"Personalized Bracelet - Edition 1, curated for fashion lovers and suitable for farewell gifting."
Personalized Bracelet - Edition 2,Jewelry,Christmas,Best Friend,fashion jewelry style accessories,"Techie, Practical",1320,"Personalized Bracelet - Edition 2, curated for fashion lovers and suitable for christmas gifting."
Personalized Bracelet - Edition 3,Jewelry,Friendship Day,Friend,fashion jewelry style accessories,"Classic, Sentimental",1540,"Personalized Bracelet - Edition 3, curated for fashion lovers and suitable for friendship day gifting."
Personalized Bracelet - Edition 4,Jewelry,Wedding,Sibling,fashion jewelry style accessories,"Creative, Sentimental",1760,"Personalized Bracelet - Edition 4, curated for fashion lovers and suitable for wedding gifting."
Personalized Bracelet - Edition 5,Jewelry,Promotion,Parent,fashion jewelry style accessories,"Romantic, Stylish",1980,"Personalized Bracelet - Edition 5, curated for fashion lovers and suitable for promotion gifting."
Personalized Bracelet - Edition 6,Jewelry,Thank You,Family,fashion jewelry style accessories,"Practical, Minimalist",2200,"Personalized Bracelet - Edition 6, curated for fashion lovers and suitable for thank you gifting."
Personalized Bracelet - Edition 7,Jewelry,Just Because,Colleague,fashion jewelry style accessories,"Adventurous, Extroverted",2420,"Personalized Bracelet - Edition 7, curated for fashion lovers and suitable for just because gifting."
Minimal Ring - Edition 1,Jewelry,Christmas,Friend,fashion jewelry style accessories,"Techie, Practical",1100,"Minimal Ring - Edition 1, curated for fashion lovers and suitable for christmas gifting."
Minimal Ring - Edition 2,Jewelry,Friendship Day,Sibling,fashion jewelry style accessories,"Classic, Sentimental",1320,"Minimal Ring - Edition 2, curated for fashion lovers and suitable for friendship day gifting."
Minimal Ring - Edition 3,Jewelry,Wedding,Parent,fashion jewelry style accessories,"Creative, Sentimental",1540,"Minimal Ring - Edition 3, curated for fashion lovers and suitable for wedding gifting."
Minimal Ring - Edition 4,Jewelry,Promotion,Family,fashion jewelry style accessories,"Romantic, Stylish",1760,"Minimal Ring - Edition 4, curated for fashion lovers and suitable for promotion gifting."
Minimal Ring - Edition 5,Jewelry,Thank You,Colleague,fashion jewelry style accessories,"Practical, Minimalist",1980,"Minimal Ring - Edition 5, curated for fashion lovers and suitable for thank you gifting."
Minimal Ring - Edition 6,Jewelry,Just Because,Classmate,fashion jewelry style accessories,"Adventurous, Extroverted",2200,"Minimal Ring - Edition 6, curated for fashion lovers and suitable for just because gifting."
Minimal Ring - Edition 7,Jewelry,Birthday,Mentor,fashion jewelry style accessories,"Introverted, Intellectual",2420,"Minimal Ring - Edition 7, curated for fashion lovers and suitable for birthday gifting."
Birthstone Pendant - Edition 1,Jewelry,Friendship Day,Parent,fashion jewelry style accessories,"Classic, Sentimental",1100,"Birthstone Pendant - Edition 1, curated for fashion lovers and suitable for friendship day gifting."
Birthstone Pendant - Edition 2,Jewelry,Wedding,Family,fashion jewelry style accessories,"Creative, Sentimental",1320,"Birthstone Pendant - Edition 2, curated for fashion lovers and suitable for wedding gifting."
Birthstone Pendant - Edition 3,Jewelry,Promotion,Colleague,fashion jewelry style accessories,"Romantic, Stylish",1540,"Birthstone Pendant - Edition 3, curated for fashion lovers and suitable for promotion gifting."
Birthstone Pendant - Edition 4,Jewelry,Thank You,Classmate,fashion jewelry style accessories,"Practical, Minimalist",1760,"Birthstone Pendant - Edition 4, curated for fashion lovers and suitable for thank you gifting."
Birthstone Pendant - Edition 5,Jewelry,Just Because,Mentor,fashion jewelry style accessories,"Adventurous, Extroverted",1980,"Birthstone Pendant - Edition 5, curated for fashion lovers and suitable for just because gifting."
Birthstone Pendant - Edition 6,Jewelry,Birthday,Partner,fashion jewelry style accessories,"Introverted, Intellectual",2200,"Birthstone Pendant - Edition 6, curated for fashion lovers and suitable for birthday gifting."
Birthstone Pendant - Edition 7,Jewelry,Anniversary,Best Friend,fashion jewelry style accessories,"Funny, Trendy",2420,"Birthstone Pendant - Edition 7, curated for fashion lovers and suitable for anniversary gifting."
Layered Necklace Set - Edition 1,Jewelry,Wedding,Colleague,fashion jewelry style accessories,"Creative, Sentimental",1100,"Layered Necklace Set - Edition 1, curated for fashion lovers and suitable for wedding gifting."
Layered Necklace Set - Edition 2,Jewelry,Promotion,Classmate,fashion jewelry style accessories,"Romantic, Stylish",1320,"Layered Necklace Set - Edition 2, curated for fashion lovers and suitable for promotion gifting."
Layered Necklace Set - Edition 3,Jewelry,Thank You,Mentor,fashion jewelry style accessories,"Practical, Minimalist",1540,"Layered Necklace Set - Edition 3, curated for fashion lovers and suitable for thank you gifting."
Layered Necklace Set - Edition 4,Jewelry,Just Because,Partner,fashion jewelry style accessories,"Adventurous, Extroverted",1760,"Layered Necklace Set - Edition 4, curated for fashion lovers and suitable for just because gifting."
Layered Necklace Set - Edition 5,Jewelry,Birthday,Best Friend,fashion jewelry style accessories,"Introverted, Intellectual",1980,"Layered Necklace Set - Edition 5, curated for fashion lovers and suitable for birthday gifting."
Layered Necklace Set - Edition 6,Jewelry,Anniversary,Friend,fashion jewelry style accessories,"Funny, Trendy",2200,"Layered Necklace Set - Edition 6, curated for fashion lovers and suitable for anniversary gifting."
Layered Necklace Set - Edition 7,Jewelry,Valentines Day,Sibling,fashion jewelry style accessories,"Techie, Practical",2420,"Layered Necklace Set - Edition 7, curated for fashion lovers and suitable for valentines day gifting."
Leather Wallet - Edition 1,Accessories,Anniversary,Best Friend,fashion style everyday essentials,"Romantic, Stylish",600,"Leather Wallet - Edition 1, curated for fashion lovers and suitable for anniversary gifting."
Leather Wallet - Edition 2,Accessories,Valentines Day,Friend,fashion style everyday essentials,"Practical, Minimalist",720,"Leather Wallet - Edition 2, curated for fashion lovers and suitable for valentines day gifting."
Leather Wallet - Edition 3,Accessories,Graduation,Sibling,fashion style everyday essentials,"Adventurous, Extroverted",840,"Leather Wallet - Edition 3, curated for fashion lovers and suitable for graduation gifting."
Leather Wallet - Edition 4,Accessories,Housewarming,Parent,fashion style everyday essentials,"Introverted, Intellectual",960,"Leather Wallet - Edition 4, curated for fashion lovers and suitable for housewarming gifting."
Leather Wallet - Edition 5,Accessories,Farewell,Family,fashion style everyday essentials,"Funny, Trendy",1080,"Leather Wallet - Edition 5, curated for fashion lovers and suitable for farewell gifting."
Leather Wallet - Edition 6,Accessories,Christmas,Colleague,fashion style everyday essentials,"Techie, Practical",1200,"Leather Wallet - Edition 6, curated for fashion lovers and suitable for christmas gifting."
Leather Wallet - Edition 7,Accessories,Friendship Day,Classmate,fashion style everyday essentials,"Classic, Sentimental",1320,"Leather Wallet - Edition 7, curated for fashion lovers and suitable for friendship day gifting."
Card Holder - Edition 1,Accessories,Valentines Day,Sibling,fashion style everyday essentials,"Practical, Minimalist",600,"Card Holder - Edition 1, curated for fashion lovers and suitable for valentines day gifting."
Card Holder - Edition 2,Accessories,Graduation,Parent,fashion style everyday essentials,"Adventurous, Extroverted",720,"Card Holder - Edition 2, curated for fashion lovers and suitable for graduation gifting."
Card Holder - Edition 3,Accessories,Housewarming,Family,fashion style everyday essentials,"Introverted, Intellectual",840,"Card Holder - Edition 3, curated for fashion lovers and suitable for housewarming gifting."
Card Holder - Edition 4,Accessories,Farewell,Colleague,fashion style everyday essentials,"Funny, Trendy",960,"Card Holder - Edition 4, curated for fashion lovers and suitable for farewell gifting."
Card Holder - Edition 5,Accessories,Christmas,Classmate,fashion style everyday essentials,"Techie, Practical",1080,"Card Holder - Edition 5, curated for fashion lovers and suitable for christmas gifting."
Card Holder - Edition 6,Accessories,Friendship Day,Mentor,fashion style everyday essentials,"Classic, Sentimental",1200,"Card Holder - Edition 6, curated for fashion lovers and suitable for friendship day gifting."
Card Holder - Edition 7,Accessories,Wedding,Partner,fashion style everyday essentials,"Creative, Sentimental",1320,"Card Holder - Edition 7, curated for fashion lovers and suitable for wedding gifting."
Classic Sunglasses - Edition 1,Accessories,Graduation,Family,fashion style everyday essentials,"Adventurous, Extroverted",600,"Classic Sunglasses - Edition 1, curated for fashion lovers and suitable for graduation gifting."
Classic Sunglasses - Edition 2,Accessories,Housewarming,Colleague,fashion style everyday essentials,"Introverted, Intellectual",720,"Classic Sunglasses - Edition 2, curated for fashion lovers and suitable for housewarming gifting."
Classic Sunglasses - Edition 3,Accessories,Farewell,Classmate,fashion style everyday essentials,"Funny, Trendy",840,"Classic Sunglasses - Edition 3, curated for fashion lovers and suitable for farewell gifting."
Classic Sunglasses - Edition 4,Accessories,Christmas,Mentor,fashion style everyday essentials,"Techie, Practical",960,"Classic Sunglasses - Edition 4, curated for fashion lovers and suitable for christmas gifting."
Classic Sunglasses - Edition 5,Accessories,Friendship Day,Partner,fashion style everyday essentials,"Classic, Sentimental",1080,"Classic Sunglasses - Edition 5, curated for fashion lovers and suitable for friendship day gifting."
Classic Sunglasses - Edition 6,Accessories,Wedding,Best Friend,fashion style everyday essentials,"Creative, Sentimental",1200,"Classic Sunglasses - Edition 6, curated for fashion lovers and suitable for wedding gifting."
Classic Sunglasses - Edition 7,Accessories,Promotion,Friend,fashion style everyday essentials,"Romantic, Stylish",1320,"Classic Sunglasses - Edition 7, curated for fashion lovers and suitable for promotion gifting."
Minimal Watch - Edition 1,Accessories,Housewarming,Classmate,fashion style everyday essentials,"Introverted, Intellectual",600,"Minimal Watch - Edition 1, curated for fashion lovers and suitable for housewarming gifting."
Minimal Watch - Edition 2,Accessories,Farewell,Mentor,fashion style everyday essentials,"Funny, Trendy",720,"Minimal Watch - Edition 2, curated for fashion lovers and suitable for farewell gifting."
Minimal Watch - Edition 3,Accessories,Christmas,Partner,fashion style everyday essentials,"Techie, Practical",840,"Minimal Watch - Edition 3, curated for fashion lovers and suitable for christmas gifting."
Minimal Watch - Edition 4,Accessories,Friendship Day,Best Friend,fashion style everyday essentials,"Classic, Sentimental",960,"Minimal Watch - Edition 4, curated for fashion lovers and suitable for friendship day gifting."
Minimal Watch - Edition 5,Accessories,Wedding,Friend,fashion style everyday essentials,"Creative, Sentimental",1080,"Minimal Watch - Edition 5, curated for fashion lovers and suitable for wedding gifting."
Minimal Watch - Edition 6,Accessories,Promotion,Sibling,fashion style everyday essentials,"Romantic, Stylish",1200,"Minimal Watch - Edition 6, curated for fashion lovers and suitable for promotion gifting."
Minimal Watch - Edition 7,Accessories,Thank You,Parent,fashion style everyday essentials,"Practical, Minimalist",1320,"Minimal Watch - Edition 7, curated for fashion lovers and suitable for thank you gifting."
Canvas Tote Bag - Edition 1,Accessories,Farewell,Partner,fashion style everyday essentials,"Funny, Trendy",600,"Canvas Tote Bag - Edition 1, curated for fashion lovers and suitable for farewell gifting."
Canvas Tote Bag - Edition 2,Accessories,Christmas,Best Friend,fashion style everyday essentials,"Techie, Practical",720,"Canvas Tote Bag - Edition 2, curated for fashion lovers and suitable for christmas gifting."
Canvas Tote Bag - Edition 3,Accessories,Friendship Day,Friend,fashion style everyday essentials,"Classic, Sentimental",840,"Canvas Tote Bag - Edition 3, curated for fashion lovers and suitable for friendship day gifting."
Canvas Tote Bag - Edition 4,Accessories,Wedding,Sibling,fashion style everyday essentials,"Creative, Sentimental",960,"Canvas Tote Bag - Edition 4, curated for fashion lovers and suitable for wedding gifting."
Canvas Tote Bag - Edition 5,Accessories,Promotion,Parent,fashion style everyday essentials,"Romantic, Stylish",1080,"Canvas Tote Bag - Edition 5, curated for fashion lovers and suitable for promotion gifting."
Canvas Tote Bag - Edition 6,Accessories,Thank You,Family,fashion style everyday essentials,"Practical, Minimalist",1200,"Canvas Tote Bag - Edition 6, curated for fashion lovers and suitable for thank you gifting."
Canvas Tote Bag - Edition 7,Accessories,Just Because,Colleague,fashion style everyday essentials,"Adventurous, Extroverted",1320,"Canvas Tote Bag - Edition 7, curated for fashion lovers and suitable for just because gifting."
Keychain Gift Set - Edition 1,Accessories,Christmas,Friend,fashion style everyday essentials,"Techie, Practical",600,"Keychain Gift Set - Edition 1, curated for fashion lovers and suitable for christmas gifting."
Keychain Gift Set - Edition 2,Accessories,Friendship Day,Sibling,fashion style everyday essentials,"Classic, Sentimental",720,"Keychain Gift Set - Edition 2, curated for fashion lovers and suitable for friendship day gifting."
Keychain Gift Set - Edition 3,Accessories,Wedding,Parent,fashion style everyday essentials,"Creative, Sentimental",840,"Keychain Gift Set - Edition 3, curated for fashion lovers and suitable for wedding gifting."
Keychain Gift Set - Edition 4,Accessories,Promotion,Family,fashion style everyday essentials,"Romantic, Stylish",960,"Keychain Gift Set - Edition 4, curated for fashion lovers and suitable for promotion gifting."
Keychain Gift Set - Edition 5,Accessories,Thank You,Colleague,fashion style everyday essentials,"Practical, Minimalist",1080,"Keychain Gift Set - Edition 5, curated for fashion lovers and suitable for thank you gifting."
Keychain Gift Set - Edition 6,Accessories,Just Because,Classmate,fashion style everyday essentials,"Adventurous, Extroverted",1200,"Keychain Gift Set - Edition 6, curated for fashion lovers and suitable for just because gifting."
Keychain Gift Set - Edition 7,Accessories,Birthday,Mentor,fashion style everyday essentials,"Introverted, Intellectual",1320,"Keychain Gift Set - Edition 7, curated for fashion lovers and suitable for birthday gifting."
Belt and Wallet Set - Edition 1,Accessories,Friendship Day,Parent,fashion style everyday essentials,"Classic, Sentimental",600,"Belt and Wallet Set - Edition 1, curated for fashion lovers and suitable for friendship day gifting."
Belt and Wallet Set - Edition 2,Accessories,Wedding,Family,fashion style everyday essentials,"Creative, Sentimental",720,"Belt and Wallet Set - Edition 2, curated for fashion lovers and suitable for wedding gifting."
Belt and Wallet Set - Edition 3,Accessories,Promotion,Colleague,fashion style everyday essentials,"Romantic, Stylish",840,"Belt and Wallet Set - Edition 3, curated for fashion lovers and suitable for promotion gifting."
Belt and Wallet Set - Edition 4,Accessories,Thank You,Classmate,fashion style everyday essentials,"Practical, Minimalist",960,"Belt and Wallet Set - Edition 4, curated for fashion lovers and suitable for thank you gifting."
Belt and Wallet Set - Edition 5,Accessories,Just Because,Mentor,fashion style everyday essentials,"Adventurous, Extroverted",1080,"Belt and Wallet Set - Edition 5, curated for fashion lovers and suitable for just because gifting."
Belt and Wallet Set - Edition 6,Accessories,Birthday,Partner,fashion style everyday essentials,"Introverted, Intellectual",1200,"Belt and Wallet Set - Edition 6, curated for fashion lovers and suitable for birthday gifting."
Belt and Wallet Set - Edition 7,Accessories,Anniversary,Best Friend,fashion style everyday essentials,"Funny, Trendy",1320,"Belt and Wallet Set - Edition 7, curated for fashion lovers and suitable for anniversary gifting."
Personalized Pouch - Edition 1,Accessories,Wedding,Colleague,fashion style everyday essentials,"Creative, Sentimental",600,"Personalized Pouch - Edition 1, curated for fashion lovers and suitable for wedding gifting."
Personalized Pouch - Edition 2,Accessories,Promotion,Classmate,fashion style everyday essentials,"Romantic, Stylish",720,"Personalized Pouch - Edition 2, curated for fashion lovers and suitable for promotion gifting."
Personalized Pouch - Edition 3,Accessories,Thank You,Mentor,fashion style everyday essentials,"Practical, Minimalist",840,"Personalized Pouch - Edition 3, curated for fashion lovers and suitable for thank you gifting."
Personalized Pouch - Edition 4,Accessories,Just Because,Partner,fashion style everyday essentials,"Adventurous, Extroverted",960,"Personalized Pouch - Edition 4, curated for fashion lovers and suitable for just because gifting."
Personalized Pouch - Edition 5,Accessories,Birthday,Best Friend,fashion style everyday essentials,"Introverted, Intellectual",1080,"Personalized Pouch - Edition 5, curated for fashion lovers and suitable for birthday gifting."
Personalized Pouch - Edition 6,Accessories,Anniversary,Friend,fashion style everyday essentials,"Funny, Trendy",1200,"Personalized Pouch - Edition 6, curated for fashion lovers and suitable for anniversary gifting."
Personalized Pouch - Edition 7,Accessories,Valentines Day,Sibling,fashion style everyday essentials,"Techie, Practical",1320,"Personalized Pouch - Edition 7, curated for fashion lovers and suitable for valentines day gifting."
Vinyl Record Gift - Edition 1,Music,Anniversary,Best Friend,music concerts audio creativity,"Romantic, Stylish",750,"Vinyl Record Gift - Edition 1, curated for music lovers and suitable for anniversary gifting."
Vinyl Record Gift - Edition 2,Music,Valentines Day,Friend,music concerts audio creativity,"Practical, Minimalist",900,"Vinyl Record Gift - Edition 2, curated for music lovers and suitable for valentines day gifting."
Vinyl Record Gift - Edition 3,Music,Graduation,Sibling,music concerts audio creativity,"Adventurous, Extroverted",1050,"Vinyl Record Gift - Edition 3, curated for music lovers and suitable for graduation gifting."
Vinyl Record Gift - Edition 4,Music,Housewarming,Parent,music concerts audio creativity,"Introverted, Intellectual",1200,"Vinyl Record Gift - Edition 4, curated for music lovers and suitable for housewarming gifting."
Vinyl Record Gift - Edition 5,Music,Farewell,Family,music concerts audio creativity,"Funny, Trendy",1350,"Vinyl Record Gift - Edition 5, curated for music lovers and suitable for farewell gifting."
Vinyl Record Gift - Edition 6,Music,Christmas,Colleague,music concerts audio creativity,"Techie, Practical",1500,"Vinyl Record Gift - Edition 6, curated for music lovers and suitable for christmas gifting."
Vinyl Record Gift - Edition 7,Music,Friendship Day,Classmate,music concerts audio creativity,"Classic, Sentimental",1650,"Vinyl Record Gift - Edition 7, curated for music lovers and suitable for friendship day gifting."
Bluetooth Speaker Mini - Edition 1,Music,Valentines Day,Sibling,music concerts audio creativity,"Practical, Minimalist",750,"Bluetooth Speaker Mini - Edition 1, curated for music lovers and suitable for valentines day gifting."
Bluetooth Speaker Mini - Edition 2,Music,Graduation,Parent,music concerts audio creativity,"Adventurous, Extroverted",900,"Bluetooth Speaker Mini - Edition 2, curated for music lovers and suitable for graduation gifting."
Bluetooth Speaker Mini - Edition 3,Music,Housewarming,Family,music concerts audio creativity,"Introverted, Intellectual",1050,"Bluetooth Speaker Mini - Edition 3, curated for music lovers and suitable for housewarming gifting."
Bluetooth Speaker Mini - Edition 4,Music,Farewell,Colleague,music concerts audio creativity,"Funny, Trendy",1200,"Bluetooth Speaker Mini - Edition 4, curated for music lovers and suitable for farewell gifting."
Bluetooth Speaker Mini - Edition 5,Music,Christmas,Classmate,music concerts audio creativity,"Techie, Practical",1350,"Bluetooth Speaker Mini - Edition 5, curated for music lovers and suitable for christmas gifting."
Bluetooth Speaker Mini - Edition 6,Music,Friendship Day,Mentor,music concerts audio creativity,"Classic, Sentimental",1500,"Bluetooth Speaker Mini - Edition 6, curated for music lovers and suitable for friendship day gifting."
Bluetooth Speaker Mini - Edition 7,Music,Wedding,Partner,music concerts audio creativity,"Creative, Sentimental",1650,"Bluetooth Speaker Mini - Edition 7, curated for music lovers and suitable for wedding gifting."
Music Journal - Edition 1,Music,Graduation,Family,music concerts audio creativity,"Adventurous, Extroverted",750,"Music Journal - Edition 1, curated for music lovers and suitable for graduation gifting."
Music Journal - Edition 2,Music,Housewarming,Colleague,music concerts audio creativity,"Introverted, Intellectual",900,"Music Journal - Edition 2, curated for music lovers and suitable for housewarming gifting."
Music Journal - Edition 3,Music,Farewell,Classmate,music concerts audio creativity,"Funny, Trendy",1050,"Music Journal - Edition 3, curated for music lovers and suitable for farewell gifting."
Music Journal - Edition 4,Music,Christmas,Mentor,music concerts audio creativity,"Techie, Practical",1200,"Music Journal - Edition 4, curated for music lovers and suitable for christmas gifting."
Music Journal - Edition 5,Music,Friendship Day,Partner,music concerts audio creativity,"Classic, Sentimental",1350,"Music Journal - Edition 5, curated for music lovers and suitable for friendship day gifting."
Music Journal - Edition 6,Music,Wedding,Best Friend,music concerts audio creativity,"Creative, Sentimental",1500,"Music Journal - Edition 6, curated for music lovers and suitable for wedding gifting."
Music Journal - Edition 7,Music,Promotion,Friend,music concerts audio creativity,"Romantic, Stylish",1650,"Music Journal - Edition 7, curated for music lovers and suitable for promotion gifting."
Guitar Pick Set - Edition 1,Music,Housewarming,Classmate,music concerts audio creativity,"Introverted, Intellectual",750,"Guitar Pick Set - Edition 1, curated for music lovers and suitable for housewarming gifting."
Guitar Pick Set - Edition 2,Music,Farewell,Mentor,music concerts audio creativity,"Funny, Trendy",900,"Guitar Pick Set - Edition 2, curated for music lovers and suitable for farewell gifting."
Guitar Pick Set - Edition 3,Music,Christmas,Partner,music concerts audio creativity,"Techie, Practical",1050,"Guitar Pick Set - Edition 3, curated for music lovers and suitable for christmas gifting."
Guitar Pick Set - Edition 4,Music,Friendship Day,Best Friend,music concerts audio creativity,"Classic, Sentimental",1200,"Guitar Pick Set - Edition 4, curated for music lovers and suitable for friendship day gifting."
Guitar Pick Set - Edition 5,Music,Wedding,Friend,music concerts audio creativity,"Creative, Sentimental",1350,"Guitar Pick Set - Edition 5, curated for music lovers and suitable for wedding gifting."
Guitar Pick Set - Edition 6,Music,Promotion,Sibling,music concerts audio creativity,"Romantic, Stylish",1500,"Guitar Pick Set - Edition 6, curated for music lovers and suitable for promotion gifting."
Guitar Pick Set - Edition 7,Music,Thank You,Parent,music concerts audio creativity,"Practical, Minimalist",1650,"Guitar Pick Set - Edition 7, curated for music lovers and suitable for thank you gifting."
Ukulele Accessory Kit - Edition 1,Music,Farewell,Partner,music concerts audio creativity,"Funny, Trendy",750,"Ukulele Accessory Kit - Edition 1, curated for music lovers and suitable for farewell gifting."
Ukulele Accessory Kit - Edition 2,Music,Christmas,Best Friend,music concerts audio creativity,"Techie, Practical",900,"Ukulele Accessory Kit - Edition 2, curated for music lovers and suitable for christmas gifting."
Ukulele Accessory Kit - Edition 3,Music,Friendship Day,Friend,music concerts audio creativity,"Classic, Sentimental",1050,"Ukulele Accessory Kit - Edition 3, curated for music lovers and suitable for friendship day gifting."
Ukulele Accessory Kit - Edition 4,Music,Wedding,Sibling,music concerts audio creativity,"Creative, Sentimental",1200,"Ukulele Accessory Kit - Edition 4, curated for music lovers and suitable for wedding gifting."
Ukulele Accessory Kit - Edition 5,Music,Promotion,Parent,music concerts audio creativity,"Romantic, Stylish",1350,"Ukulele Accessory Kit - Edition 5, curated for music lovers and suitable for promotion gifting."
Ukulele Accessory Kit - Edition 6,Music,Thank You,Family,music concerts audio creativity,"Practical, Minimalist",1500,"Ukulele Accessory Kit - Edition 6, curated for music lovers and suitable for thank you gifting."
Ukulele Accessory Kit - Edition 7,Music,Just Because,Colleague,music concerts audio creativity,"Adventurous, Extroverted",1650,"Ukulele Accessory Kit - Edition 7, curated for music lovers and suitable for just because gifting."
Headphone Stand - Edition 1,Music,Christmas,Friend,music concerts audio creativity,"Techie, Practical",750,"Headphone Stand - Edition 1, curated for music lovers and suitable for christmas gifting."
Headphone Stand - Edition 2,Music,Friendship Day,Sibling,music concerts audio creativity,"Classic, Sentimental",900,"Headphone Stand - Edition 2, curated for music lovers and suitable for friendship day gifting."
Headphone Stand - Edition 3,Music,Wedding,Parent,music concerts audio creativity,"Creative, Sentimental",1050,"Headphone Stand - Edition 3, curated for music lovers and suitable for wedding gifting."
Headphone Stand - Edition 4,Music,Promotion,Family,music concerts audio creativity,"Romantic, Stylish",1200,"Headphone Stand - Edition 4, curated for music lovers and suitable for promotion gifting."
Headphone Stand - Edition 5,Music,Thank You,Colleague,music concerts audio creativity,"Practical, Minimalist",1350,"Headphone Stand - Edition 5, curated for music lovers and suitable for thank you gifting."
Headphone Stand - Edition 6,Music,Just Because,Classmate,music concerts audio creativity,"Adventurous, Extroverted",1500,"Headphone Stand - Edition 6, curated for music lovers and suitable for just because gifting."
Headphone Stand - Edition 7,Music,Birthday,Mentor,music concerts audio creativity,"Introverted, Intellectual",1650,"Headphone Stand - Edition 7, curated for music lovers and suitable for birthday gifting."
Concert Memory Frame - Edition 1,Music,Friendship Day,Parent,music concerts audio creativity,"Classic, Sentimental",750,"Concert Memory Frame - Edition 1, curated for music lovers and suitable for friendship day gifting."
Concert Memory Frame - Edition 2,Music,Wedding,Family,music concerts audio creativity,"Creative, Sentimental",900,"Concert Memory Frame - Edition 2, curated for music lovers and suitable for wedding gifting."
Concert Memory Frame - Edition 3,Music,Promotion,Colleague,music concerts audio creativity,"Romantic, Stylish",1050,"Concert Memory Frame - Edition 3, curated for music lovers and suitable for promotion gifting."
Concert Memory Frame - Edition 4,Music,Thank You,Classmate,music concerts audio creativity,"Practical, Minimalist",1200,"Concert Memory Frame - Edition 4, curated for music lovers and suitable for thank you gifting."
Concert Memory Frame - Edition 5,Music,Just Because,Mentor,music concerts audio creativity,"Adventurous, Extroverted",1350,"Concert Memory Frame - Edition 5, curated for music lovers and suitable for just because gifting."
Concert Memory Frame - Edition 6,Music,Birthday,Partner,music concerts audio creativity,"Introverted, Intellectual",1500,"Concert Memory Frame - Edition 6, curated for music lovers and suitable for birthday gifting."
Concert Memory Frame - Edition 7,Music,Anniversary,Best Friend,music concerts audio creativity,"Funny, Trendy",1650,"Concert Memory Frame - Edition 7, curated for music lovers and suitable for anniversary gifting."
Playlist Poster - Edition 1,Music,Wedding,Colleague,music concerts audio creativity,"Creative, Sentimental",750,"Playlist Poster - Edition 1, curated for music lovers and suitable for wedding gifting."
Playlist Poster - Edition 2,Music,Promotion,Classmate,music concerts audio creativity,"Romantic, Stylish",900,"Playlist Poster - Edition 2, curated for music lovers and suitable for promotion gifting."
Playlist Poster - Edition 3,Music,Thank You,Mentor,music concerts audio creativity,"Practical, Minimalist",1050,"Playlist Poster - Edition 3, curated for music lovers and suitable for thank you gifting."
Playlist Poster - Edition 4,Music,Just Because,Partner,music concerts audio creativity,"Adventurous, Extroverted",1200,"Playlist Poster - Edition 4, curated for music lovers and suitable for just because gifting."
Playlist Poster - Edition 5,Music,Birthday,Best Friend,music concerts audio creativity,"Introverted, Intellectual",1350,"Playlist Poster - Edition 5, curated for music lovers and suitable for birthday gifting."
Playlist Poster - Edition 6,Music,Anniversary,Friend,music concerts audio creativity,"Funny, Trendy",1500,"Playlist Poster - Edition 6, curated for music lovers and suitable for anniversary gifting."
Playlist Poster - Edition 7,Music,Valentines Day,Sibling,music concerts audio creativity,"Techie, Practical",1650,"Playlist Poster - Edition 7, curated for music lovers and suitable for valentines day gifting."
Premium Journal - Edition 1,Stationery,Anniversary,Best Friend,writing journaling stationery creativity,"Romantic, Stylish",350,"Premium Journal - Edition 1, curated for writing lovers and suitable for anniversary gifting."
Premium Journal - Edition 2,Stationery,Valentines Day,Friend,writing journaling stationery creativity,"Practical, Minimalist",450,"Premium Journal - Edition 2, curated for writing lovers and suitable for valentines day gifting."
Premium Journal - Edition 3,Stationery,Graduation,Sibling,writing journaling stationery creativity,"Adventurous, Extroverted",550,"Premium Journal - Edition 3, curated for writing lovers and suitable for graduation gifting."
Premium Journal - Edition 4,Stationery,Housewarming,Parent,writing journaling stationery creativity,"Introverted, Intellectual",650,"Premium Journal - Edition 4, curated for writing lovers and suitable for housewarming gifting."
Premium Journal - Edition 5,Stationery,Farewell,Family,writing journaling stationery creativity,"Funny, Trendy",750,"Premium Journal - Edition 5, curated for writing lovers and suitable for farewell gifting."
Premium Journal - Edition 6,Stationery,Christmas,Colleague,writing journaling stationery creativity,"Techie, Practical",850,"Premium Journal - Edition 6, curated for writing lovers and suitable for christmas gifting."
Premium Journal - Edition 7,Stationery,Friendship Day,Classmate,writing journaling stationery creativity,"Classic, Sentimental",950,"Premium Journal - Edition 7, curated for writing lovers and suitable for friendship day gifting."
Handwritten Letter Kit - Edition 1,Stationery,Valentines Day,Sibling,writing journaling stationery creativity,"Practical, Minimalist",350,"Handwritten Letter Kit - Edition 1, curated for writing lovers and suitable for valentines day gifting."
Handwritten Letter Kit - Edition 2,Stationery,Graduation,Parent,writing journaling stationery creativity,"Adventurous, Extroverted",450,"Handwritten Letter Kit - Edition 2, curated for writing lovers and suitable for graduation gifting."
Handwritten Letter Kit - Edition 3,Stationery,Housewarming,Family,writing journaling stationery creativity,"Introverted, Intellectual",550,"Handwritten Letter Kit - Edition 3, curated for writing lovers and suitable for housewarming gifting."
Handwritten Letter Kit - Edition 4,Stationery,Farewell,Colleague,writing journaling stationery creativity,"Funny, Trendy",650,"Handwritten Letter Kit - Edition 4, curated for writing lovers and suitable for farewell gifting."
Handwritten Letter Kit - Edition 5,Stationery,Christmas,Classmate,writing journaling stationery creativity,"Techie, Practical",750,"Handwritten Letter Kit - Edition 5, curated for writing lovers and suitable for christmas gifting."
Handwritten Letter Kit - Edition 6,Stationery,Friendship Day,Mentor,writing journaling stationery creativity,"Classic, Sentimental",850,"Handwritten Letter Kit - Edition 6, curated for writing lovers and suitable for friendship day gifting."
Handwritten Letter Kit - Edition 7,Stationery,Wedding,Partner,writing journaling stationery creativity,"Creative, Sentimental",950,"Handwritten Letter Kit - Edition 7, curated for writing lovers and suitable for wedding gifting."
Planner Set - Edition 1,Stationery,Graduation,Family,writing journaling stationery creativity,"Adventurous, Extroverted",350,"Planner Set - Edition 1, curated for writing lovers and suitable for graduation gifting."
Planner Set - Edition 2,Stationery,Housewarming,Colleague,writing journaling stationery creativity,"Introverted, Intellectual",450,"Planner Set - Edition 2, curated for writing lovers and suitable for housewarming gifting."
Planner Set - Edition 3,Stationery,Farewell,Classmate,writing journaling stationery creativity,"Funny, Trendy",550,"Planner Set - Edition 3, curated for writing lovers and suitable for farewell gifting."
Planner Set - Edition 4,Stationery,Christmas,Mentor,writing journaling stationery creativity,"Techie, Practical",650,"Planner Set - Edition 4, curated for writing lovers and suitable for christmas gifting."
Planner Set - Edition 5,Stationery,Friendship Day,Partner,writing journaling stationery creativity,"Classic, Sentimental",750,"Planner Set - Edition 5, curated for writing lovers and suitable for friendship day gifting."
Planner Set - Edition 6,Stationery,Wedding,Best Friend,writing journaling stationery creativity,"Creative, Sentimental",850,"Planner Set - Edition 6, curated for writing lovers and suitable for wedding gifting."
Planner Set - Edition 7,Stationery,Promotion,Friend,writing journaling stationery creativity,"Romantic, Stylish",950,"Planner Set - Edition 7, curated for writing lovers and suitable for promotion gifting."
Fountain Pen Set - Edition 1,Stationery,Housewarming,Classmate,writing journaling stationery creativity,"Introverted, Intellectual",350,"Fountain Pen Set - Edition 1, curated for writing lovers and suitable for housewarming gifting."
Fountain Pen Set - Edition 2,Stationery,Farewell,Mentor,writing journaling stationery creativity,"Funny, Trendy",450,"Fountain Pen Set - Edition 2, curated for writing lovers and suitable for farewell gifting."
Fountain Pen Set - Edition 3,Stationery,Christmas,Partner,writing journaling stationery creativity,"Techie, Practical",550,"Fountain Pen Set - Edition 3, curated for writing lovers and suitable for christmas gifting."
Fountain Pen Set - Edition 4,Stationery,Friendship Day,Best Friend,writing journaling stationery creativity,"Classic, Sentimental",650,"Fountain Pen Set - Edition 4, curated for writing lovers and suitable for friendship day gifting."
Fountain Pen Set - Edition 5,Stationery,Wedding,Friend,writing journaling stationery creativity,"Creative, Sentimental",750,"Fountain Pen Set - Edition 5, curated for writing lovers and suitable for wedding gifting."
Fountain Pen Set - Edition 6,Stationery,Promotion,Sibling,writing journaling stationery creativity,"Romantic, Stylish",850,"Fountain Pen Set - Edition 6, curated for writing lovers and suitable for promotion gifting."
Fountain Pen Set - Edition 7,Stationery,Thank You,Parent,writing journaling stationery creativity,"Practical, Minimalist",950,"Fountain Pen Set - Edition 7, curated for writing lovers and suitable for thank you gifting."
Sticky Note Gift Box - Edition 1,Stationery,Farewell,Partner,writing journaling stationery creativity,"Funny, Trendy",350,"Sticky Note Gift Box - Edition 1, curated for writing lovers and suitable for farewell gifting."
Sticky Note Gift Box - Edition 2,Stationery,Christmas,Best Friend,writing journaling stationery creativity,"Techie, Practical",450,"Sticky Note Gift Box - Edition 2, curated for writing lovers and suitable for christmas gifting."
Sticky Note Gift Box - Edition 3,Stationery,Friendship Day,Friend,writing journaling stationery creativity,"Classic, Sentimental",550,"Sticky Note Gift Box - Edition 3, curated for writing lovers and suitable for friendship day gifting."
Sticky Note Gift Box - Edition 4,Stationery,Wedding,Sibling,writing journaling stationery creativity,"Creative, Sentimental",650,"Sticky Note Gift Box - Edition 4, curated for writing lovers and suitable for wedding gifting."
Sticky Note Gift Box - Edition 5,Stationery,Promotion,Parent,writing journaling stationery creativity,"Romantic, Stylish",750,"Sticky Note Gift Box - Edition 5, curated for writing lovers and suitable for promotion gifting."
Sticky Note Gift Box - Edition 6,Stationery,Thank You,Family,writing journaling stationery creativity,"Practical, Minimalist",850,"Sticky Note Gift Box - Edition 6, curated for writing lovers and suitable for thank you gifting."
Sticky Note Gift Box - Edition 7,Stationery,Just Because,Colleague,writing journaling stationery creativity,"Adventurous, Extroverted",950,"Sticky Note Gift Box - Edition 7, curated for writing lovers and suitable for just because gifting."
Desk Stationery Kit - Edition 1,Stationery,Christmas,Friend,writing journaling stationery creativity,"Techie, Practical",350,"Desk Stationery Kit - Edition 1, curated for writing lovers and suitable for christmas gifting."
Desk Stationery Kit - Edition 2,Stationery,Friendship Day,Sibling,writing journaling stationery creativity,"Classic, Sentimental",450,"Desk Stationery Kit - Edition 2, curated for writing lovers and suitable for friendship day gifting."
Desk Stationery Kit - Edition 3,Stationery,Wedding,Parent,writing journaling stationery creativity,"Creative, Sentimental",550,"Desk Stationery Kit - Edition 3, curated for writing lovers and suitable for wedding gifting."
Desk Stationery Kit - Edition 4,Stationery,Promotion,Family,writing journaling stationery creativity,"Romantic, Stylish",650,"Desk Stationery Kit - Edition 4, curated for writing lovers and suitable for promotion gifting."
Desk Stationery Kit - Edition 5,Stationery,Thank You,Colleague,writing journaling stationery creativity,"Practical, Minimalist",750,"Desk Stationery Kit - Edition 5, curated for writing lovers and suitable for thank you gifting."
Desk Stationery Kit - Edition 6,Stationery,Just Because,Classmate,writing journaling stationery creativity,"Adventurous, Extroverted",850,"Desk Stationery Kit - Edition 6, curated for writing lovers and suitable for just because gifting."
Desk Stationery Kit - Edition 7,Stationery,Birthday,Mentor,writing journaling stationery creativity,"Introverted, Intellectual",950,"Desk Stationery Kit - Edition 7, curated for writing lovers and suitable for birthday gifting."
Calligraphy Pen Set - Edition 1,Stationery,Friendship Day,Parent,writing journaling stationery creativity,"Classic, Sentimental",350,"Calligraphy Pen Set - Edition 1, curated for writing lovers and suitable for friendship day gifting."
Calligraphy Pen Set - Edition 2,Stationery,Wedding,Family,writing journaling stationery creativity,"Creative, Sentimental",450,"Calligraphy Pen Set - Edition 2, curated for writing lovers and suitable for wedding gifting."
Calligraphy Pen Set - Edition 3,Stationery,Promotion,Colleague,writing journaling stationery creativity,"Romantic, Stylish",550,"Calligraphy Pen Set - Edition 3, curated for writing lovers and suitable for promotion gifting."
Calligraphy Pen Set - Edition 4,Stationery,Thank You,Classmate,writing journaling stationery creativity,"Practical, Minimalist",650,"Calligraphy Pen Set - Edition 4, curated for writing lovers and suitable for thank you gifting."
Calligraphy Pen Set - Edition 5,Stationery,Just Because,Mentor,writing journaling stationery creativity,"Adventurous, Extroverted",750,"Calligraphy Pen Set - Edition 5, curated for writing lovers and suitable for just because gifting."
Calligraphy Pen Set - Edition 6,Stationery,Birthday,Partner,writing journaling stationery creativity,"Introverted, Intellectual",850,"Calligraphy Pen Set - Edition 6, curated for writing lovers and suitable for birthday gifting."
Calligraphy Pen Set - Edition 7,Stationery,Anniversary,Best Friend,writing journaling stationery creativity,"Funny, Trendy",950,"Calligraphy Pen Set - Edition 7, curated for writing lovers and suitable for anniversary gifting."
Personalized Notebook - Edition 1,Stationery,Wedding,Colleague,writing journaling stationery creativity,"Creative, Sentimental",350,"Personalized Notebook - Edition 1, curated for writing lovers and suitable for wedding gifting."
Personalized Notebook - Edition 2,Stationery,Promotion,Classmate,writing journaling stationery creativity,"Romantic, Stylish",450,"Personalized Notebook - Edition 2, curated for writing lovers and suitable for promotion gifting."
Personalized Notebook - Edition 3,Stationery,Thank You,Mentor,writing journaling stationery creativity,"Practical, Minimalist",550,"Personalized Notebook - Edition 3, curated for writing lovers and suitable for thank you gifting."
Personalized Notebook - Edition 4,Stationery,Just Because,Partner,writing journaling stationery creativity,"Adventurous, Extroverted",650,"Personalized Notebook - Edition 4, curated for writing lovers and suitable for just because gifting."
Personalized Notebook - Edition 5,Stationery,Birthday,Best Friend,writing journaling stationery creativity,"Introverted, Intellectual",750,"Personalized Notebook - Edition 5, curated for writing lovers and suitable for birthday gifting."
Personalized Notebook - Edition 6,Stationery,Anniversary,Friend,writing journaling stationery creativity,"Funny, Trendy",850,"Personalized Notebook - Edition 6, curated for writing lovers and suitable for anniversary gifting."
Personalized Notebook - Edition 7,Stationery,Valentines Day,Sibling,writing journaling stationery creativity,"Techie, Practical",950,"Personalized Notebook - Edition 7, curated for writing lovers and suitable for valentines day gifting."
Pet Treat Box - Edition 1,Pets,Anniversary,Best Friend,pets animals care,"Romantic, Stylish",500,"Pet Treat Box - Edition 1, curated for pets lovers and suitable for anniversary gifting."
Pet Treat Box - Edition 2,Pets,Valentines Day,Friend,pets animals care,"Practical, Minimalist",600,"Pet Treat Box - Edition 2, curated for pets lovers and suitable for valentines day gifting."
Pet Treat Box - Edition 3,Pets,Graduation,Sibling,pets animals care,"Adventurous, Extroverted",700,"Pet Treat Box - Edition 3, curated for pets lovers and suitable for graduation gifting."
Pet Treat Box - Edition 4,Pets,Housewarming,Parent,pets animals care,"Introverted, Intellectual",800,"Pet Treat Box - Edition 4, curated for pets lovers and suitable for housewarming gifting."
Pet Treat Box - Edition 5,Pets,Farewell,Family,pets animals care,"Funny, Trendy",900,"Pet Treat Box - Edition 5, curated for pets lovers and suitable for farewell gifting."
Pet Treat Box - Edition 6,Pets,Christmas,Colleague,pets animals care,"Techie, Practical",1000,"Pet Treat Box - Edition 6, curated for pets lovers and suitable for christmas gifting."
Pet Treat Box - Edition 7,Pets,Friendship Day,Classmate,pets animals care,"Classic, Sentimental",1100,"Pet Treat Box - Edition 7, curated for pets lovers and suitable for friendship day gifting."
Custom Pet Tag - Edition 1,Pets,Valentines Day,Sibling,pets animals care,"Practical, Minimalist",500,"Custom Pet Tag - Edition 1, curated for pets lovers and suitable for valentines day gifting."
Custom Pet Tag - Edition 2,Pets,Graduation,Parent,pets animals care,"Adventurous, Extroverted",600,"Custom Pet Tag - Edition 2, curated for pets lovers and suitable for graduation gifting."
Custom Pet Tag - Edition 3,Pets,Housewarming,Family,pets animals care,"Introverted, Intellectual",700,"Custom Pet Tag - Edition 3, curated for pets lovers and suitable for housewarming gifting."
Custom Pet Tag - Edition 4,Pets,Farewell,Colleague,pets animals care,"Funny, Trendy",800,"Custom Pet Tag - Edition 4, curated for pets lovers and suitable for farewell gifting."
Custom Pet Tag - Edition 5,Pets,Christmas,Classmate,pets animals care,"Techie, Practical",900,"Custom Pet Tag - Edition 5, curated for pets lovers and suitable for christmas gifting."
Custom Pet Tag - Edition 6,Pets,Friendship Day,Mentor,pets animals care,"Classic, Sentimental",1000,"Custom Pet Tag - Edition 6, curated for pets lovers and suitable for friendship day gifting."
Custom Pet Tag - Edition 7,Pets,Wedding,Partner,pets animals care,"Creative, Sentimental",1100,"Custom Pet Tag - Edition 7, curated for pets lovers and suitable for wedding gifting."
Pet Toy Bundle - Edition 1,Pets,Graduation,Family,pets animals care,"Adventurous, Extroverted",500,"Pet Toy Bundle - Edition 1, curated for pets lovers and suitable for graduation gifting."
Pet Toy Bundle - Edition 2,Pets,Housewarming,Colleague,pets animals care,"Introverted, Intellectual",600,"Pet Toy Bundle - Edition 2, curated for pets lovers and suitable for housewarming gifting."
Pet Toy Bundle - Edition 3,Pets,Farewell,Classmate,pets animals care,"Funny, Trendy",700,"Pet Toy Bundle - Edition 3, curated for pets lovers and suitable for farewell gifting."
Pet Toy Bundle - Edition 4,Pets,Christmas,Mentor,pets animals care,"Techie, Practical",800,"Pet Toy Bundle - Edition 4, curated for pets lovers and suitable for christmas gifting."
Pet Toy Bundle - Edition 5,Pets,Friendship Day,Partner,pets animals care,"Classic, Sentimental",900,"Pet Toy Bundle - Edition 5, curated for pets lovers and suitable for friendship day gifting."
Pet Toy Bundle - Edition 6,Pets,Wedding,Best Friend,pets animals care,"Creative, Sentimental",1000,"Pet Toy Bundle - Edition 6, curated for pets lovers and suitable for wedding gifting."
Pet Toy Bundle - Edition 7,Pets,Promotion,Friend,pets animals care,"Romantic, Stylish",1100,"Pet Toy Bundle - Edition 7, curated for pets lovers and suitable for promotion gifting."
Pet Bed - Edition 1,Pets,Housewarming,Classmate,pets animals care,"Introverted, Intellectual",500,"Pet Bed - Edition 1, curated for pets lovers and suitable for housewarming gifting."
Pet Bed - Edition 2,Pets,Farewell,Mentor,pets animals care,"Funny, Trendy",600,"Pet Bed - Edition 2, curated for pets lovers and suitable for farewell gifting."
Pet Bed - Edition 3,Pets,Christmas,Partner,pets animals care,"Techie, Practical",700,"Pet Bed - Edition 3, curated for pets lovers and suitable for christmas gifting."
Pet Bed - Edition 4,Pets,Friendship Day,Best Friend,pets animals care,"Classic, Sentimental",800,"Pet Bed - Edition 4, curated for pets lovers and suitable for friendship day gifting."
Pet Bed - Edition 5,Pets,Wedding,Friend,pets animals care,"Creative, Sentimental",900,"Pet Bed - Edition 5, curated for pets lovers and suitable for wedding gifting."
Pet Bed - Edition 6,Pets,Promotion,Sibling,pets animals care,"Romantic, Stylish",1000,"Pet Bed - Edition 6, curated for pets lovers and suitable for promotion gifting."
Pet Bed - Edition 7,Pets,Thank You,Parent,pets animals care,"Practical, Minimalist",1100,"Pet Bed - Edition 7, curated for pets lovers and suitable for thank you gifting."
Pet Grooming Kit - Edition 1,Pets,Farewell,Partner,pets animals care,"Funny, Trendy",500,"Pet Grooming Kit - Edition 1, curated for pets lovers and suitable for farewell gifting."
Pet Grooming Kit - Edition 2,Pets,Christmas,Best Friend,pets animals care,"Techie, Practical",600,"Pet Grooming Kit - Edition 2, curated for pets lovers and suitable for christmas gifting."
Pet Grooming Kit - Edition 3,Pets,Friendship Day,Friend,pets animals care,"Classic, Sentimental",700,"Pet Grooming Kit - Edition 3, curated for pets lovers and suitable for friendship day gifting."
Pet Grooming Kit - Edition 4,Pets,Wedding,Sibling,pets animals care,"Creative, Sentimental",800,"Pet Grooming Kit - Edition 4, curated for pets lovers and suitable for wedding gifting."
Pet Grooming Kit - Edition 5,Pets,Promotion,Parent,pets animals care,"Romantic, Stylish",900,"Pet Grooming Kit - Edition 5, curated for pets lovers and suitable for promotion gifting."
Pet Grooming Kit - Edition 6,Pets,Thank You,Family,pets animals care,"Practical, Minimalist",1000,"Pet Grooming Kit - Edition 6, curated for pets lovers and suitable for thank you gifting."
Pet Grooming Kit - Edition 7,Pets,Just Because,Colleague,pets animals care,"Adventurous, Extroverted",1100,"Pet Grooming Kit - Edition 7, curated for pets lovers and suitable for just because gifting."
Pet Photo Frame - Edition 1,Pets,Christmas,Friend,pets animals care,"Techie, Practical",500,"Pet Photo Frame - Edition 1, curated for pets lovers and suitable for christmas gifting."
Pet Photo Frame - Edition 2,Pets,Friendship Day,Sibling,pets animals care,"Classic, Sentimental",600,"Pet Photo Frame - Edition 2, curated for pets lovers and suitable for friendship day gifting."
Pet Photo Frame - Edition 3,Pets,Wedding,Parent,pets animals care,"Creative, Sentimental",700,"Pet Photo Frame - Edition 3, curated for pets lovers and suitable for wedding gifting."
Pet Photo Frame - Edition 4,Pets,Promotion,Family,pets animals care,"Romantic, Stylish",800,"Pet Photo Frame - Edition 4, curated for pets lovers and suitable for promotion gifting."
Pet Photo Frame - Edition 5,Pets,Thank You,Colleague,pets animals care,"Practical, Minimalist",900,"Pet Photo Frame - Edition 5, curated for pets lovers and suitable for thank you gifting."
Pet Photo Frame - Edition 6,Pets,Just Because,Classmate,pets animals care,"Adventurous, Extroverted",1000,"Pet Photo Frame - Edition 6, curated for pets lovers and suitable for just because gifting."
Pet Photo Frame - Edition 7,Pets,Birthday,Mentor,pets animals care,"Introverted, Intellectual",1100,"Pet Photo Frame - Edition 7, curated for pets lovers and suitable for birthday gifting."
Pet Feeding Mat - Edition 1,Pets,Friendship Day,Parent,pets animals care,"Classic, Sentimental",500,"Pet Feeding Mat - Edition 1, curated for pets lovers and suitable for friendship day gifting."
Pet Feeding Mat - Edition 2,Pets,Wedding,Family,pets animals care,"Creative, Sentimental",600,"Pet Feeding Mat - Edition 2, curated for pets lovers and suitable for wedding gifting."
Pet Feeding Mat - Edition 3,Pets,Promotion,Colleague,pets animals care,"Romantic, Stylish",700,"Pet Feeding Mat - Edition 3, curated for pets lovers and suitable for promotion gifting."
Pet Feeding Mat - Edition 4,Pets,Thank You,Classmate,pets animals care,"Practical, Minimalist",800,"Pet Feeding Mat - Edition 4, curated for pets lovers and suitable for thank you gifting."
Pet Feeding Mat - Edition 5,Pets,Just Because,Mentor,pets animals care,"Adventurous, Extroverted",900,"Pet Feeding Mat - Edition 5, curated for pets lovers and suitable for just because gifting."
Pet Feeding Mat - Edition 6,Pets,Birthday,Partner,pets animals care,"Introverted, Intellectual",1000,"Pet Feeding Mat - Edition 6, curated for pets lovers and suitable for birthday gifting."
Pet Feeding Mat - Edition 7,Pets,Anniversary,Best Friend,pets animals care,"Funny, Trendy",1100,"Pet Feeding Mat - Edition 7, curated for pets lovers and suitable for anniversary gifting."
Pet Travel Bowl - Edition 1,Pets,Wedding,Colleague,pets animals care,"Creative, Sentimental",500,"Pet Travel Bowl - Edition 1, curated for pets lovers and suitable for wedding gifting."
Pet Travel Bowl - Edition 2,Pets,Promotion,Classmate,pets animals care,"Romantic, Stylish",600,"Pet Travel Bowl - Edition 2, curated for pets lovers and suitable for promotion gifting."
Pet Travel Bowl - Edition 3,Pets,Thank You,Mentor,pets animals care,"Practical, Minimalist",700,"Pet Travel Bowl - Edition 3, curated for pets lovers and suitable for thank you gifting."
Pet Travel Bowl - Edition 4,Pets,Just Because,Partner,pets animals care,"Adventurous, Extroverted",800,"Pet Travel Bowl - Edition 4, curated for pets lovers and suitable for just because gifting."
Pet Travel Bowl - Edition 5,Pets,Birthday,Best Friend,pets animals care,"Introverted, Intellectual",900,"Pet Travel Bowl - Edition 5, curated for pets lovers and suitable for birthday gifting."
Pet Travel Bowl - Edition 6,Pets,Anniversary,Friend,pets animals care,"Funny, Trendy",1000,"Pet Travel Bowl - Edition 6, curated for pets lovers and suitable for anniversary gifting."
Pet Travel Bowl - Edition 7,Pets,Valentines Day,Sibling,pets animals care,"Techie, Practical",1100,"Pet Travel Bowl - Edition 7, curated for pets lovers and suitable for valentines day gifting."
Movie Night Experience - Edition 1,Experiences,Anniversary,Best Friend,experiences dates adventure fun,"Romantic, Stylish",1000,"Movie Night Experience - Edition 1, curated for experiences lovers and suitable for anniversary gifting."
Movie Night Experience - Edition 2,Experiences,Valentines Day,Friend,experiences dates adventure fun,"Practical, Minimalist",1200,"Movie Night Experience - Edition 2, curated for experiences lovers and suitable for valentines day gifting."
Movie Night Experience - Edition 3,Experiences,Graduation,Sibling,experiences dates adventure fun,"Adventurous, Extroverted",1400,"Movie Night Experience - Edition 3, curated for experiences lovers and suitable for graduation gifting."
Movie Night Experience - Edition 4,Experiences,Housewarming,Parent,experiences dates adventure fun,"Introverted, Intellectual",1600,"Movie Night Experience - Edition 4, curated for experiences lovers and suitable for housewarming gifting."
Movie Night Experience - Edition 5,Experiences,Farewell,Family,experiences dates adventure fun,"Funny, Trendy",1800,"Movie Night Experience - Edition 5, curated for experiences lovers and suitable for farewell gifting."
Movie Night Experience - Edition 6,Experiences,Christmas,Colleague,experiences dates adventure fun,"Techie, Practical",2000,"Movie Night Experience - Edition 6, curated for experiences lovers and suitable for christmas gifting."
Movie Night Experience - Edition 7,Experiences,Friendship Day,Classmate,experiences dates adventure fun,"Classic, Sentimental",2200,"Movie Night Experience - Edition 7, curated for experiences lovers and suitable for friendship day gifting."
Spa Voucher - Edition 1,Experiences,Valentines Day,Sibling,experiences dates adventure fun,"Practical, Minimalist",1000,"Spa Voucher - Edition 1, curated for experiences lovers and suitable for valentines day gifting."
Spa Voucher - Edition 2,Experiences,Graduation,Parent,experiences dates adventure fun,"Adventurous, Extroverted",1200,"Spa Voucher - Edition 2, curated for experiences lovers and suitable for graduation gifting."
Spa Voucher - Edition 3,Experiences,Housewarming,Family,experiences dates adventure fun,"Introverted, Intellectual",1400,"Spa Voucher - Edition 3, curated for experiences lovers and suitable for housewarming gifting."
Spa Voucher - Edition 4,Experiences,Farewell,Colleague,experiences dates adventure fun,"Funny, Trendy",1600,"Spa Voucher - Edition 4, curated for experiences lovers and suitable for farewell gifting."
Spa Voucher - Edition 5,Experiences,Christmas,Classmate,experiences dates adventure fun,"Techie, Practical",1800,"Spa Voucher - Edition 5, curated for experiences lovers and suitable for christmas gifting."
Spa Voucher - Edition 6,Experiences,Friendship Day,Mentor,experiences dates adventure fun,"Classic, Sentimental",2000,"Spa Voucher - Edition 6, curated for experiences lovers and suitable for friendship day gifting."
Spa Voucher - Edition 7,Experiences,Wedding,Partner,experiences dates adventure fun,"Creative, Sentimental",2200,"Spa Voucher - Edition 7, curated for experiences lovers and suitable for wedding gifting."
Pottery Workshop - Edition 1,Experiences,Graduation,Family,experiences dates adventure fun,"Adventurous, Extroverted",1000,"Pottery Workshop - Edition 1, curated for experiences lovers and suitable for graduation gifting."
Pottery Workshop - Edition 2,Experiences,Housewarming,Colleague,experiences dates adventure fun,"Introverted, Intellectual",1200,"Pottery Workshop - Edition 2, curated for experiences lovers and suitable for housewarming gifting."
Pottery Workshop - Edition 3,Experiences,Farewell,Classmate,experiences dates adventure fun,"Funny, Trendy",1400,"Pottery Workshop - Edition 3, curated for experiences lovers and suitable for farewell gifting."
Pottery Workshop - Edition 4,Experiences,Christmas,Mentor,experiences dates adventure fun,"Techie, Practical",1600,"Pottery Workshop - Edition 4, curated for experiences lovers and suitable for christmas gifting."
Pottery Workshop - Edition 5,Experiences,Friendship Day,Partner,experiences dates adventure fun,"Classic, Sentimental",1800,"Pottery Workshop - Edition 5, curated for experiences lovers and suitable for friendship day gifting."
Pottery Workshop - Edition 6,Experiences,Wedding,Best Friend,experiences dates adventure fun,"Creative, Sentimental",2000,"Pottery Workshop - Edition 6, curated for experiences lovers and suitable for wedding gifting."
Pottery Workshop - Edition 7,Experiences,Promotion,Friend,experiences dates adventure fun,"Romantic, Stylish",2200,"Pottery Workshop - Edition 7, curated for experiences lovers and suitable for promotion gifting."
Cooking Class Voucher - Edition 1,Experiences,Housewarming,Classmate,experiences dates adventure fun,"Introverted, Intellectual",1000,"Cooking Class Voucher - Edition 1, curated for experiences lovers and suitable for housewarming gifting."
Cooking Class Voucher - Edition 2,Experiences,Farewell,Mentor,experiences dates adventure fun,"Funny, Trendy",1200,"Cooking Class Voucher - Edition 2, curated for experiences lovers and suitable for farewell gifting."
Cooking Class Voucher - Edition 3,Experiences,Christmas,Partner,experiences dates adventure fun,"Techie, Practical",1400,"Cooking Class Voucher - Edition 3, curated for experiences lovers and suitable for christmas gifting."
Cooking Class Voucher - Edition 4,Experiences,Friendship Day,Best Friend,experiences dates adventure fun,"Classic, Sentimental",1600,"Cooking Class Voucher - Edition 4, curated for experiences lovers and suitable for friendship day gifting."
Cooking Class Voucher - Edition 5,Experiences,Wedding,Friend,experiences dates adventure fun,"Creative, Sentimental",1800,"Cooking Class Voucher - Edition 5, curated for experiences lovers and suitable for wedding gifting."
Cooking Class Voucher - Edition 6,Experiences,Promotion,Sibling,experiences dates adventure fun,"Romantic, Stylish",2000,"Cooking Class Voucher - Edition 6, curated for experiences lovers and suitable for promotion gifting."
Cooking Class Voucher - Edition 7,Experiences,Thank You,Parent,experiences dates adventure fun,"Practical, Minimalist",2200,"Cooking Class Voucher - Edition 7, curated for experiences lovers and suitable for thank you gifting."
Escape Room Experience - Edition 1,Experiences,Farewell,Partner,experiences dates adventure fun,"Funny, Trendy",1000,"Escape Room Experience - Edition 1, curated for experiences lovers and suitable for farewell gifting."
Escape Room Experience - Edition 2,Experiences,Christmas,Best Friend,experiences dates adventure fun,"Techie, Practical",1200,"Escape Room Experience - Edition 2, curated for experiences lovers and suitable for christmas gifting."
Escape Room Experience - Edition 3,Experiences,Friendship Day,Friend,experiences dates adventure fun,"Classic, Sentimental",1400,"Escape Room Experience - Edition 3, curated for experiences lovers and suitable for friendship day gifting."
Escape Room Experience - Edition 4,Experiences,Wedding,Sibling,experiences dates adventure fun,"Creative, Sentimental",1600,"Escape Room Experience - Edition 4, curated for experiences lovers and suitable for wedding gifting."
Escape Room Experience - Edition 5,Experiences,Promotion,Parent,experiences dates adventure fun,"Romantic, Stylish",1800,"Escape Room Experience - Edition 5, curated for experiences lovers and suitable for promotion gifting."
Escape Room Experience - Edition 6,Experiences,Thank You,Family,experiences dates adventure fun,"Practical, Minimalist",2000,"Escape Room Experience - Edition 6, curated for experiences lovers and suitable for thank you gifting."
Escape Room Experience - Edition 7,Experiences,Just Because,Colleague,experiences dates adventure fun,"Adventurous, Extroverted",2200,"Escape Room Experience - Edition 7, curated for experiences lovers and suitable for just because gifting."
Cafe Date Voucher - Edition 1,Experiences,Christmas,Friend,experiences dates adventure fun,"Techie, Practical",1000,"Cafe Date Voucher - Edition 1, curated for experiences lovers and suitable for christmas gifting."
Cafe Date Voucher - Edition 2,Experiences,Friendship Day,Sibling,experiences dates adventure fun,"Classic, Sentimental",1200,"Cafe Date Voucher - Edition 2, curated for experiences lovers and suitable for friendship day gifting."
Cafe Date Voucher - Edition 3,Experiences,Wedding,Parent,experiences dates adventure fun,"Creative, Sentimental",1400,"Cafe Date Voucher - Edition 3, curated for experiences lovers and suitable for wedding gifting."
Cafe Date Voucher - Edition 4,Experiences,Promotion,Family,experiences dates adventure fun,"Romantic, Stylish",1600,"Cafe Date Voucher - Edition 4, curated for experiences lovers and suitable for promotion gifting."
Cafe Date Voucher - Edition 5,Experiences,Thank You,Colleague,experiences dates adventure fun,"Practical, Minimalist",1800,"Cafe Date Voucher - Edition 5, curated for experiences lovers and suitable for thank you gifting."
Cafe Date Voucher - Edition 6,Experiences,Just Because,Classmate,experiences dates adventure fun,"Adventurous, Extroverted",2000,"Cafe Date Voucher - Edition 6, curated for experiences lovers and suitable for just because gifting."
Cafe Date Voucher - Edition 7,Experiences,Birthday,Mentor,experiences dates adventure fun,"Introverted, Intellectual",2200,"Cafe Date Voucher - Edition 7, curated for experiences lovers and suitable for birthday gifting."
Photography Walk - Edition 1,Experiences,Friendship Day,Parent,experiences dates adventure fun,"Classic, Sentimental",1000,"Photography Walk - Edition 1, curated for experiences lovers and suitable for friendship day gifting."
Photography Walk - Edition 2,Experiences,Wedding,Family,experiences dates adventure fun,"Creative, Sentimental",1200,"Photography Walk - Edition 2, curated for experiences lovers and suitable for wedding gifting."
Photography Walk - Edition 3,Experiences,Promotion,Colleague,experiences dates adventure fun,"Romantic, Stylish",1400,"Photography Walk - Edition 3, curated for experiences lovers and suitable for promotion gifting."
Photography Walk - Edition 4,Experiences,Thank You,Classmate,experiences dates adventure fun,"Practical, Minimalist",1600,"Photography Walk - Edition 4, curated for experiences lovers and suitable for thank you gifting."
Photography Walk - Edition 5,Experiences,Just Because,Mentor,experiences dates adventure fun,"Adventurous, Extroverted",1800,"Photography Walk - Edition 5, curated for experiences lovers and suitable for just because gifting."
Photography Walk - Edition 6,Experiences,Birthday,Partner,experiences dates adventure fun,"Introverted, Intellectual",2000,"Photography Walk - Edition 6, curated for experiences lovers and suitable for birthday gifting."
Photography Walk - Edition 7,Experiences,Anniversary,Best Friend,experiences dates adventure fun,"Funny, Trendy",2200,"Photography Walk - Edition 7, curated for experiences lovers and suitable for anniversary gifting."
Adventure Activity Voucher - Edition 1,Experiences,Wedding,Colleague,experiences dates adventure fun,"Creative, Sentimental",1000,"Adventure Activity Voucher - Edition 1, curated for experiences lovers and suitable for wedding gifting."
Adventure Activity Voucher - Edition 2,Experiences,Promotion,Classmate,experiences dates adventure fun,"Romantic, Stylish",1200,"Adventure Activity Voucher - Edition 2, curated for experiences lovers and suitable for promotion gifting."
Adventure Activity Voucher - Edition 3,Experiences,Thank You,Mentor,experiences dates adventure fun,"Practical, Minimalist",1400,"Adventure Activity Voucher - Edition 3, curated for experiences lovers and suitable for thank you gifting."
Adventure Activity Voucher - Edition 4,Experiences,Just Because,Partner,experiences dates adventure fun,"Adventurous, Extroverted",1600,"Adventure Activity Voucher - Edition 4, curated for experiences lovers and suitable for just because gifting."
Adventure Activity Voucher - Edition 5,Experiences,Birthday,Best Friend,experiences dates adventure fun,"Introverted, Intellectual",1800,"Adventure Activity Voucher - Edition 5, curated for experiences lovers and suitable for birthday gifting."
Adventure Activity Voucher - Edition 6,Experiences,Anniversary,Friend,experiences dates adventure fun,"Funny, Trendy",2000,"Adventure Activity Voucher - Edition 6, curated for experiences lovers and suitable for anniversary gifting."
Adventure Activity Voucher - Edition 7,Experiences,Valentines Day,Sibling,experiences dates adventure fun,"Techie, Practical",2200,"Adventure Activity Voucher - Edition 7, curated for experiences lovers and suitable for valentines day gifting."
DIY Candle Kit - Edition 1,DIY,Anniversary,Best Friend,crafts creativity making hobbies,"Romantic, Stylish",550,"DIY Candle Kit - Edition 1, curated for crafts lovers and suitable for anniversary gifting."
DIY Candle Kit - Edition 2,DIY,Valentines Day,Friend,crafts creativity making hobbies,"Practical, Minimalist",660,"DIY Candle Kit - Edition 2, curated for crafts lovers and suitable for valentines day gifting."
DIY Candle Kit - Edition 3,DIY,Graduation,Sibling,crafts creativity making hobbies,"Adventurous, Extroverted",770,"DIY Candle Kit - Edition 3, curated for crafts lovers and suitable for graduation gifting."
DIY Candle Kit - Edition 4,DIY,Housewarming,Parent,crafts creativity making hobbies,"Introverted, Intellectual",880,"DIY Candle Kit - Edition 4, curated for crafts lovers and suitable for housewarming gifting."
DIY Candle Kit - Edition 5,DIY,Farewell,Family,crafts creativity making hobbies,"Funny, Trendy",990,"DIY Candle Kit - Edition 5, curated for crafts lovers and suitable for farewell gifting."
DIY Candle Kit - Edition 6,DIY,Christmas,Colleague,crafts creativity making hobbies,"Techie, Practical",1100,"DIY Candle Kit - Edition 6, curated for crafts lovers and suitable for christmas gifting."
DIY Candle Kit - Edition 7,DIY,Friendship Day,Classmate,crafts creativity making hobbies,"Classic, Sentimental",1210,"DIY Candle Kit - Edition 7, curated for crafts lovers and suitable for friendship day gifting."
DIY Terrarium Kit - Edition 1,DIY,Valentines Day,Sibling,crafts creativity making hobbies,"Practical, Minimalist",550,"DIY Terrarium Kit - Edition 1, curated for crafts lovers and suitable for valentines day gifting."
DIY Terrarium Kit - Edition 2,DIY,Graduation,Parent,crafts creativity making hobbies,"Adventurous, Extroverted",660,"DIY Terrarium Kit - Edition 2, curated for crafts lovers and suitable for graduation gifting."
DIY Terrarium Kit - Edition 3,DIY,Housewarming,Family,crafts creativity making hobbies,"Introverted, Intellectual",770,"DIY Terrarium Kit - Edition 3, curated for crafts lovers and suitable for housewarming gifting."
DIY Terrarium Kit - Edition 4,DIY,Farewell,Colleague,crafts creativity making hobbies,"Funny, Trendy",880,"DIY Terrarium Kit - Edition 4, curated for crafts lovers and suitable for farewell gifting."
DIY Terrarium Kit - Edition 5,DIY,Christmas,Classmate,crafts creativity making hobbies,"Techie, Practical",990,"DIY Terrarium Kit - Edition 5, curated for crafts lovers and suitable for christmas gifting."
DIY Terrarium Kit - Edition 6,DIY,Friendship Day,Mentor,crafts creativity making hobbies,"Classic, Sentimental",1100,"DIY Terrarium Kit - Edition 6, curated for crafts lovers and suitable for friendship day gifting."
DIY Terrarium Kit - Edition 7,DIY,Wedding,Partner,crafts creativity making hobbies,"Creative, Sentimental",1210,"DIY Terrarium Kit - Edition 7, curated for crafts lovers and suitable for wedding gifting."
DIY Chocolate Kit - Edition 1,DIY,Graduation,Family,crafts creativity making hobbies,"Adventurous, Extroverted",550,"DIY Chocolate Kit - Edition 1, curated for crafts lovers and suitable for graduation gifting."
DIY Chocolate Kit - Edition 2,DIY,Housewarming,Colleague,crafts creativity making hobbies,"Introverted, Intellectual",660,"DIY Chocolate Kit - Edition 2, curated for crafts lovers and suitable for housewarming gifting."
DIY Chocolate Kit - Edition 3,DIY,Farewell,Classmate,crafts creativity making hobbies,"Funny, Trendy",770,"DIY Chocolate Kit - Edition 3, curated for crafts lovers and suitable for farewell gifting."
DIY Chocolate Kit - Edition 4,DIY,Christmas,Mentor,crafts creativity making hobbies,"Techie, Practical",880,"DIY Chocolate Kit - Edition 4, curated for crafts lovers and suitable for christmas gifting."
DIY Chocolate Kit - Edition 5,DIY,Friendship Day,Partner,crafts creativity making hobbies,"Classic, Sentimental",990,"DIY Chocolate Kit - Edition 5, curated for crafts lovers and suitable for friendship day gifting."
DIY Chocolate Kit - Edition 6,DIY,Wedding,Best Friend,crafts creativity making hobbies,"Creative, Sentimental",1100,"DIY Chocolate Kit - Edition 6, curated for crafts lovers and suitable for wedding gifting."
DIY Chocolate Kit - Edition 7,DIY,Promotion,Friend,crafts creativity making hobbies,"Romantic, Stylish",1210,"DIY Chocolate Kit - Edition 7, curated for crafts lovers and suitable for promotion gifting."
DIY Embroidery Kit - Edition 1,DIY,Housewarming,Classmate,crafts creativity making hobbies,"Introverted, Intellectual",550,"DIY Embroidery Kit - Edition 1, curated for crafts lovers and suitable for housewarming gifting."
DIY Embroidery Kit - Edition 2,DIY,Farewell,Mentor,crafts creativity making hobbies,"Funny, Trendy",660,"DIY Embroidery Kit - Edition 2, curated for crafts lovers and suitable for farewell gifting."
DIY Embroidery Kit - Edition 3,DIY,Christmas,Partner,crafts creativity making hobbies,"Techie, Practical",770,"DIY Embroidery Kit - Edition 3, curated for crafts lovers and suitable for christmas gifting."
DIY Embroidery Kit - Edition 4,DIY,Friendship Day,Best Friend,crafts creativity making hobbies,"Classic, Sentimental",880,"DIY Embroidery Kit - Edition 4, curated for crafts lovers and suitable for friendship day gifting."
DIY Embroidery Kit - Edition 5,DIY,Wedding,Friend,crafts creativity making hobbies,"Creative, Sentimental",990,"DIY Embroidery Kit - Edition 5, curated for crafts lovers and suitable for wedding gifting."
DIY Embroidery Kit - Edition 6,DIY,Promotion,Sibling,crafts creativity making hobbies,"Romantic, Stylish",1100,"DIY Embroidery Kit - Edition 6, curated for crafts lovers and suitable for promotion gifting."
DIY Embroidery Kit - Edition 7,DIY,Thank You,Parent,crafts creativity making hobbies,"Practical, Minimalist",1210,"DIY Embroidery Kit - Edition 7, curated for crafts lovers and suitable for thank you gifting."
DIY Clay Craft Kit - Edition 1,DIY,Farewell,Partner,crafts creativity making hobbies,"Funny, Trendy",550,"DIY Clay Craft Kit - Edition 1, curated for crafts lovers and suitable for farewell gifting."
DIY Clay Craft Kit - Edition 2,DIY,Christmas,Best Friend,crafts creativity making hobbies,"Techie, Practical",660,"DIY Clay Craft Kit - Edition 2, curated for crafts lovers and suitable for christmas gifting."
DIY Clay Craft Kit - Edition 3,DIY,Friendship Day,Friend,crafts creativity making hobbies,"Classic, Sentimental",770,"DIY Clay Craft Kit - Edition 3, curated for crafts lovers and suitable for friendship day gifting."
DIY Clay Craft Kit - Edition 4,DIY,Wedding,Sibling,crafts creativity making hobbies,"Creative, Sentimental",880,"DIY Clay Craft Kit - Edition 4, curated for crafts lovers and suitable for wedding gifting."
DIY Clay Craft Kit - Edition 5,DIY,Promotion,Parent,crafts creativity making hobbies,"Romantic, Stylish",990,"DIY Clay Craft Kit - Edition 5, curated for crafts lovers and suitable for promotion gifting."
DIY Clay Craft Kit - Edition 6,DIY,Thank You,Family,crafts creativity making hobbies,"Practical, Minimalist",1100,"DIY Clay Craft Kit - Edition 6, curated for crafts lovers and suitable for thank you gifting."
DIY Clay Craft Kit - Edition 7,DIY,Just Because,Colleague,crafts creativity making hobbies,"Adventurous, Extroverted",1210,"DIY Clay Craft Kit - Edition 7, curated for crafts lovers and suitable for just because gifting."
DIY Soap Kit - Edition 1,DIY,Christmas,Friend,crafts creativity making hobbies,"Techie, Practical",550,"DIY Soap Kit - Edition 1, curated for crafts lovers and suitable for christmas gifting."
DIY Soap Kit - Edition 2,DIY,Friendship Day,Sibling,crafts creativity making hobbies,"Classic, Sentimental",660,"DIY Soap Kit - Edition 2, curated for crafts lovers and suitable for friendship day gifting."
DIY Soap Kit - Edition 3,DIY,Wedding,Parent,crafts creativity making hobbies,"Creative, Sentimental",770,"DIY Soap Kit - Edition 3, curated for crafts lovers and suitable for wedding gifting."
DIY Soap Kit - Edition 4,DIY,Promotion,Family,crafts creativity making hobbies,"Romantic, Stylish",880,"DIY Soap Kit - Edition 4, curated for crafts lovers and suitable for promotion gifting."
DIY Soap Kit - Edition 5,DIY,Thank You,Colleague,crafts creativity making hobbies,"Practical, Minimalist",990,"DIY Soap Kit - Edition 5, curated for crafts lovers and suitable for thank you gifting."
DIY Soap Kit - Edition 6,DIY,Just Because,Classmate,crafts creativity making hobbies,"Adventurous, Extroverted",1100,"DIY Soap Kit - Edition 6, curated for crafts lovers and suitable for just because gifting."
DIY Soap Kit - Edition 7,DIY,Birthday,Mentor,crafts creativity making hobbies,"Introverted, Intellectual",1210,"DIY Soap Kit - Edition 7, curated for crafts lovers and suitable for birthday gifting."
DIY Scrapbook Kit - Edition 1,DIY,Friendship Day,Parent,crafts creativity making hobbies,"Classic, Sentimental",550,"DIY Scrapbook Kit - Edition 1, curated for crafts lovers and suitable for friendship day gifting."
DIY Scrapbook Kit - Edition 2,DIY,Wedding,Family,crafts creativity making hobbies,"Creative, Sentimental",660,"DIY Scrapbook Kit - Edition 2, curated for crafts lovers and suitable for wedding gifting."
DIY Scrapbook Kit - Edition 3,DIY,Promotion,Colleague,crafts creativity making hobbies,"Romantic, Stylish",770,"DIY Scrapbook Kit - Edition 3, curated for crafts lovers and suitable for promotion gifting."
DIY Scrapbook Kit - Edition 4,DIY,Thank You,Classmate,crafts creativity making hobbies,"Practical, Minimalist",880,"DIY Scrapbook Kit - Edition 4, curated for crafts lovers and suitable for thank you gifting."
DIY Scrapbook Kit - Edition 5,DIY,Just Because,Mentor,crafts creativity making hobbies,"Adventurous, Extroverted",990,"DIY Scrapbook Kit - Edition 5, curated for crafts lovers and suitable for just because gifting."
DIY Scrapbook Kit - Edition 6,DIY,Birthday,Partner,crafts creativity making hobbies,"Introverted, Intellectual",1100,"DIY Scrapbook Kit - Edition 6, curated for crafts lovers and suitable for birthday gifting."
DIY Scrapbook Kit - Edition 7,DIY,Anniversary,Best Friend,crafts creativity making hobbies,"Funny, Trendy",1210,"DIY Scrapbook Kit - Edition 7, curated for crafts lovers and suitable for anniversary gifting."
DIY Miniature Kit - Edition 1,DIY,Wedding,Colleague,crafts creativity making hobbies,"Creative, Sentimental",550,"DIY Miniature Kit - Edition 1, curated for crafts lovers and suitable for wedding gifting."
DIY Miniature Kit - Edition 2,DIY,Promotion,Classmate,crafts creativity making hobbies,"Romantic, Stylish",660,"DIY Miniature Kit - Edition 2, curated for crafts lovers and suitable for promotion gifting."
DIY Miniature Kit - Edition 3,DIY,Thank You,Mentor,crafts creativity making hobbies,"Practical, Minimalist",770,"DIY Miniature Kit - Edition 3, curated for crafts lovers and suitable for thank you gifting."
DIY Miniature Kit - Edition 4,DIY,Just Because,Partner,crafts creativity making hobbies,"Adventurous, Extroverted",880,"DIY Miniature Kit - Edition 4, curated for crafts lovers and suitable for just because gifting."
DIY Miniature Kit - Edition 5,DIY,Birthday,Best Friend,crafts creativity making hobbies,"Introverted, Intellectual",990,"DIY Miniature Kit - Edition 5, curated for crafts lovers and suitable for birthday gifting."
DIY Miniature Kit - Edition 6,DIY,Anniversary,Friend,crafts creativity making hobbies,"Funny, Trendy",1100,"DIY Miniature Kit - Edition 6, curated for crafts lovers and suitable for anniversary gifting."
DIY Miniature Kit - Edition 7,DIY,Valentines Day,Sibling,crafts creativity making hobbies,"Techie, Practical",1210,"DIY Miniature Kit - Edition 7, curated for crafts lovers and suitable for valentines day gifting."
Executive Desk Kit - Edition 1,Office,Anniversary,Best Friend,work office productivity career,"Romantic, Stylish",700,"Executive Desk Kit - Edition 1, curated for work lovers and suitable for anniversary gifting."
Executive Desk Kit - Edition 2,Office,Valentines Day,Friend,work office productivity career,"Practical, Minimalist",840,"Executive Desk Kit - Edition 2, curated for work lovers and suitable for valentines day gifting."
Executive Desk Kit - Edition 3,Office,Graduation,Sibling,work office productivity career,"Adventurous, Extroverted",980,"Executive Desk Kit - Edition 3, curated for work lovers and suitable for graduation gifting."
Executive Desk Kit - Edition 4,Office,Housewarming,Parent,work office productivity career,"Introverted, Intellectual",1120,"Executive Desk Kit - Edition 4, curated for work lovers and suitable for housewarming gifting."
Executive Desk Kit - Edition 5,Office,Farewell,Family,work office productivity career,"Funny, Trendy",1260,"Executive Desk Kit - Edition 5, curated for work lovers and suitable for farewell gifting."
Executive Desk Kit - Edition 6,Office,Christmas,Colleague,work office productivity career,"Techie, Practical",1400,"Executive Desk Kit - Edition 6, curated for work lovers and suitable for christmas gifting."
Executive Desk Kit - Edition 7,Office,Friendship Day,Classmate,work office productivity career,"Classic, Sentimental",1540,"Executive Desk Kit - Edition 7, curated for work lovers and suitable for friendship day gifting."
Professional Notebook - Edition 1,Office,Valentines Day,Sibling,work office productivity career,"Practical, Minimalist",700,"Professional Notebook - Edition 1, curated for work lovers and suitable for valentines day gifting."
Professional Notebook - Edition 2,Office,Graduation,Parent,work office productivity career,"Adventurous, Extroverted",840,"Professional Notebook - Edition 2, curated for work lovers and suitable for graduation gifting."
Professional Notebook - Edition 3,Office,Housewarming,Family,work office productivity career,"Introverted, Intellectual",980,"Professional Notebook - Edition 3, curated for work lovers and suitable for housewarming gifting."
Professional Notebook - Edition 4,Office,Farewell,Colleague,work office productivity career,"Funny, Trendy",1120,"Professional Notebook - Edition 4, curated for work lovers and suitable for farewell gifting."
Professional Notebook - Edition 5,Office,Christmas,Classmate,work office productivity career,"Techie, Practical",1260,"Professional Notebook - Edition 5, curated for work lovers and suitable for christmas gifting."
Professional Notebook - Edition 6,Office,Friendship Day,Mentor,work office productivity career,"Classic, Sentimental",1400,"Professional Notebook - Edition 6, curated for work lovers and suitable for friendship day gifting."
Professional Notebook - Edition 7,Office,Wedding,Partner,work office productivity career,"Creative, Sentimental",1540,"Professional Notebook - Edition 7, curated for work lovers and suitable for wedding gifting."
Desk Plant - Edition 1,Office,Graduation,Family,work office productivity career,"Adventurous, Extroverted",700,"Desk Plant - Edition 1, curated for work lovers and suitable for graduation gifting."
Desk Plant - Edition 2,Office,Housewarming,Colleague,work office productivity career,"Introverted, Intellectual",840,"Desk Plant - Edition 2, curated for work lovers and suitable for housewarming gifting."
Desk Plant - Edition 3,Office,Farewell,Classmate,work office productivity career,"Funny, Trendy",980,"Desk Plant - Edition 3, curated for work lovers and suitable for farewell gifting."
Desk Plant - Edition 4,Office,Christmas,Mentor,work office productivity career,"Techie, Practical",1120,"Desk Plant - Edition 4, curated for work lovers and suitable for christmas gifting."
Desk Plant - Edition 5,Office,Friendship Day,Partner,work office productivity career,"Classic, Sentimental",1260,"Desk Plant - Edition 5, curated for work lovers and suitable for friendship day gifting."
Desk Plant - Edition 6,Office,Wedding,Best Friend,work office productivity career,"Creative, Sentimental",1400,"Desk Plant - Edition 6, curated for work lovers and suitable for wedding gifting."
Desk Plant - Edition 7,Office,Promotion,Friend,work office productivity career,"Romantic, Stylish",1540,"Desk Plant - Edition 7, curated for work lovers and suitable for promotion gifting."
Coffee Mug Set - Edition 1,Office,Housewarming,Classmate,work office productivity career,"Introverted, Intellectual",700,"Coffee Mug Set - Edition 1, curated for work lovers and suitable for housewarming gifting."
Coffee Mug Set - Edition 2,Office,Farewell,Mentor,work office productivity career,"Funny, Trendy",840,"Coffee Mug Set - Edition 2, curated for work lovers and suitable for farewell gifting."
Coffee Mug Set - Edition 3,Office,Christmas,Partner,work office productivity career,"Techie, Practical",980,"Coffee Mug Set - Edition 3, curated for work lovers and suitable for christmas gifting."
Coffee Mug Set - Edition 4,Office,Friendship Day,Best Friend,work office productivity career,"Classic, Sentimental",1120,"Coffee Mug Set - Edition 4, curated for work lovers and suitable for friendship day gifting."
Coffee Mug Set - Edition 5,Office,Wedding,Friend,work office productivity career,"Creative, Sentimental",1260,"Coffee Mug Set - Edition 5, curated for work lovers and suitable for wedding gifting."
Coffee Mug Set - Edition 6,Office,Promotion,Sibling,work office productivity career,"Romantic, Stylish",1400,"Coffee Mug Set - Edition 6, curated for work lovers and suitable for promotion gifting."
Coffee Mug Set - Edition 7,Office,Thank You,Parent,work office productivity career,"Practical, Minimalist",1540,"Coffee Mug Set - Edition 7, curated for work lovers and suitable for thank you gifting."
Laptop Stand - Edition 1,Office,Farewell,Partner,work office productivity career,"Funny, Trendy",700,"Laptop Stand - Edition 1, curated for work lovers and suitable for farewell gifting."
Laptop Stand - Edition 2,Office,Christmas,Best Friend,work office productivity career,"Techie, Practical",840,"Laptop Stand - Edition 2, curated for work lovers and suitable for christmas gifting."
Laptop Stand - Edition 3,Office,Friendship Day,Friend,work office productivity career,"Classic, Sentimental",980,"Laptop Stand - Edition 3, curated for work lovers and suitable for friendship day gifting."
Laptop Stand - Edition 4,Office,Wedding,Sibling,work office productivity career,"Creative, Sentimental",1120,"Laptop Stand - Edition 4, curated for work lovers and suitable for wedding gifting."
Laptop Stand - Edition 5,Office,Promotion,Parent,work office productivity career,"Romantic, Stylish",1260,"Laptop Stand - Edition 5, curated for work lovers and suitable for promotion gifting."
Laptop Stand - Edition 6,Office,Thank You,Family,work office productivity career,"Practical, Minimalist",1400,"Laptop Stand - Edition 6, curated for work lovers and suitable for thank you gifting."
Laptop Stand - Edition 7,Office,Just Because,Colleague,work office productivity career,"Adventurous, Extroverted",1540,"Laptop Stand - Edition 7, curated for work lovers and suitable for just because gifting."
Cable Organizer - Edition 1,Office,Christmas,Friend,work office productivity career,"Techie, Practical",700,"Cable Organizer - Edition 1, curated for work lovers and suitable for christmas gifting."
Cable Organizer - Edition 2,Office,Friendship Day,Sibling,work office productivity career,"Classic, Sentimental",840,"Cable Organizer - Edition 2, curated for work lovers and suitable for friendship day gifting."
Cable Organizer - Edition 3,Office,Wedding,Parent,work office productivity career,"Creative, Sentimental",980,"Cable Organizer - Edition 3, curated for work lovers and suitable for wedding gifting."
Cable Organizer - Edition 4,Office,Promotion,Family,work office productivity career,"Romantic, Stylish",1120,"Cable Organizer - Edition 4, curated for work lovers and suitable for promotion gifting."
Cable Organizer - Edition 5,Office,Thank You,Colleague,work office productivity career,"Practical, Minimalist",1260,"Cable Organizer - Edition 5, curated for work lovers and suitable for thank you gifting."
Cable Organizer - Edition 6,Office,Just Because,Classmate,work office productivity career,"Adventurous, Extroverted",1400,"Cable Organizer - Edition 6, curated for work lovers and suitable for just because gifting."
Cable Organizer - Edition 7,Office,Birthday,Mentor,work office productivity career,"Introverted, Intellectual",1540,"Cable Organizer - Edition 7, curated for work lovers and suitable for birthday gifting."
Desk Calendar - Edition 1,Office,Friendship Day,Parent,work office productivity career,"Classic, Sentimental",700,"Desk Calendar - Edition 1, curated for work lovers and suitable for friendship day gifting."
Desk Calendar - Edition 2,Office,Wedding,Family,work office productivity career,"Creative, Sentimental",840,"Desk Calendar - Edition 2, curated for work lovers and suitable for wedding gifting."
Desk Calendar - Edition 3,Office,Promotion,Colleague,work office productivity career,"Romantic, Stylish",980,"Desk Calendar - Edition 3, curated for work lovers and suitable for promotion gifting."
Desk Calendar - Edition 4,Office,Thank You,Classmate,work office productivity career,"Practical, Minimalist",1120,"Desk Calendar - Edition 4, curated for work lovers and suitable for thank you gifting."
Desk Calendar - Edition 5,Office,Just Because,Mentor,work office productivity career,"Adventurous, Extroverted",1260,"Desk Calendar - Edition 5, curated for work lovers and suitable for just because gifting."
Desk Calendar - Edition 6,Office,Birthday,Partner,work office productivity career,"Introverted, Intellectual",1400,"Desk Calendar - Edition 6, curated for work lovers and suitable for birthday gifting."
Desk Calendar - Edition 7,Office,Anniversary,Best Friend,work office productivity career,"Funny, Trendy",1540,"Desk Calendar - Edition 7, curated for work lovers and suitable for anniversary gifting."
Premium Pen Set - Edition 1,Office,Wedding,Colleague,work office productivity career,"Creative, Sentimental",700,"Premium Pen Set - Edition 1, curated for work lovers and suitable for wedding gifting."
Premium Pen Set - Edition 2,Office,Promotion,Classmate,work office productivity career,"Romantic, Stylish",840,"Premium Pen Set - Edition 2, curated for work lovers and suitable for promotion gifting."
Premium Pen Set - Edition 3,Office,Thank You,Mentor,work office productivity career,"Practical, Minimalist",980,"Premium Pen Set - Edition 3, curated for work lovers and suitable for thank you gifting."
Premium Pen Set - Edition 4,Office,Just Because,Partner,work office productivity career,"Adventurous, Extroverted",1120,"Premium Pen Set - Edition 4, curated for work lovers and suitable for just because gifting."
Premium Pen Set - Edition 5,Office,Birthday,Best Friend,work office productivity career,"Introverted, Intellectual",1260,"Premium Pen Set - Edition 5, curated for work lovers and suitable for birthday gifting."
Premium Pen Set - Edition 6,Office,Anniversary,Friend,work office productivity career,"Funny, Trendy",1400,"Premium Pen Set - Edition 6, curated for work lovers and suitable for anniversary gifting."
Premium Pen Set - Edition 7,Office,Valentines Day,Sibling,work office productivity career,"Techie, Practical",1540,"Premium Pen Set - Edition 7, curated for work lovers and suitable for valentines day gifting."
Watercolor Starter Kit - Collection 8,Art,Thank You,Mentor,art painting drawing creativity,"Romantic, Stylish",2200,"Watercolor Starter Kit - Collection 8, a refined art gift for thank you and art enthusiasts."
Watercolor Starter Kit - Collection 9,Art,Just Because,Partner,art painting drawing creativity,"Practical, Minimalist",2400,"Watercolor Starter Kit - Collection 9, a refined art gift for just because and art enthusiasts."
Watercolor Starter Kit - Collection 10,Art,Birthday,Best Friend,art painting drawing creativity,"Adventurous, Extroverted",2600,"Watercolor Starter Kit - Collection 10, a refined art gift for birthday and art enthusiasts."
Watercolor Starter Kit - Collection 11,Art,Anniversary,Friend,art painting drawing creativity,"Introverted, Intellectual",2800,"Watercolor Starter Kit - Collection 11, a refined art gift for anniversary and art enthusiasts."
Watercolor Starter Kit - Collection 12,Art,Valentines Day,Sibling,art painting drawing creativity,"Funny, Trendy",3000,"Watercolor Starter Kit - Collection 12, a refined art gift for valentines day and art enthusiasts."
Watercolor Starter Kit - Collection 13,Art,Graduation,Parent,art painting drawing creativity,"Techie, Practical",3200,"Watercolor Starter Kit - Collection 13, a refined art gift for graduation and art enthusiasts."
Watercolor Starter Kit - Collection 14,Art,Housewarming,Family,art painting drawing creativity,"Classic, Sentimental",3400,"Watercolor Starter Kit - Collection 14, a refined art gift for housewarming and art enthusiasts."
Acrylic Painting Set - Collection 8,Art,Just Because,Friend,art painting drawing creativity,"Practical, Minimalist",2200,"Acrylic Painting Set - Collection 8, a refined art gift for just because and art enthusiasts."
Acrylic Painting Set - Collection 9,Art,Birthday,Sibling,art painting drawing creativity,"Adventurous, Extroverted",2400,"Acrylic Painting Set - Collection 9, a refined art gift for birthday and art enthusiasts."
Acrylic Painting Set - Collection 10,Art,Anniversary,Parent,art painting drawing creativity,"Introverted, Intellectual",2600,"Acrylic Painting Set - Collection 10, a refined art gift for anniversary and art enthusiasts."
Acrylic Painting Set - Collection 11,Art,Valentines Day,Family,art painting drawing creativity,"Funny, Trendy",2800,"Acrylic Painting Set - Collection 11, a refined art gift for valentines day and art enthusiasts."
Acrylic Painting Set - Collection 12,Art,Graduation,Colleague,art painting drawing creativity,"Techie, Practical",3000,"Acrylic Painting Set - Collection 12, a refined art gift for graduation and art enthusiasts."
Acrylic Painting Set - Collection 13,Art,Housewarming,Classmate,art painting drawing creativity,"Classic, Sentimental",3200,"Acrylic Painting Set - Collection 13, a refined art gift for housewarming and art enthusiasts."
Acrylic Painting Set - Collection 14,Art,Farewell,Mentor,art painting drawing creativity,"Creative, Sentimental",3400,"Acrylic Painting Set - Collection 14, a refined art gift for farewell and art enthusiasts."
Canvas Art Print - Collection 8,Art,Birthday,Family,art painting drawing creativity,"Adventurous, Extroverted",2200,"Canvas Art Print - Collection 8, a refined art gift for birthday and art enthusiasts."
Canvas Art Print - Collection 9,Art,Anniversary,Colleague,art painting drawing creativity,"Introverted, Intellectual",2400,"Canvas Art Print - Collection 9, a refined art gift for anniversary and art enthusiasts."
Canvas Art Print - Collection 10,Art,Valentines Day,Classmate,art painting drawing creativity,"Funny, Trendy",2600,"Canvas Art Print - Collection 10, a refined art gift for valentines day and art enthusiasts."
Canvas Art Print - Collection 11,Art,Graduation,Mentor,art painting drawing creativity,"Techie, Practical",2800,"Canvas Art Print - Collection 11, a refined art gift for graduation and art enthusiasts."
Canvas Art Print - Collection 12,Art,Housewarming,Partner,art painting drawing creativity,"Classic, Sentimental",3000,"Canvas Art Print - Collection 12, a refined art gift for housewarming and art enthusiasts."
Canvas Art Print - Collection 13,Art,Farewell,Best Friend,art painting drawing creativity,"Creative, Sentimental",3200,"Canvas Art Print - Collection 13, a refined art gift for farewell and art enthusiasts."
Canvas Art Print - Collection 14,Art,Christmas,Friend,art painting drawing creativity,"Romantic, Stylish",3400,"Canvas Art Print - Collection 14, a refined art gift for christmas and art enthusiasts."
Sketching Pencil Set - Collection 8,Art,Anniversary,Mentor,art painting drawing creativity,"Introverted, Intellectual",2200,"Sketching Pencil Set - Collection 8, a refined art gift for anniversary and art enthusiasts."
Sketching Pencil Set - Collection 9,Art,Valentines Day,Partner,art painting drawing creativity,"Funny, Trendy",2400,"Sketching Pencil Set - Collection 9, a refined art gift for valentines day and art enthusiasts."
Sketching Pencil Set - Collection 10,Art,Graduation,Best Friend,art painting drawing creativity,"Techie, Practical",2600,"Sketching Pencil Set - Collection 10, a refined art gift for graduation and art enthusiasts."
Sketching Pencil Set - Collection 11,Art,Housewarming,Friend,art painting drawing creativity,"Classic, Sentimental",2800,"Sketching Pencil Set - Collection 11, a refined art gift for housewarming and art enthusiasts."
Sketching Pencil Set - Collection 12,Art,Farewell,Sibling,art painting drawing creativity,"Creative, Sentimental",3000,"Sketching Pencil Set - Collection 12, a refined art gift for farewell and art enthusiasts."
Sketching Pencil Set - Collection 13,Art,Christmas,Parent,art painting drawing creativity,"Romantic, Stylish",3200,"Sketching Pencil Set - Collection 13, a refined art gift for christmas and art enthusiasts."
Sketching Pencil Set - Collection 14,Art,Friendship Day,Family,art painting drawing creativity,"Practical, Minimalist",3400,"Sketching Pencil Set - Collection 14, a refined art gift for friendship day and art enthusiasts."
Personalized Portrait Illustration - Collection 8,Art,Valentines Day,Friend,art painting drawing creativity,"Funny, Trendy",2200,"Personalized Portrait Illustration - Collection 8, a refined art gift for valentines day and art enthusiasts."
Personalized Portrait Illustration - Collection 9,Art,Graduation,Sibling,art painting drawing creativity,"Techie, Practical",2400,"Personalized Portrait Illustration - Collection 9, a refined art gift for graduation and art enthusiasts."
Personalized Portrait Illustration - Collection 10,Art,Housewarming,Parent,art painting drawing creativity,"Classic, Sentimental",2600,"Personalized Portrait Illustration - Collection 10, a refined art gift for housewarming and art enthusiasts."
Personalized Portrait Illustration - Collection 11,Art,Farewell,Family,art painting drawing creativity,"Creative, Sentimental",2800,"Personalized Portrait Illustration - Collection 11, a refined art gift for farewell and art enthusiasts."
Personalized Portrait Illustration - Collection 12,Art,Christmas,Colleague,art painting drawing creativity,"Romantic, Stylish",3000,"Personalized Portrait Illustration - Collection 12, a refined art gift for christmas and art enthusiasts."
Personalized Portrait Illustration - Collection 13,Art,Friendship Day,Classmate,art painting drawing creativity,"Practical, Minimalist",3200,"Personalized Portrait Illustration - Collection 13, a refined art gift for friendship day and art enthusiasts."
Personalized Portrait Illustration - Collection 14,Art,Wedding,Mentor,art painting drawing creativity,"Adventurous, Extroverted",3400,"Personalized Portrait Illustration - Collection 14, a refined art gift for wedding and art enthusiasts."
Mandala Coloring Book - Collection 8,Art,Graduation,Family,art painting drawing creativity,"Techie, Practical",2200,"Mandala Coloring Book - Collection 8, a refined art gift for graduation and art enthusiasts."
Mandala Coloring Book - Collection 9,Art,Housewarming,Colleague,art painting drawing creativity,"Classic, Sentimental",2400,"Mandala Coloring Book - Collection 9, a refined art gift for housewarming and art enthusiasts."
Mandala Coloring Book - Collection 10,Art,Farewell,Classmate,art painting drawing creativity,"Creative, Sentimental",2600,"Mandala Coloring Book - Collection 10, a refined art gift for farewell and art enthusiasts."
Mandala Coloring Book - Collection 11,Art,Christmas,Mentor,art painting drawing creativity,"Romantic, Stylish",2800,"Mandala Coloring Book - Collection 11, a refined art gift for christmas and art enthusiasts."
Mandala Coloring Book - Collection 12,Art,Friendship Day,Partner,art painting drawing creativity,"Practical, Minimalist",3000,"Mandala Coloring Book - Collection 12, a refined art gift for friendship day and art enthusiasts."
Mandala Coloring Book - Collection 13,Art,Wedding,Best Friend,art painting drawing creativity,"Adventurous, Extroverted",3200,"Mandala Coloring Book - Collection 13, a refined art gift for wedding and art enthusiasts."
Mandala Coloring Book - Collection 14,Art,Promotion,Friend,art painting drawing creativity,"Introverted, Intellectual",3400,"Mandala Coloring Book - Collection 14, a refined art gift for promotion and art enthusiasts."
Calligraphy Art Kit - Collection 8,Art,Housewarming,Mentor,art painting drawing creativity,"Classic, Sentimental",2200,"Calligraphy Art Kit - Collection 8, a refined art gift for housewarming and art enthusiasts."
Calligraphy Art Kit - Collection 9,Art,Farewell,Partner,art painting drawing creativity,"Creative, Sentimental",2400,"Calligraphy Art Kit - Collection 9, a refined art gift for farewell and art enthusiasts."
Calligraphy Art Kit - Collection 10,Art,Christmas,Best Friend,art painting drawing creativity,"Romantic, Stylish",2600,"Calligraphy Art Kit - Collection 10, a refined art gift for christmas and art enthusiasts."
Calligraphy Art Kit - Collection 11,Art,Friendship Day,Friend,art painting drawing creativity,"Practical, Minimalist",2800,"Calligraphy Art Kit - Collection 11, a refined art gift for friendship day and art enthusiasts."
Calligraphy Art Kit - Collection 12,Art,Wedding,Sibling,art painting drawing creativity,"Adventurous, Extroverted",3000,"Calligraphy Art Kit - Collection 12, a refined art gift for wedding and art enthusiasts."
Calligraphy Art Kit - Collection 13,Art,Promotion,Parent,art painting drawing creativity,"Introverted, Intellectual",3200,"Calligraphy Art Kit - Collection 13, a refined art gift for promotion and art enthusiasts."
Calligraphy Art Kit - Collection 14,Art,Thank You,Family,art painting drawing creativity,"Funny, Trendy",3400,"Calligraphy Art Kit - Collection 14, a refined art gift for thank you and art enthusiasts."
Paint by Numbers Kit - Collection 8,Art,Farewell,Friend,art painting drawing creativity,"Creative, Sentimental",2200,"Paint by Numbers Kit - Collection 8, a refined art gift for farewell and art enthusiasts."
Paint by Numbers Kit - Collection 9,Art,Christmas,Sibling,art painting drawing creativity,"Romantic, Stylish",2400,"Paint by Numbers Kit - Collection 9, a refined art gift for christmas and art enthusiasts."
Paint by Numbers Kit - Collection 10,Art,Friendship Day,Parent,art painting drawing creativity,"Practical, Minimalist",2600,"Paint by Numbers Kit - Collection 10, a refined art gift for friendship day and art enthusiasts."
Paint by Numbers Kit - Collection 11,Art,Wedding,Family,art painting drawing creativity,"Adventurous, Extroverted",2800,"Paint by Numbers Kit - Collection 11, a refined art gift for wedding and art enthusiasts."
Paint by Numbers Kit - Collection 12,Art,Promotion,Colleague,art painting drawing creativity,"Introverted, Intellectual",3000,"Paint by Numbers Kit - Collection 12, a refined art gift for promotion and art enthusiasts."
Paint by Numbers Kit - Collection 13,Art,Thank You,Classmate,art painting drawing creativity,"Funny, Trendy",3200,"Paint by Numbers Kit - Collection 13, a refined art gift for thank you and art enthusiasts."
Paint by Numbers Kit - Collection 14,Art,Just Because,Mentor,art painting drawing creativity,"Techie, Practical",3400,"Paint by Numbers Kit - Collection 14, a refined art gift for just because and art enthusiasts."
Classic Novel Gift Edition - Collection 8,Books,Thank You,Mentor,books reading literature learning,"Romantic, Stylish",1375,"Classic Novel Gift Edition - Collection 8, a refined books gift for thank you and books enthusiasts."
Classic Novel Gift Edition - Collection 9,Books,Just Because,Partner,books reading literature learning,"Practical, Minimalist",1500,"Classic Novel Gift Edition - Collection 9, a refined books gift for just because and books enthusiasts."
Classic Novel Gift Edition - Collection 10,Books,Birthday,Best Friend,books reading literature learning,"Adventurous, Extroverted",1625,"Classic Novel Gift Edition - Collection 10, a refined books gift for birthday and books enthusiasts."
Classic Novel Gift Edition - Collection 11,Books,Anniversary,Friend,books reading literature learning,"Introverted, Intellectual",1750,"Classic Novel Gift Edition - Collection 11, a refined books gift for anniversary and books enthusiasts."
Classic Novel Gift Edition - Collection 12,Books,Valentines Day,Sibling,books reading literature learning,"Funny, Trendy",1875,"Classic Novel Gift Edition - Collection 12, a refined books gift for valentines day and books enthusiasts."
Classic Novel Gift Edition - Collection 13,Books,Graduation,Parent,books reading literature learning,"Techie, Practical",2000,"Classic Novel Gift Edition - Collection 13, a refined books gift for graduation and books enthusiasts."
Classic Novel Gift Edition - Collection 14,Books,Housewarming,Family,books reading literature learning,"Classic, Sentimental",2125,"Classic Novel Gift Edition - Collection 14, a refined books gift for housewarming and books enthusiasts."
Personal Growth Book Set - Collection 8,Books,Just Because,Friend,books reading literature learning,"Practical, Minimalist",1375,"Personal Growth Book Set - Collection 8, a refined books gift for just because and books enthusiasts."
Personal Growth Book Set - Collection 9,Books,Birthday,Sibling,books reading literature learning,"Adventurous, Extroverted",1500,"Personal Growth Book Set - Collection 9, a refined books gift for birthday and books enthusiasts."
Personal Growth Book Set - Collection 10,Books,Anniversary,Parent,books reading literature learning,"Introverted, Intellectual",1625,"Personal Growth Book Set - Collection 10, a refined books gift for anniversary and books enthusiasts."
Personal Growth Book Set - Collection 11,Books,Valentines Day,Family,books reading literature learning,"Funny, Trendy",1750,"Personal Growth Book Set - Collection 11, a refined books gift for valentines day and books enthusiasts."
Personal Growth Book Set - Collection 12,Books,Graduation,Colleague,books reading literature learning,"Techie, Practical",1875,"Personal Growth Book Set - Collection 12, a refined books gift for graduation and books enthusiasts."
Personal Growth Book Set - Collection 13,Books,Housewarming,Classmate,books reading literature learning,"Classic, Sentimental",2000,"Personal Growth Book Set - Collection 13, a refined books gift for housewarming and books enthusiasts."
Personal Growth Book Set - Collection 14,Books,Farewell,Mentor,books reading literature learning,"Creative, Sentimental",2125,"Personal Growth Book Set - Collection 14, a refined books gift for farewell and books enthusiasts."
Mystery Novel Collection - Collection 8,Books,Birthday,Family,books reading literature learning,"Adventurous, Extroverted",1375,"Mystery Novel Collection - Collection 8, a refined books gift for birthday and books enthusiasts."
Mystery Novel Collection - Collection 9,Books,Anniversary,Colleague,books reading literature learning,"Introverted, Intellectual",1500,"Mystery Novel Collection - Collection 9, a refined books gift for anniversary and books enthusiasts."
Mystery Novel Collection - Collection 10,Books,Valentines Day,Classmate,books reading literature learning,"Funny, Trendy",1625,"Mystery Novel Collection - Collection 10, a refined books gift for valentines day and books enthusiasts."
Mystery Novel Collection - Collection 11,Books,Graduation,Mentor,books reading literature learning,"Techie, Practical",1750,"Mystery Novel Collection - Collection 11, a refined books gift for graduation and books enthusiasts."
Mystery Novel Collection - Collection 12,Books,Housewarming,Partner,books reading literature learning,"Classic, Sentimental",1875,"Mystery Novel Collection - Collection 12, a refined books gift for housewarming and books enthusiasts."
Mystery Novel Collection - Collection 13,Books,Farewell,Best Friend,books reading literature learning,"Creative, Sentimental",2000,"Mystery Novel Collection - Collection 13, a refined books gift for farewell and books enthusiasts."
Mystery Novel Collection - Collection 14,Books,Christmas,Friend,books reading literature learning,"Romantic, Stylish",2125,"Mystery Novel Collection - Collection 14, a refined books gift for christmas and books enthusiasts."
Poetry Anthology - Collection 8,Books,Anniversary,Mentor,books reading literature learning,"Introverted, Intellectual",1375,"Poetry Anthology - Collection 8, a refined books gift for anniversary and books enthusiasts."
Poetry Anthology - Collection 9,Books,Valentines Day,Partner,books reading literature learning,"Funny, Trendy",1500,"Poetry Anthology - Collection 9, a refined books gift for valentines day and books enthusiasts."
Poetry Anthology - Collection 10,Books,Graduation,Best Friend,books reading literature learning,"Techie, Practical",1625,"Poetry Anthology - Collection 10, a refined books gift for graduation and books enthusiasts."
Poetry Anthology - Collection 11,Books,Housewarming,Friend,books reading literature learning,"Classic, Sentimental",1750,"Poetry Anthology - Collection 11, a refined books gift for housewarming and books enthusiasts."
Poetry Anthology - Collection 12,Books,Farewell,Sibling,books reading literature learning,"Creative, Sentimental",1875,"Poetry Anthology - Collection 12, a refined books gift for farewell and books enthusiasts."
Poetry Anthology - Collection 13,Books,Christmas,Parent,books reading literature learning,"Romantic, Stylish",2000,"Poetry Anthology - Collection 13, a refined books gift for christmas and books enthusiasts."
Poetry Anthology - Collection 14,Books,Friendship Day,Family,books reading literature learning,"Practical, Minimalist",2125,"Poetry Anthology - Collection 14, a refined books gift for friendship day and books enthusiasts."
Coffee Table Photography Book - Collection 8,Books,Valentines Day,Friend,books reading literature learning,"Funny, Trendy",1375,"Coffee Table Photography Book - Collection 8, a refined books gift for valentines day and books enthusiasts."
Coffee Table Photography Book - Collection 9,Books,Graduation,Sibling,books reading literature learning,"Techie, Practical",1500,"Coffee Table Photography Book - Collection 9, a refined books gift for graduation and books enthusiasts."
Coffee Table Photography Book - Collection 10,Books,Housewarming,Parent,books reading literature learning,"Classic, Sentimental",1625,"Coffee Table Photography Book - Collection 10, a refined books gift for housewarming and books enthusiasts."
Coffee Table Photography Book - Collection 11,Books,Farewell,Family,books reading literature learning,"Creative, Sentimental",1750,"Coffee Table Photography Book - Collection 11, a refined books gift for farewell and books enthusiasts."
Coffee Table Photography Book - Collection 12,Books,Christmas,Colleague,books reading literature learning,"Romantic, Stylish",1875,"Coffee Table Photography Book - Collection 12, a refined books gift for christmas and books enthusiasts."
Coffee Table Photography Book - Collection 13,Books,Friendship Day,Classmate,books reading literature learning,"Practical, Minimalist",2000,"Coffee Table Photography Book - Collection 13, a refined books gift for friendship day and books enthusiasts."
Coffee Table Photography Book - Collection 14,Books,Wedding,Mentor,books reading literature learning,"Adventurous, Extroverted",2125,"Coffee Table Photography Book - Collection 14, a refined books gift for wedding and books enthusiasts."
Cookbook Gift Edition - Collection 8,Books,Graduation,Family,books reading literature learning,"Techie, Practical",1375,"Cookbook Gift Edition - Collection 8, a refined books gift for graduation and books enthusiasts."
Cookbook Gift Edition - Collection 9,Books,Housewarming,Colleague,books reading literature learning,"Classic, Sentimental",1500,"Cookbook Gift Edition - Collection 9, a refined books gift for housewarming and books enthusiasts."
Cookbook Gift Edition - Collection 10,Books,Farewell,Classmate,books reading literature learning,"Creative, Sentimental",1625,"Cookbook Gift Edition - Collection 10, a refined books gift for farewell and books enthusiasts."
Cookbook Gift Edition - Collection 11,Books,Christmas,Mentor,books reading literature learning,"Romantic, Stylish",1750,"Cookbook Gift Edition - Collection 11, a refined books gift for christmas and books enthusiasts."
Cookbook Gift Edition - Collection 12,Books,Friendship Day,Partner,books reading literature learning,"Practical, Minimalist",1875,"Cookbook Gift Edition - Collection 12, a refined books gift for friendship day and books enthusiasts."
Cookbook Gift Edition - Collection 13,Books,Wedding,Best Friend,books reading literature learning,"Adventurous, Extroverted",2000,"Cookbook Gift Edition - Collection 13, a refined books gift for wedding and books enthusiasts."
Cookbook Gift Edition - Collection 14,Books,Promotion,Friend,books reading literature learning,"Introverted, Intellectual",2125,"Cookbook Gift Edition - Collection 14, a refined books gift for promotion and books enthusiasts."
Travel Stories Collection - Collection 8,Books,Housewarming,Mentor,books reading literature learning,"Classic, Sentimental",1375,"Travel Stories Collection - Collection 8, a refined books gift for housewarming and books enthusiasts."
Travel Stories Collection - Collection 9,Books,Farewell,Partner,books reading literature learning,"Creative, Sentimental",1500,"Travel Stories Collection - Collection 9, a refined books gift for farewell and books enthusiasts."
Travel Stories Collection - Collection 10,Books,Christmas,Best Friend,books reading literature learning,"Romantic, Stylish",1625,"Travel Stories Collection - Collection 10, a refined books gift for christmas and books enthusiasts."
Travel Stories Collection - Collection 11,Books,Friendship Day,Friend,books reading literature learning,"Practical, Minimalist",1750,"Travel Stories Collection - Collection 11, a refined books gift for friendship day and books enthusiasts."
Travel Stories Collection - Collection 12,Books,Wedding,Sibling,books reading literature learning,"Adventurous, Extroverted",1875,"Travel Stories Collection - Collection 12, a refined books gift for wedding and books enthusiasts."
Travel Stories Collection - Collection 13,Books,Promotion,Parent,books reading literature learning,"Introverted, Intellectual",2000,"Travel Stories Collection - Collection 13, a refined books gift for promotion and books enthusiasts."
Travel Stories Collection - Collection 14,Books,Thank You,Family,books reading literature learning,"Funny, Trendy",2125,"Travel Stories Collection - Collection 14, a refined books gift for thank you and books enthusiasts."
Science Book Set - Collection 8,Books,Farewell,Friend,books reading literature learning,"Creative, Sentimental",1375,"Science Book Set - Collection 8, a refined books gift for farewell and books enthusiasts."
Science Book Set - Collection 9,Books,Christmas,Sibling,books reading literature learning,"Romantic, Stylish",1500,"Science Book Set - Collection 9, a refined books gift for christmas and books enthusiasts."
Science Book Set - Collection 10,Books,Friendship Day,Parent,books reading literature learning,"Practical, Minimalist",1625,"Science Book Set - Collection 10, a refined books gift for friendship day and books enthusiasts."
Science Book Set - Collection 11,Books,Wedding,Family,books reading literature learning,"Adventurous, Extroverted",1750,"Science Book Set - Collection 11, a refined books gift for wedding and books enthusiasts."
Science Book Set - Collection 12,Books,Promotion,Colleague,books reading literature learning,"Introverted, Intellectual",1875,"Science Book Set - Collection 12, a refined books gift for promotion and books enthusiasts."
Science Book Set - Collection 13,Books,Thank You,Classmate,books reading literature learning,"Funny, Trendy",2000,"Science Book Set - Collection 13, a refined books gift for thank you and books enthusiasts."
Science Book Set - Collection 14,Books,Just Because,Mentor,books reading literature learning,"Techie, Practical",2125,"Science Book Set - Collection 14, a refined books gift for just because and books enthusiasts."
Premium Skincare Gift Set - Collection 8,Beauty,Thank You,Mentor,skincare beauty self care wellness,"Romantic, Stylish",2475,"Premium Skincare Gift Set - Collection 8, a refined beauty gift for thank you and skincare enthusiasts."
Premium Skincare Gift Set - Collection 9,Beauty,Just Because,Partner,skincare beauty self care wellness,"Practical, Minimalist",2700,"Premium Skincare Gift Set - Collection 9, a refined beauty gift for just because and skincare enthusiasts."
Premium Skincare Gift Set - Collection 10,Beauty,Birthday,Best Friend,skincare beauty self care wellness,"Adventurous, Extroverted",2925,"Premium Skincare Gift Set - Collection 10, a refined beauty gift for birthday and skincare enthusiasts."
Premium Skincare Gift Set - Collection 11,Beauty,Anniversary,Friend,skincare beauty self care wellness,"Introverted, Intellectual",3150,"Premium Skincare Gift Set - Collection 11, a refined beauty gift for anniversary and skincare enthusiasts."
Premium Skincare Gift Set - Collection 12,Beauty,Valentines Day,Sibling,skincare beauty self care wellness,"Funny, Trendy",3375,"Premium Skincare Gift Set - Collection 12, a refined beauty gift for valentines day and skincare enthusiasts."
Premium Skincare Gift Set - Collection 13,Beauty,Graduation,Parent,skincare beauty self care wellness,"Techie, Practical",3600,"Premium Skincare Gift Set - Collection 13, a refined beauty gift for graduation and skincare enthusiasts."
Premium Skincare Gift Set - Collection 14,Beauty,Housewarming,Family,skincare beauty self care wellness,"Classic, Sentimental",3825,"Premium Skincare Gift Set - Collection 14, a refined beauty gift for housewarming and skincare enthusiasts."
Self Care Bath Set - Collection 8,Beauty,Just Because,Friend,skincare beauty self care wellness,"Practical, Minimalist",2475,"Self Care Bath Set - Collection 8, a refined beauty gift for just because and skincare enthusiasts."
Self Care Bath Set - Collection 9,Beauty,Birthday,Sibling,skincare beauty self care wellness,"Adventurous, Extroverted",2700,"Self Care Bath Set - Collection 9, a refined beauty gift for birthday and skincare enthusiasts."
Self Care Bath Set - Collection 10,Beauty,Anniversary,Parent,skincare beauty self care wellness,"Introverted, Intellectual",2925,"Self Care Bath Set - Collection 10, a refined beauty gift for anniversary and skincare enthusiasts."
Self Care Bath Set - Collection 11,Beauty,Valentines Day,Family,skincare beauty self care wellness,"Funny, Trendy",3150,"Self Care Bath Set - Collection 11, a refined beauty gift for valentines day and skincare enthusiasts."
Self Care Bath Set - Collection 12,Beauty,Graduation,Colleague,skincare beauty self care wellness,"Techie, Practical",3375,"Self Care Bath Set - Collection 12, a refined beauty gift for graduation and skincare enthusiasts."
Self Care Bath Set - Collection 13,Beauty,Housewarming,Classmate,skincare beauty self care wellness,"Classic, Sentimental",3600,"Self Care Bath Set - Collection 13, a refined beauty gift for housewarming and skincare enthusiasts."
Self Care Bath Set - Collection 14,Beauty,Farewell,Mentor,skincare beauty self care wellness,"Creative, Sentimental",3825,"Self Care Bath Set - Collection 14, a refined beauty gift for farewell and skincare enthusiasts."
Lip Care Collection - Collection 8,Beauty,Birthday,Family,skincare beauty self care wellness,"Adventurous, Extroverted",2475,"Lip Care Collection - Collection 8, a refined beauty gift for birthday and skincare enthusiasts."
Lip Care Collection - Collection 9,Beauty,Anniversary,Colleague,skincare beauty self care wellness,"Introverted, Intellectual",2700,"Lip Care Collection - Collection 9, a refined beauty gift for anniversary and skincare enthusiasts."
Lip Care Collection - Collection 10,Beauty,Valentines Day,Classmate,skincare beauty self care wellness,"Funny, Trendy",2925,"Lip Care Collection - Collection 10, a refined beauty gift for valentines day and skincare enthusiasts."
Lip Care Collection - Collection 11,Beauty,Graduation,Mentor,skincare beauty self care wellness,"Techie, Practical",3150,"Lip Care Collection - Collection 11, a refined beauty gift for graduation and skincare enthusiasts."
Lip Care Collection - Collection 12,Beauty,Housewarming,Partner,skincare beauty self care wellness,"Classic, Sentimental",3375,"Lip Care Collection - Collection 12, a refined beauty gift for housewarming and skincare enthusiasts."
Lip Care Collection - Collection 13,Beauty,Farewell,Best Friend,skincare beauty self care wellness,"Creative, Sentimental",3600,"Lip Care Collection - Collection 13, a refined beauty gift for farewell and skincare enthusiasts."
Lip Care Collection - Collection 14,Beauty,Christmas,Friend,skincare beauty self care wellness,"Romantic, Stylish",3825,"Lip Care Collection - Collection 14, a refined beauty gift for christmas and skincare enthusiasts."
Body Care Gift Box - Collection 8,Beauty,Anniversary,Mentor,skincare beauty self care wellness,"Introverted, Intellectual",2475,"Body Care Gift Box - Collection 8, a refined beauty gift for anniversary and skincare enthusiasts."
Body Care Gift Box - Collection 9,Beauty,Valentines Day,Partner,skincare beauty self care wellness,"Funny, Trendy",2700,"Body Care Gift Box - Collection 9, a refined beauty gift for valentines day and skincare enthusiasts."
Body Care Gift Box - Collection 10,Beauty,Graduation,Best Friend,skincare beauty self care wellness,"Techie, Practical",2925,"Body Care Gift Box - Collection 10, a refined beauty gift for graduation and skincare enthusiasts."
Body Care Gift Box - Collection 11,Beauty,Housewarming,Friend,skincare beauty self care wellness,"Classic, Sentimental",3150,"Body Care Gift Box - Collection 11, a refined beauty gift for housewarming and skincare enthusiasts."
Body Care Gift Box - Collection 12,Beauty,Farewell,Sibling,skincare beauty self care wellness,"Creative, Sentimental",3375,"Body Care Gift Box - Collection 12, a refined beauty gift for farewell and skincare enthusiasts."
Body Care Gift Box - Collection 13,Beauty,Christmas,Parent,skincare beauty self care wellness,"Romantic, Stylish",3600,"Body Care Gift Box - Collection 13, a refined beauty gift for christmas and skincare enthusiasts."
Body Care Gift Box - Collection 14,Beauty,Friendship Day,Family,skincare beauty self care wellness,"Practical, Minimalist",3825,"Body Care Gift Box - Collection 14, a refined beauty gift for friendship day and skincare enthusiasts."
Aromatherapy Set - Collection 8,Beauty,Valentines Day,Friend,skincare beauty self care wellness,"Funny, Trendy",2475,"Aromatherapy Set - Collection 8, a refined beauty gift for valentines day and skincare enthusiasts."
Aromatherapy Set - Collection 9,Beauty,Graduation,Sibling,skincare beauty self care wellness,"Techie, Practical",2700,"Aromatherapy Set - Collection 9, a refined beauty gift for graduation and skincare enthusiasts."
Aromatherapy Set - Collection 10,Beauty,Housewarming,Parent,skincare beauty self care wellness,"Classic, Sentimental",2925,"Aromatherapy Set - Collection 10, a refined beauty gift for housewarming and skincare enthusiasts."
Aromatherapy Set - Collection 11,Beauty,Farewell,Family,skincare beauty self care wellness,"Creative, Sentimental",3150,"Aromatherapy Set - Collection 11, a refined beauty gift for farewell and skincare enthusiasts."
Aromatherapy Set - Collection 12,Beauty,Christmas,Colleague,skincare beauty self care wellness,"Romantic, Stylish",3375,"Aromatherapy Set - Collection 12, a refined beauty gift for christmas and skincare enthusiasts."
Aromatherapy Set - Collection 13,Beauty,Friendship Day,Classmate,skincare beauty self care wellness,"Practical, Minimalist",3600,"Aromatherapy Set - Collection 13, a refined beauty gift for friendship day and skincare enthusiasts."
Aromatherapy Set - Collection 14,Beauty,Wedding,Mentor,skincare beauty self care wellness,"Adventurous, Extroverted",3825,"Aromatherapy Set - Collection 14, a refined beauty gift for wedding and skincare enthusiasts."
Hand Care Kit - Collection 8,Beauty,Graduation,Family,skincare beauty self care wellness,"Techie, Practical",2475,"Hand Care Kit - Collection 8, a refined beauty gift for graduation and skincare enthusiasts."
Hand Care Kit - Collection 9,Beauty,Housewarming,Colleague,skincare beauty self care wellness,"Classic, Sentimental",2700,"Hand Care Kit - Collection 9, a refined beauty gift for housewarming and skincare enthusiasts."
Hand Care Kit - Collection 10,Beauty,Farewell,Classmate,skincare beauty self care wellness,"Creative, Sentimental",2925,"Hand Care Kit - Collection 10, a refined beauty gift for farewell and skincare enthusiasts."
Hand Care Kit - Collection 11,Beauty,Christmas,Mentor,skincare beauty self care wellness,"Romantic, Stylish",3150,"Hand Care Kit - Collection 11, a refined beauty gift for christmas and skincare enthusiasts."
Hand Care Kit - Collection 12,Beauty,Friendship Day,Partner,skincare beauty self care wellness,"Practical, Minimalist",3375,"Hand Care Kit - Collection 12, a refined beauty gift for friendship day and skincare enthusiasts."
Hand Care Kit - Collection 13,Beauty,Wedding,Best Friend,skincare beauty self care wellness,"Adventurous, Extroverted",3600,"Hand Care Kit - Collection 13, a refined beauty gift for wedding and skincare enthusiasts."
Hand Care Kit - Collection 14,Beauty,Promotion,Friend,skincare beauty self care wellness,"Introverted, Intellectual",3825,"Hand Care Kit - Collection 14, a refined beauty gift for promotion and skincare enthusiasts."
Hair Care Gift Set - Collection 8,Beauty,Housewarming,Mentor,skincare beauty self care wellness,"Classic, Sentimental",2475,"Hair Care Gift Set - Collection 8, a refined beauty gift for housewarming and skincare enthusiasts."
Hair Care Gift Set - Collection 9,Beauty,Farewell,Partner,skincare beauty self care wellness,"Creative, Sentimental",2700,"Hair Care Gift Set - Collection 9, a refined beauty gift for farewell and skincare enthusiasts."
Hair Care Gift Set - Collection 10,Beauty,Christmas,Best Friend,skincare beauty self care wellness,"Romantic, Stylish",2925,"Hair Care Gift Set - Collection 10, a refined beauty gift for christmas and skincare enthusiasts."
Hair Care Gift Set - Collection 11,Beauty,Friendship Day,Friend,skincare beauty self care wellness,"Practical, Minimalist",3150,"Hair Care Gift Set - Collection 11, a refined beauty gift for friendship day and skincare enthusiasts."
Hair Care Gift Set - Collection 12,Beauty,Wedding,Sibling,skincare beauty self care wellness,"Adventurous, Extroverted",3375,"Hair Care Gift Set - Collection 12, a refined beauty gift for wedding and skincare enthusiasts."
Hair Care Gift Set - Collection 13,Beauty,Promotion,Parent,skincare beauty self care wellness,"Introverted, Intellectual",3600,"Hair Care Gift Set - Collection 13, a refined beauty gift for promotion and skincare enthusiasts."
Hair Care Gift Set - Collection 14,Beauty,Thank You,Family,skincare beauty self care wellness,"Funny, Trendy",3825,"Hair Care Gift Set - Collection 14, a refined beauty gift for thank you and skincare enthusiasts."
Beauty Travel Pouch - Collection 8,Beauty,Farewell,Friend,skincare beauty self care wellness,"Creative, Sentimental",2475,"Beauty Travel Pouch - Collection 8, a refined beauty gift for farewell and skincare enthusiasts."
Beauty Travel Pouch - Collection 9,Beauty,Christmas,Sibling,skincare beauty self care wellness,"Romantic, Stylish",2700,"Beauty Travel Pouch - Collection 9, a refined beauty gift for christmas and skincare enthusiasts."
Beauty Travel Pouch - Collection 10,Beauty,Friendship Day,Parent,skincare beauty self care wellness,"Practical, Minimalist",2925,"Beauty Travel Pouch - Collection 10, a refined beauty gift for friendship day and skincare enthusiasts."
Beauty Travel Pouch - Collection 11,Beauty,Wedding,Family,skincare beauty self care wellness,"Adventurous, Extroverted",3150,"Beauty Travel Pouch - Collection 11, a refined beauty gift for wedding and skincare enthusiasts."
Beauty Travel Pouch - Collection 12,Beauty,Promotion,Colleague,skincare beauty self care wellness,"Introverted, Intellectual",3375,"Beauty Travel Pouch - Collection 12, a refined beauty gift for promotion and skincare enthusiasts."
Beauty Travel Pouch - Collection 13,Beauty,Thank You,Classmate,skincare beauty self care wellness,"Funny, Trendy",3600,"Beauty Travel Pouch - Collection 13, a refined beauty gift for thank you and skincare enthusiasts."
Beauty Travel Pouch - Collection 14,Beauty,Just Because,Mentor,skincare beauty self care wellness,"Techie, Practical",3825,"Beauty Travel Pouch - Collection 14, a refined beauty gift for just because and skincare enthusiasts."
Wireless Earbuds - Collection 8,Technology,Thank You,Mentor,technology gadgets productivity,"Romantic, Stylish",3300,"Wireless Earbuds - Collection 8, a refined technology gift for thank you and technology enthusiasts."
Wireless Earbuds - Collection 9,Technology,Just Because,Partner,technology gadgets productivity,"Practical, Minimalist",3600,"Wireless Earbuds - Collection 9, a refined technology gift for just because and technology enthusiasts."
Wireless Earbuds - Collection 10,Technology,Birthday,Best Friend,technology gadgets productivity,"Adventurous, Extroverted",3900,"Wireless Earbuds - Collection 10, a refined technology gift for birthday and technology enthusiasts."
Wireless Earbuds - Collection 11,Technology,Anniversary,Friend,technology gadgets productivity,"Introverted, Intellectual",4200,"Wireless Earbuds - Collection 11, a refined technology gift for anniversary and technology enthusiasts."
Wireless Earbuds - Collection 12,Technology,Valentines Day,Sibling,technology gadgets productivity,"Funny, Trendy",4500,"Wireless Earbuds - Collection 12, a refined technology gift for valentines day and technology enthusiasts."
Wireless Earbuds - Collection 13,Technology,Graduation,Parent,technology gadgets productivity,"Techie, Practical",4800,"Wireless Earbuds - Collection 13, a refined technology gift for graduation and technology enthusiasts."
Wireless Earbuds - Collection 14,Technology,Housewarming,Family,technology gadgets productivity,"Classic, Sentimental",5100,"Wireless Earbuds - Collection 14, a refined technology gift for housewarming and technology enthusiasts."
Portable Bluetooth Speaker - Collection 8,Technology,Just Because,Friend,technology gadgets productivity,"Practical, Minimalist",3300,"Portable Bluetooth Speaker - Collection 8, a refined technology gift for just because and technology enthusiasts."
Portable Bluetooth Speaker - Collection 9,Technology,Birthday,Sibling,technology gadgets productivity,"Adventurous, Extroverted",3600,"Portable Bluetooth Speaker - Collection 9, a refined technology gift for birthday and technology enthusiasts."
Portable Bluetooth Speaker - Collection 10,Technology,Anniversary,Parent,technology gadgets productivity,"Introverted, Intellectual",3900,"Portable Bluetooth Speaker - Collection 10, a refined technology gift for anniversary and technology enthusiasts."
Portable Bluetooth Speaker - Collection 11,Technology,Valentines Day,Family,technology gadgets productivity,"Funny, Trendy",4200,"Portable Bluetooth Speaker - Collection 11, a refined technology gift for valentines day and technology enthusiasts."
Portable Bluetooth Speaker - Collection 12,Technology,Graduation,Colleague,technology gadgets productivity,"Techie, Practical",4500,"Portable Bluetooth Speaker - Collection 12, a refined technology gift for graduation and technology enthusiasts."
Portable Bluetooth Speaker - Collection 13,Technology,Housewarming,Classmate,technology gadgets productivity,"Classic, Sentimental",4800,"Portable Bluetooth Speaker - Collection 13, a refined technology gift for housewarming and technology enthusiasts."
Portable Bluetooth Speaker - Collection 14,Technology,Farewell,Mentor,technology gadgets productivity,"Creative, Sentimental",5100,"Portable Bluetooth Speaker - Collection 14, a refined technology gift for farewell and technology enthusiasts."
Smart Desk Lamp - Collection 8,Technology,Birthday,Family,technology gadgets productivity,"Adventurous, Extroverted",3300,"Smart Desk Lamp - Collection 8, a refined technology gift for birthday and technology enthusiasts."
Smart Desk Lamp - Collection 9,Technology,Anniversary,Colleague,technology gadgets productivity,"Introverted, Intellectual",3600,"Smart Desk Lamp - Collection 9, a refined technology gift for anniversary and technology enthusiasts."
Smart Desk Lamp - Collection 10,Technology,Valentines Day,Classmate,technology gadgets productivity,"Funny, Trendy",3900,"Smart Desk Lamp - Collection 10, a refined technology gift for valentines day and technology enthusiasts."
Smart Desk Lamp - Collection 11,Technology,Graduation,Mentor,technology gadgets productivity,"Techie, Practical",4200,"Smart Desk Lamp - Collection 11, a refined technology gift for graduation and technology enthusiasts."
Smart Desk Lamp - Collection 12,Technology,Housewarming,Partner,technology gadgets productivity,"Classic, Sentimental",4500,"Smart Desk Lamp - Collection 12, a refined technology gift for housewarming and technology enthusiasts."
Smart Desk Lamp - Collection 13,Technology,Farewell,Best Friend,technology gadgets productivity,"Creative, Sentimental",4800,"Smart Desk Lamp - Collection 13, a refined technology gift for farewell and technology enthusiasts."
Smart Desk Lamp - Collection 14,Technology,Christmas,Friend,technology gadgets productivity,"Romantic, Stylish",5100,"Smart Desk Lamp - Collection 14, a refined technology gift for christmas and technology enthusiasts."
Phone Stand - Collection 8,Technology,Anniversary,Mentor,technology gadgets productivity,"Introverted, Intellectual",3300,"Phone Stand - Collection 8, a refined technology gift for anniversary and technology enthusiasts."
Phone Stand - Collection 9,Technology,Valentines Day,Partner,technology gadgets productivity,"Funny, Trendy",3600,"Phone Stand - Collection 9, a refined technology gift for valentines day and technology enthusiasts."
Phone Stand - Collection 10,Technology,Graduation,Best Friend,technology gadgets productivity,"Techie, Practical",3900,"Phone Stand - Collection 10, a refined technology gift for graduation and technology enthusiasts."
Phone Stand - Collection 11,Technology,Housewarming,Friend,technology gadgets productivity,"Classic, Sentimental",4200,"Phone Stand - Collection 11, a refined technology gift for housewarming and technology enthusiasts."
Phone Stand - Collection 12,Technology,Farewell,Sibling,technology gadgets productivity,"Creative, Sentimental",4500,"Phone Stand - Collection 12, a refined technology gift for farewell and technology enthusiasts."
Phone Stand - Collection 13,Technology,Christmas,Parent,technology gadgets productivity,"Romantic, Stylish",4800,"Phone Stand - Collection 13, a refined technology gift for christmas and technology enthusiasts."
Phone Stand - Collection 14,Technology,Friendship Day,Family,technology gadgets productivity,"Practical, Minimalist",5100,"Phone Stand - Collection 14, a refined technology gift for friendship day and technology enthusiasts."
Wireless Charging Pad - Collection 8,Technology,Valentines Day,Friend,technology gadgets productivity,"Funny, Trendy",3300,"Wireless Charging Pad - Collection 8, a refined technology gift for valentines day and technology enthusiasts."
Wireless Charging Pad - Collection 9,Technology,Graduation,Sibling,technology gadgets productivity,"Techie, Practical",3600,"Wireless Charging Pad - Collection 9, a refined technology gift for graduation and technology enthusiasts."
Wireless Charging Pad - Collection 10,Technology,Housewarming,Parent,technology gadgets productivity,"Classic, Sentimental",3900,"Wireless Charging Pad - Collection 10, a refined technology gift for housewarming and technology enthusiasts."
Wireless Charging Pad - Collection 11,Technology,Farewell,Family,technology gadgets productivity,"Creative, Sentimental",4200,"Wireless Charging Pad - Collection 11, a refined technology gift for farewell and technology enthusiasts."
Wireless Charging Pad - Collection 12,Technology,Christmas,Colleague,technology gadgets productivity,"Romantic, Stylish",4500,"Wireless Charging Pad - Collection 12, a refined technology gift for christmas and technology enthusiasts."
Wireless Charging Pad - Collection 13,Technology,Friendship Day,Classmate,technology gadgets productivity,"Practical, Minimalist",4800,"Wireless Charging Pad - Collection 13, a refined technology gift for friendship day and technology enthusiasts."
Wireless Charging Pad - Collection 14,Technology,Wedding,Mentor,technology gadgets productivity,"Adventurous, Extroverted",5100,"Wireless Charging Pad - Collection 14, a refined technology gift for wedding and technology enthusiasts."
Laptop Sleeve - Collection 8,Technology,Graduation,Family,technology gadgets productivity,"Techie, Practical",3300,"Laptop Sleeve - Collection 8, a refined technology gift for graduation and technology enthusiasts."
Laptop Sleeve - Collection 9,Technology,Housewarming,Colleague,technology gadgets productivity,"Classic, Sentimental",3600,"Laptop Sleeve - Collection 9, a refined technology gift for housewarming and technology enthusiasts."
Laptop Sleeve - Collection 10,Technology,Farewell,Classmate,technology gadgets productivity,"Creative, Sentimental",3900,"Laptop Sleeve - Collection 10, a refined technology gift for farewell and technology enthusiasts."
Laptop Sleeve - Collection 11,Technology,Christmas,Mentor,technology gadgets productivity,"Romantic, Stylish",4200,"Laptop Sleeve - Collection 11, a refined technology gift for christmas and technology enthusiasts."
Laptop Sleeve - Collection 12,Technology,Friendship Day,Partner,technology gadgets productivity,"Practical, Minimalist",4500,"Laptop Sleeve - Collection 12, a refined technology gift for friendship day and technology enthusiasts."
Laptop Sleeve - Collection 13,Technology,Wedding,Best Friend,technology gadgets productivity,"Adventurous, Extroverted",4800,"Laptop Sleeve - Collection 13, a refined technology gift for wedding and technology enthusiasts."
Laptop Sleeve - Collection 14,Technology,Promotion,Friend,technology gadgets productivity,"Introverted, Intellectual",5100,"Laptop Sleeve - Collection 14, a refined technology gift for promotion and technology enthusiasts."
Power Bank - Collection 8,Technology,Housewarming,Mentor,technology gadgets productivity,"Classic, Sentimental",3300,"Power Bank - Collection 8, a refined technology gift for housewarming and technology enthusiasts."
Power Bank - Collection 9,Technology,Farewell,Partner,technology gadgets productivity,"Creative, Sentimental",3600,"Power Bank - Collection 9, a refined technology gift for farewell and technology enthusiasts."
Power Bank - Collection 10,Technology,Christmas,Best Friend,technology gadgets productivity,"Romantic, Stylish",3900,"Power Bank - Collection 10, a refined technology gift for christmas and technology enthusiasts."
Power Bank - Collection 11,Technology,Friendship Day,Friend,technology gadgets productivity,"Practical, Minimalist",4200,"Power Bank - Collection 11, a refined technology gift for friendship day and technology enthusiasts."
Power Bank - Collection 12,Technology,Wedding,Sibling,technology gadgets productivity,"Adventurous, Extroverted",4500,"Power Bank - Collection 12, a refined technology gift for wedding and technology enthusiasts."
Power Bank - Collection 13,Technology,Promotion,Parent,technology gadgets productivity,"Introverted, Intellectual",4800,"Power Bank - Collection 13, a refined technology gift for promotion and technology enthusiasts."
Power Bank - Collection 14,Technology,Thank You,Family,technology gadgets productivity,"Funny, Trendy",5100,"Power Bank - Collection 14, a refined technology gift for thank you and technology enthusiasts."
Mechanical Keyboard - Collection 8,Technology,Farewell,Friend,technology gadgets productivity,"Creative, Sentimental",3300,"Mechanical Keyboard - Collection 8, a refined technology gift for farewell and technology enthusiasts."
Mechanical Keyboard - Collection 9,Technology,Christmas,Sibling,technology gadgets productivity,"Romantic, Stylish",3600,"Mechanical Keyboard - Collection 9, a refined technology gift for christmas and technology enthusiasts."
Mechanical Keyboard - Collection 10,Technology,Friendship Day,Parent,technology gadgets productivity,"Practical, Minimalist",3900,"Mechanical Keyboard - Collection 10, a refined technology gift for friendship day and technology enthusiasts."
Mechanical Keyboard - Collection 11,Technology,Wedding,Family,technology gadgets productivity,"Adventurous, Extroverted",4200,"Mechanical Keyboard - Collection 11, a refined technology gift for wedding and technology enthusiasts."
Mechanical Keyboard - Collection 12,Technology,Promotion,Colleague,technology gadgets productivity,"Introverted, Intellectual",4500,"Mechanical Keyboard - Collection 12, a refined technology gift for promotion and technology enthusiasts."
Mechanical Keyboard - Collection 13,Technology,Thank You,Classmate,technology gadgets productivity,"Funny, Trendy",4800,"Mechanical Keyboard - Collection 13, a refined technology gift for thank you and technology enthusiasts."
Mechanical Keyboard - Collection 14,Technology,Just Because,Mentor,technology gadgets productivity,"Techie, Practical",5100,"Mechanical Keyboard - Collection 14, a refined technology gift for just because and technology enthusiasts."
Gaming Headset - Collection 8,Gaming,Thank You,Mentor,gaming esports technology entertainment,"Romantic, Stylish",3575,"Gaming Headset - Collection 8, a refined gaming gift for thank you and gaming enthusiasts."
Gaming Headset - Collection 9,Gaming,Just Because,Partner,gaming esports technology entertainment,"Practical, Minimalist",3900,"Gaming Headset - Collection 9, a refined gaming gift for just because and gaming enthusiasts."
Gaming Headset - Collection 10,Gaming,Birthday,Best Friend,gaming esports technology entertainment,"Adventurous, Extroverted",4225,"Gaming Headset - Collection 10, a refined gaming gift for birthday and gaming enthusiasts."
Gaming Headset - Collection 11,Gaming,Anniversary,Friend,gaming esports technology entertainment,"Introverted, Intellectual",4550,"Gaming Headset - Collection 11, a refined gaming gift for anniversary and gaming enthusiasts."
Gaming Headset - Collection 12,Gaming,Valentines Day,Sibling,gaming esports technology entertainment,"Funny, Trendy",4875,"Gaming Headset - Collection 12, a refined gaming gift for valentines day and gaming enthusiasts."
Gaming Headset - Collection 13,Gaming,Graduation,Parent,gaming esports technology entertainment,"Techie, Practical",5200,"Gaming Headset - Collection 13, a refined gaming gift for graduation and gaming enthusiasts."
Gaming Headset - Collection 14,Gaming,Housewarming,Family,gaming esports technology entertainment,"Classic, Sentimental",5525,"Gaming Headset - Collection 14, a refined gaming gift for housewarming and gaming enthusiasts."
RGB Desk Light - Collection 8,Gaming,Just Because,Friend,gaming esports technology entertainment,"Practical, Minimalist",3575,"RGB Desk Light - Collection 8, a refined gaming gift for just because and gaming enthusiasts."
RGB Desk Light - Collection 9,Gaming,Birthday,Sibling,gaming esports technology entertainment,"Adventurous, Extroverted",3900,"RGB Desk Light - Collection 9, a refined gaming gift for birthday and gaming enthusiasts."
RGB Desk Light - Collection 10,Gaming,Anniversary,Parent,gaming esports technology entertainment,"Introverted, Intellectual",4225,"RGB Desk Light - Collection 10, a refined gaming gift for anniversary and gaming enthusiasts."
RGB Desk Light - Collection 11,Gaming,Valentines Day,Family,gaming esports technology entertainment,"Funny, Trendy",4550,"RGB Desk Light - Collection 11, a refined gaming gift for valentines day and gaming enthusiasts."
RGB Desk Light - Collection 12,Gaming,Graduation,Colleague,gaming esports technology entertainment,"Techie, Practical",4875,"RGB Desk Light - Collection 12, a refined gaming gift for graduation and gaming enthusiasts."
RGB Desk Light - Collection 13,Gaming,Housewarming,Classmate,gaming esports technology entertainment,"Classic, Sentimental",5200,"RGB Desk Light - Collection 13, a refined gaming gift for housewarming and gaming enthusiasts."
RGB Desk Light - Collection 14,Gaming,Farewell,Mentor,gaming esports technology entertainment,"Creative, Sentimental",5525,"RGB Desk Light - Collection 14, a refined gaming gift for farewell and gaming enthusiasts."
Controller Charging Dock - Collection 8,Gaming,Birthday,Family,gaming esports technology entertainment,"Adventurous, Extroverted",3575,"Controller Charging Dock - Collection 8, a refined gaming gift for birthday and gaming enthusiasts."
Controller Charging Dock - Collection 9,Gaming,Anniversary,Colleague,gaming esports technology entertainment,"Introverted, Intellectual",3900,"Controller Charging Dock - Collection 9, a refined gaming gift for anniversary and gaming enthusiasts."
Controller Charging Dock - Collection 10,Gaming,Valentines Day,Classmate,gaming esports technology entertainment,"Funny, Trendy",4225,"Controller Charging Dock - Collection 10, a refined gaming gift for valentines day and gaming enthusiasts."
Controller Charging Dock - Collection 11,Gaming,Graduation,Mentor,gaming esports technology entertainment,"Techie, Practical",4550,"Controller Charging Dock - Collection 11, a refined gaming gift for graduation and gaming enthusiasts."
Controller Charging Dock - Collection 12,Gaming,Housewarming,Partner,gaming esports technology entertainment,"Classic, Sentimental",4875,"Controller Charging Dock - Collection 12, a refined gaming gift for housewarming and gaming enthusiasts."
Controller Charging Dock - Collection 13,Gaming,Farewell,Best Friend,gaming esports technology entertainment,"Creative, Sentimental",5200,"Controller Charging Dock - Collection 13, a refined gaming gift for farewell and gaming enthusiasts."
Controller Charging Dock - Collection 14,Gaming,Christmas,Friend,gaming esports technology entertainment,"Romantic, Stylish",5525,"Controller Charging Dock - Collection 14, a refined gaming gift for christmas and gaming enthusiasts."
Gaming Mouse - Collection 8,Gaming,Anniversary,Mentor,gaming esports technology entertainment,"Introverted, Intellectual",3575,"Gaming Mouse - Collection 8, a refined gaming gift for anniversary and gaming enthusiasts."
Gaming Mouse - Collection 9,Gaming,Valentines Day,Partner,gaming esports technology entertainment,"Funny, Trendy",3900,"Gaming Mouse - Collection 9, a refined gaming gift for valentines day and gaming enthusiasts."
Gaming Mouse - Collection 10,Gaming,Graduation,Best Friend,gaming esports technology entertainment,"Techie, Practical",4225,"Gaming Mouse - Collection 10, a refined gaming gift for graduation and gaming enthusiasts."
Gaming Mouse - Collection 11,Gaming,Housewarming,Friend,gaming esports technology entertainment,"Classic, Sentimental",4550,"Gaming Mouse - Collection 11, a refined gaming gift for housewarming and gaming enthusiasts."
Gaming Mouse - Collection 12,Gaming,Farewell,Sibling,gaming esports technology entertainment,"Creative, Sentimental",4875,"Gaming Mouse - Collection 12, a refined gaming gift for farewell and gaming enthusiasts."
Gaming Mouse - Collection 13,Gaming,Christmas,Parent,gaming esports technology entertainment,"Romantic, Stylish",5200,"Gaming Mouse - Collection 13, a refined gaming gift for christmas and gaming enthusiasts."
Gaming Mouse - Collection 14,Gaming,Friendship Day,Family,gaming esports technology entertainment,"Practical, Minimalist",5525,"Gaming Mouse - Collection 14, a refined gaming gift for friendship day and gaming enthusiasts."
Gaming Keyboard - Collection 8,Gaming,Valentines Day,Friend,gaming esports technology entertainment,"Funny, Trendy",3575,"Gaming Keyboard - Collection 8, a refined gaming gift for valentines day and gaming enthusiasts."
Gaming Keyboard - Collection 9,Gaming,Graduation,Sibling,gaming esports technology entertainment,"Techie, Practical",3900,"Gaming Keyboard - Collection 9, a refined gaming gift for graduation and gaming enthusiasts."
Gaming Keyboard - Collection 10,Gaming,Housewarming,Parent,gaming esports technology entertainment,"Classic, Sentimental",4225,"Gaming Keyboard - Collection 10, a refined gaming gift for housewarming and gaming enthusiasts."
Gaming Keyboard - Collection 11,Gaming,Farewell,Family,gaming esports technology entertainment,"Creative, Sentimental",4550,"Gaming Keyboard - Collection 11, a refined gaming gift for farewell and gaming enthusiasts."
Gaming Keyboard - Collection 12,Gaming,Christmas,Colleague,gaming esports technology entertainment,"Romantic, Stylish",4875,"Gaming Keyboard - Collection 12, a refined gaming gift for christmas and gaming enthusiasts."
Gaming Keyboard - Collection 13,Gaming,Friendship Day,Classmate,gaming esports technology entertainment,"Practical, Minimalist",5200,"Gaming Keyboard - Collection 13, a refined gaming gift for friendship day and gaming enthusiasts."
Gaming Keyboard - Collection 14,Gaming,Wedding,Mentor,gaming esports technology entertainment,"Adventurous, Extroverted",5525,"Gaming Keyboard - Collection 14, a refined gaming gift for wedding and gaming enthusiasts."
Desk Mat - Collection 8,Gaming,Graduation,Family,gaming esports technology entertainment,"Techie, Practical",3575,"Desk Mat - Collection 8, a refined gaming gift for graduation and gaming enthusiasts."
Desk Mat - Collection 9,Gaming,Housewarming,Colleague,gaming esports technology entertainment,"Classic, Sentimental",3900,"Desk Mat - Collection 9, a refined gaming gift for housewarming and gaming enthusiasts."
Desk Mat - Collection 10,Gaming,Farewell,Classmate,gaming esports technology entertainment,"Creative, Sentimental",4225,"Desk Mat - Collection 10, a refined gaming gift for farewell and gaming enthusiasts."
Desk Mat - Collection 11,Gaming,Christmas,Mentor,gaming esports technology entertainment,"Romantic, Stylish",4550,"Desk Mat - Collection 11, a refined gaming gift for christmas and gaming enthusiasts."
Desk Mat - Collection 12,Gaming,Friendship Day,Partner,gaming esports technology entertainment,"Practical, Minimalist",4875,"Desk Mat - Collection 12, a refined gaming gift for friendship day and gaming enthusiasts."
Desk Mat - Collection 13,Gaming,Wedding,Best Friend,gaming esports technology entertainment,"Adventurous, Extroverted",5200,"Desk Mat - Collection 13, a refined gaming gift for wedding and gaming enthusiasts."
Desk Mat - Collection 14,Gaming,Promotion,Friend,gaming esports technology entertainment,"Introverted, Intellectual",5525,"Desk Mat - Collection 14, a refined gaming gift for promotion and gaming enthusiasts."
Console Gift Card - Collection 8,Gaming,Housewarming,Mentor,gaming esports technology entertainment,"Classic, Sentimental",3575,"Console Gift Card - Collection 8, a refined gaming gift for housewarming and gaming enthusiasts."
Console Gift Card - Collection 9,Gaming,Farewell,Partner,gaming esports technology entertainment,"Creative, Sentimental",3900,"Console Gift Card - Collection 9, a refined gaming gift for farewell and gaming enthusiasts."
Console Gift Card - Collection 10,Gaming,Christmas,Best Friend,gaming esports technology entertainment,"Romantic, Stylish",4225,"Console Gift Card - Collection 10, a refined gaming gift for christmas and gaming enthusiasts."
Console Gift Card - Collection 11,Gaming,Friendship Day,Friend,gaming esports technology entertainment,"Practical, Minimalist",4550,"Console Gift Card - Collection 11, a refined gaming gift for friendship day and gaming enthusiasts."
Console Gift Card - Collection 12,Gaming,Wedding,Sibling,gaming esports technology entertainment,"Adventurous, Extroverted",4875,"Console Gift Card - Collection 12, a refined gaming gift for wedding and gaming enthusiasts."
Console Gift Card - Collection 13,Gaming,Promotion,Parent,gaming esports technology entertainment,"Introverted, Intellectual",5200,"Console Gift Card - Collection 13, a refined gaming gift for promotion and gaming enthusiasts."
Console Gift Card - Collection 14,Gaming,Thank You,Family,gaming esports technology entertainment,"Funny, Trendy",5525,"Console Gift Card - Collection 14, a refined gaming gift for thank you and gaming enthusiasts."
Game Night Bundle - Collection 8,Gaming,Farewell,Friend,gaming esports technology entertainment,"Creative, Sentimental",3575,"Game Night Bundle - Collection 8, a refined gaming gift for farewell and gaming enthusiasts."
Game Night Bundle - Collection 9,Gaming,Christmas,Sibling,gaming esports technology entertainment,"Romantic, Stylish",3900,"Game Night Bundle - Collection 9, a refined gaming gift for christmas and gaming enthusiasts."
Game Night Bundle - Collection 10,Gaming,Friendship Day,Parent,gaming esports technology entertainment,"Practical, Minimalist",4225,"Game Night Bundle - Collection 10, a refined gaming gift for friendship day and gaming enthusiasts."
Game Night Bundle - Collection 11,Gaming,Wedding,Family,gaming esports technology entertainment,"Adventurous, Extroverted",4550,"Game Night Bundle - Collection 11, a refined gaming gift for wedding and gaming enthusiasts."
Game Night Bundle - Collection 12,Gaming,Promotion,Colleague,gaming esports technology entertainment,"Introverted, Intellectual",4875,"Game Night Bundle - Collection 12, a refined gaming gift for promotion and gaming enthusiasts."
Game Night Bundle - Collection 13,Gaming,Thank You,Classmate,gaming esports technology entertainment,"Funny, Trendy",5200,"Game Night Bundle - Collection 13, a refined gaming gift for thank you and gaming enthusiasts."
Game Night Bundle - Collection 14,Gaming,Just Because,Mentor,gaming esports technology entertainment,"Techie, Practical",5525,"Game Night Bundle - Collection 14, a refined gaming gift for just because and gaming enthusiasts."
Personalized Photo Album - Collection 8,Photography,Thank You,Mentor,photography memories creativity travel,"Romantic, Stylish",1925,"Personalized Photo Album - Collection 8, a refined photography gift for thank you and photography enthusiasts."
Personalized Photo Album - Collection 9,Photography,Just Because,Partner,photography memories creativity travel,"Practical, Minimalist",2100,"Personalized Photo Album - Collection 9, a refined photography gift for just because and photography enthusiasts."
Personalized Photo Album - Collection 10,Photography,Birthday,Best Friend,photography memories creativity travel,"Adventurous, Extroverted",2275,"Personalized Photo Album - Collection 10, a refined photography gift for birthday and photography enthusiasts."
Personalized Photo Album - Collection 11,Photography,Anniversary,Friend,photography memories creativity travel,"Introverted, Intellectual",2450,"Personalized Photo Album - Collection 11, a refined photography gift for anniversary and photography enthusiasts."
Personalized Photo Album - Collection 12,Photography,Valentines Day,Sibling,photography memories creativity travel,"Funny, Trendy",2625,"Personalized Photo Album - Collection 12, a refined photography gift for valentines day and photography enthusiasts."
Personalized Photo Album - Collection 13,Photography,Graduation,Parent,photography memories creativity travel,"Techie, Practical",2800,"Personalized Photo Album - Collection 13, a refined photography gift for graduation and photography enthusiasts."
Personalized Photo Album - Collection 14,Photography,Housewarming,Family,photography memories creativity travel,"Classic, Sentimental",2975,"Personalized Photo Album - Collection 14, a refined photography gift for housewarming and photography enthusiasts."
Photo Frame Set - Collection 8,Photography,Just Because,Friend,photography memories creativity travel,"Practical, Minimalist",1925,"Photo Frame Set - Collection 8, a refined photography gift for just because and photography enthusiasts."
Photo Frame Set - Collection 9,Photography,Birthday,Sibling,photography memories creativity travel,"Adventurous, Extroverted",2100,"Photo Frame Set - Collection 9, a refined photography gift for birthday and photography enthusiasts."
Photo Frame Set - Collection 10,Photography,Anniversary,Parent,photography memories creativity travel,"Introverted, Intellectual",2275,"Photo Frame Set - Collection 10, a refined photography gift for anniversary and photography enthusiasts."
Photo Frame Set - Collection 11,Photography,Valentines Day,Family,photography memories creativity travel,"Funny, Trendy",2450,"Photo Frame Set - Collection 11, a refined photography gift for valentines day and photography enthusiasts."
Photo Frame Set - Collection 12,Photography,Graduation,Colleague,photography memories creativity travel,"Techie, Practical",2625,"Photo Frame Set - Collection 12, a refined photography gift for graduation and photography enthusiasts."
Photo Frame Set - Collection 13,Photography,Housewarming,Classmate,photography memories creativity travel,"Classic, Sentimental",2800,"Photo Frame Set - Collection 13, a refined photography gift for housewarming and photography enthusiasts."
Photo Frame Set - Collection 14,Photography,Farewell,Mentor,photography memories creativity travel,"Creative, Sentimental",2975,"Photo Frame Set - Collection 14, a refined photography gift for farewell and photography enthusiasts."
Mini Photo Printer - Collection 8,Photography,Birthday,Family,photography memories creativity travel,"Adventurous, Extroverted",1925,"Mini Photo Printer - Collection 8, a refined photography gift for birthday and photography enthusiasts."
Mini Photo Printer - Collection 9,Photography,Anniversary,Colleague,photography memories creativity travel,"Introverted, Intellectual",2100,"Mini Photo Printer - Collection 9, a refined photography gift for anniversary and photography enthusiasts."
Mini Photo Printer - Collection 10,Photography,Valentines Day,Classmate,photography memories creativity travel,"Funny, Trendy",2275,"Mini Photo Printer - Collection 10, a refined photography gift for valentines day and photography enthusiasts."
Mini Photo Printer - Collection 11,Photography,Graduation,Mentor,photography memories creativity travel,"Techie, Practical",2450,"Mini Photo Printer - Collection 11, a refined photography gift for graduation and photography enthusiasts."
Mini Photo Printer - Collection 12,Photography,Housewarming,Partner,photography memories creativity travel,"Classic, Sentimental",2625,"Mini Photo Printer - Collection 12, a refined photography gift for housewarming and photography enthusiasts."
Mini Photo Printer - Collection 13,Photography,Farewell,Best Friend,photography memories creativity travel,"Creative, Sentimental",2800,"Mini Photo Printer - Collection 13, a refined photography gift for farewell and photography enthusiasts."
Mini Photo Printer - Collection 14,Photography,Christmas,Friend,photography memories creativity travel,"Romantic, Stylish",2975,"Mini Photo Printer - Collection 14, a refined photography gift for christmas and photography enthusiasts."
Camera Strap - Collection 8,Photography,Anniversary,Mentor,photography memories creativity travel,"Introverted, Intellectual",1925,"Camera Strap - Collection 8, a refined photography gift for anniversary and photography enthusiasts."
Camera Strap - Collection 9,Photography,Valentines Day,Partner,photography memories creativity travel,"Funny, Trendy",2100,"Camera Strap - Collection 9, a refined photography gift for valentines day and photography enthusiasts."
Camera Strap - Collection 10,Photography,Graduation,Best Friend,photography memories creativity travel,"Techie, Practical",2275,"Camera Strap - Collection 10, a refined photography gift for graduation and photography enthusiasts."
Camera Strap - Collection 11,Photography,Housewarming,Friend,photography memories creativity travel,"Classic, Sentimental",2450,"Camera Strap - Collection 11, a refined photography gift for housewarming and photography enthusiasts."
Camera Strap - Collection 12,Photography,Farewell,Sibling,photography memories creativity travel,"Creative, Sentimental",2625,"Camera Strap - Collection 12, a refined photography gift for farewell and photography enthusiasts."
Camera Strap - Collection 13,Photography,Christmas,Parent,photography memories creativity travel,"Romantic, Stylish",2800,"Camera Strap - Collection 13, a refined photography gift for christmas and photography enthusiasts."
Camera Strap - Collection 14,Photography,Friendship Day,Family,photography memories creativity travel,"Practical, Minimalist",2975,"Camera Strap - Collection 14, a refined photography gift for friendship day and photography enthusiasts."
Photography Notebook - Collection 8,Photography,Valentines Day,Friend,photography memories creativity travel,"Funny, Trendy",1925,"Photography Notebook - Collection 8, a refined photography gift for valentines day and photography enthusiasts."
Photography Notebook - Collection 9,Photography,Graduation,Sibling,photography memories creativity travel,"Techie, Practical",2100,"Photography Notebook - Collection 9, a refined photography gift for graduation and photography enthusiasts."
Photography Notebook - Collection 10,Photography,Housewarming,Parent,photography memories creativity travel,"Classic, Sentimental",2275,"Photography Notebook - Collection 10, a refined photography gift for housewarming and photography enthusiasts."
Photography Notebook - Collection 11,Photography,Farewell,Family,photography memories creativity travel,"Creative, Sentimental",2450,"Photography Notebook - Collection 11, a refined photography gift for farewell and photography enthusiasts."
Photography Notebook - Collection 12,Photography,Christmas,Colleague,photography memories creativity travel,"Romantic, Stylish",2625,"Photography Notebook - Collection 12, a refined photography gift for christmas and photography enthusiasts."
Photography Notebook - Collection 13,Photography,Friendship Day,Classmate,photography memories creativity travel,"Practical, Minimalist",2800,"Photography Notebook - Collection 13, a refined photography gift for friendship day and photography enthusiasts."
Photography Notebook - Collection 14,Photography,Wedding,Mentor,photography memories creativity travel,"Adventurous, Extroverted",2975,"Photography Notebook - Collection 14, a refined photography gift for wedding and photography enthusiasts."
Lens Cleaning Kit - Collection 8,Photography,Graduation,Family,photography memories creativity travel,"Techie, Practical",1925,"Lens Cleaning Kit - Collection 8, a refined photography gift for graduation and photography enthusiasts."
Lens Cleaning Kit - Collection 9,Photography,Housewarming,Colleague,photography memories creativity travel,"Classic, Sentimental",2100,"Lens Cleaning Kit - Collection 9, a refined photography gift for housewarming and photography enthusiasts."
Lens Cleaning Kit - Collection 10,Photography,Farewell,Classmate,photography memories creativity travel,"Creative, Sentimental",2275,"Lens Cleaning Kit - Collection 10, a refined photography gift for farewell and photography enthusiasts."
Lens Cleaning Kit - Collection 11,Photography,Christmas,Mentor,photography memories creativity travel,"Romantic, Stylish",2450,"Lens Cleaning Kit - Collection 11, a refined photography gift for christmas and photography enthusiasts."
Lens Cleaning Kit - Collection 12,Photography,Friendship Day,Partner,photography memories creativity travel,"Practical, Minimalist",2625,"Lens Cleaning Kit - Collection 12, a refined photography gift for friendship day and photography enthusiasts."
Lens Cleaning Kit - Collection 13,Photography,Wedding,Best Friend,photography memories creativity travel,"Adventurous, Extroverted",2800,"Lens Cleaning Kit - Collection 13, a refined photography gift for wedding and photography enthusiasts."
Lens Cleaning Kit - Collection 14,Photography,Promotion,Friend,photography memories creativity travel,"Introverted, Intellectual",2975,"Lens Cleaning Kit - Collection 14, a refined photography gift for promotion and photography enthusiasts."
Memory Card Case - Collection 8,Photography,Housewarming,Mentor,photography memories creativity travel,"Classic, Sentimental",1925,"Memory Card Case - Collection 8, a refined photography gift for housewarming and photography enthusiasts."
Memory Card Case - Collection 9,Photography,Farewell,Partner,photography memories creativity travel,"Creative, Sentimental",2100,"Memory Card Case - Collection 9, a refined photography gift for farewell and photography enthusiasts."
Memory Card Case - Collection 10,Photography,Christmas,Best Friend,photography memories creativity travel,"Romantic, Stylish",2275,"Memory Card Case - Collection 10, a refined photography gift for christmas and photography enthusiasts."
Memory Card Case - Collection 11,Photography,Friendship Day,Friend,photography memories creativity travel,"Practical, Minimalist",2450,"Memory Card Case - Collection 11, a refined photography gift for friendship day and photography enthusiasts."
Memory Card Case - Collection 12,Photography,Wedding,Sibling,photography memories creativity travel,"Adventurous, Extroverted",2625,"Memory Card Case - Collection 12, a refined photography gift for wedding and photography enthusiasts."
Memory Card Case - Collection 13,Photography,Promotion,Parent,photography memories creativity travel,"Introverted, Intellectual",2800,"Memory Card Case - Collection 13, a refined photography gift for promotion and photography enthusiasts."
Memory Card Case - Collection 14,Photography,Thank You,Family,photography memories creativity travel,"Funny, Trendy",2975,"Memory Card Case - Collection 14, a refined photography gift for thank you and photography enthusiasts."
Photo Wall Kit - Collection 8,Photography,Farewell,Friend,photography memories creativity travel,"Creative, Sentimental",1925,"Photo Wall Kit - Collection 8, a refined photography gift for farewell and photography enthusiasts."
Photo Wall Kit - Collection 9,Photography,Christmas,Sibling,photography memories creativity travel,"Romantic, Stylish",2100,"Photo Wall Kit - Collection 9, a refined photography gift for christmas and photography enthusiasts."
Photo Wall Kit - Collection 10,Photography,Friendship Day,Parent,photography memories creativity travel,"Practical, Minimalist",2275,"Photo Wall Kit - Collection 10, a refined photography gift for friendship day and photography enthusiasts."
Photo Wall Kit - Collection 11,Photography,Wedding,Family,photography memories creativity travel,"Adventurous, Extroverted",2450,"Photo Wall Kit - Collection 11, a refined photography gift for wedding and photography enthusiasts."
Photo Wall Kit - Collection 12,Photography,Promotion,Colleague,photography memories creativity travel,"Introverted, Intellectual",2625,"Photo Wall Kit - Collection 12, a refined photography gift for promotion and photography enthusiasts."
Photo Wall Kit - Collection 13,Photography,Thank You,Classmate,photography memories creativity travel,"Funny, Trendy",2800,"Photo Wall Kit - Collection 13, a refined photography gift for thank you and photography enthusiasts."
Photo Wall Kit - Collection 14,Photography,Just Because,Mentor,photography memories creativity travel,"Techie, Practical",2975,"Photo Wall Kit - Collection 14, a refined photography gift for just because and photography enthusiasts."
Travel Organizer - Collection 8,Travel,Thank You,Mentor,travel adventure organization,"Romantic, Stylish",1650,"Travel Organizer - Collection 8, a refined travel gift for thank you and travel enthusiasts."
Travel Organizer - Collection 9,Travel,Just Because,Partner,travel adventure organization,"Practical, Minimalist",1800,"Travel Organizer - Collection 9, a refined travel gift for just because and travel enthusiasts."
Travel Organizer - Collection 10,Travel,Birthday,Best Friend,travel adventure organization,"Adventurous, Extroverted",1950,"Travel Organizer - Collection 10, a refined travel gift for birthday and travel enthusiasts."
Travel Organizer - Collection 11,Travel,Anniversary,Friend,travel adventure organization,"Introverted, Intellectual",2100,"Travel Organizer - Collection 11, a refined travel gift for anniversary and travel enthusiasts."
Travel Organizer - Collection 12,Travel,Valentines Day,Sibling,travel adventure organization,"Funny, Trendy",2250,"Travel Organizer - Collection 12, a refined travel gift for valentines day and travel enthusiasts."
Travel Organizer - Collection 13,Travel,Graduation,Parent,travel adventure organization,"Techie, Practical",2400,"Travel Organizer - Collection 13, a refined travel gift for graduation and travel enthusiasts."
Travel Organizer - Collection 14,Travel,Housewarming,Family,travel adventure organization,"Classic, Sentimental",2550,"Travel Organizer - Collection 14, a refined travel gift for housewarming and travel enthusiasts."
Passport Holder - Collection 8,Travel,Just Because,Friend,travel adventure organization,"Practical, Minimalist",1650,"Passport Holder - Collection 8, a refined travel gift for just because and travel enthusiasts."
Passport Holder - Collection 9,Travel,Birthday,Sibling,travel adventure organization,"Adventurous, Extroverted",1800,"Passport Holder - Collection 9, a refined travel gift for birthday and travel enthusiasts."
Passport Holder - Collection 10,Travel,Anniversary,Parent,travel adventure organization,"Introverted, Intellectual",1950,"Passport Holder - Collection 10, a refined travel gift for anniversary and travel enthusiasts."
Passport Holder - Collection 11,Travel,Valentines Day,Family,travel adventure organization,"Funny, Trendy",2100,"Passport Holder - Collection 11, a refined travel gift for valentines day and travel enthusiasts."
Passport Holder - Collection 12,Travel,Graduation,Colleague,travel adventure organization,"Techie, Practical",2250,"Passport Holder - Collection 12, a refined travel gift for graduation and travel enthusiasts."
Passport Holder - Collection 13,Travel,Housewarming,Classmate,travel adventure organization,"Classic, Sentimental",2400,"Passport Holder - Collection 13, a refined travel gift for housewarming and travel enthusiasts."
Passport Holder - Collection 14,Travel,Farewell,Mentor,travel adventure organization,"Creative, Sentimental",2550,"Passport Holder - Collection 14, a refined travel gift for farewell and travel enthusiasts."
Travel Journal - Collection 8,Travel,Birthday,Family,travel adventure organization,"Adventurous, Extroverted",1650,"Travel Journal - Collection 8, a refined travel gift for birthday and travel enthusiasts."
Travel Journal - Collection 9,Travel,Anniversary,Colleague,travel adventure organization,"Introverted, Intellectual",1800,"Travel Journal - Collection 9, a refined travel gift for anniversary and travel enthusiasts."
Travel Journal - Collection 10,Travel,Valentines Day,Classmate,travel adventure organization,"Funny, Trendy",1950,"Travel Journal - Collection 10, a refined travel gift for valentines day and travel enthusiasts."
Travel Journal - Collection 11,Travel,Graduation,Mentor,travel adventure organization,"Techie, Practical",2100,"Travel Journal - Collection 11, a refined travel gift for graduation and travel enthusiasts."
Travel Journal - Collection 12,Travel,Housewarming,Partner,travel adventure organization,"Classic, Sentimental",2250,"Travel Journal - Collection 12, a refined travel gift for housewarming and travel enthusiasts."
Travel Journal - Collection 13,Travel,Farewell,Best Friend,travel adventure organization,"Creative, Sentimental",2400,"Travel Journal - Collection 13, a refined travel gift for farewell and travel enthusiasts."
Travel Journal - Collection 14,Travel,Christmas,Friend,travel adventure organization,"Romantic, Stylish",2550,"Travel Journal - Collection 14, a refined travel gift for christmas and travel enthusiasts."
Weekender Bag - Collection 8,Travel,Anniversary,Mentor,travel adventure organization,"Introverted, Intellectual",1650,"Weekender Bag - Collection 8, a refined travel gift for anniversary and travel enthusiasts."
Weekender Bag - Collection 9,Travel,Valentines Day,Partner,travel adventure organization,"Funny, Trendy",1800,"Weekender Bag - Collection 9, a refined travel gift for valentines day and travel enthusiasts."
Weekender Bag - Collection 10,Travel,Graduation,Best Friend,travel adventure organization,"Techie, Practical",1950,"Weekender Bag - Collection 10, a refined travel gift for graduation and travel enthusiasts."
Weekender Bag - Collection 11,Travel,Housewarming,Friend,travel adventure organization,"Classic, Sentimental",2100,"Weekender Bag - Collection 11, a refined travel gift for housewarming and travel enthusiasts."
Weekender Bag - Collection 12,Travel,Farewell,Sibling,travel adventure organization,"Creative, Sentimental",2250,"Weekender Bag - Collection 12, a refined travel gift for farewell and travel enthusiasts."
Weekender Bag - Collection 13,Travel,Christmas,Parent,travel adventure organization,"Romantic, Stylish",2400,"Weekender Bag - Collection 13, a refined travel gift for christmas and travel enthusiasts."
Weekender Bag - Collection 14,Travel,Friendship Day,Family,travel adventure organization,"Practical, Minimalist",2550,"Weekender Bag - Collection 14, a refined travel gift for friendship day and travel enthusiasts."
Luggage Tag Set - Collection 8,Travel,Valentines Day,Friend,travel adventure organization,"Funny, Trendy",1650,"Luggage Tag Set - Collection 8, a refined travel gift for valentines day and travel enthusiasts."
Luggage Tag Set - Collection 9,Travel,Graduation,Sibling,travel adventure organization,"Techie, Practical",1800,"Luggage Tag Set - Collection 9, a refined travel gift for graduation and travel enthusiasts."
Luggage Tag Set - Collection 10,Travel,Housewarming,Parent,travel adventure organization,"Classic, Sentimental",1950,"Luggage Tag Set - Collection 10, a refined travel gift for housewarming and travel enthusiasts."
Luggage Tag Set - Collection 11,Travel,Farewell,Family,travel adventure organization,"Creative, Sentimental",2100,"Luggage Tag Set - Collection 11, a refined travel gift for farewell and travel enthusiasts."
Luggage Tag Set - Collection 12,Travel,Christmas,Colleague,travel adventure organization,"Romantic, Stylish",2250,"Luggage Tag Set - Collection 12, a refined travel gift for christmas and travel enthusiasts."
Luggage Tag Set - Collection 13,Travel,Friendship Day,Classmate,travel adventure organization,"Practical, Minimalist",2400,"Luggage Tag Set - Collection 13, a refined travel gift for friendship day and travel enthusiasts."
Luggage Tag Set - Collection 14,Travel,Wedding,Mentor,travel adventure organization,"Adventurous, Extroverted",2550,"Luggage Tag Set - Collection 14, a refined travel gift for wedding and travel enthusiasts."
Compact Travel Pillow - Collection 8,Travel,Graduation,Family,travel adventure organization,"Techie, Practical",1650,"Compact Travel Pillow - Collection 8, a refined travel gift for graduation and travel enthusiasts."
Compact Travel Pillow - Collection 9,Travel,Housewarming,Colleague,travel adventure organization,"Classic, Sentimental",1800,"Compact Travel Pillow - Collection 9, a refined travel gift for housewarming and travel enthusiasts."
Compact Travel Pillow - Collection 10,Travel,Farewell,Classmate,travel adventure organization,"Creative, Sentimental",1950,"Compact Travel Pillow - Collection 10, a refined travel gift for farewell and travel enthusiasts."
Compact Travel Pillow - Collection 11,Travel,Christmas,Mentor,travel adventure organization,"Romantic, Stylish",2100,"Compact Travel Pillow - Collection 11, a refined travel gift for christmas and travel enthusiasts."
Compact Travel Pillow - Collection 12,Travel,Friendship Day,Partner,travel adventure organization,"Practical, Minimalist",2250,"Compact Travel Pillow - Collection 12, a refined travel gift for friendship day and travel enthusiasts."
Compact Travel Pillow - Collection 13,Travel,Wedding,Best Friend,travel adventure organization,"Adventurous, Extroverted",2400,"Compact Travel Pillow - Collection 13, a refined travel gift for wedding and travel enthusiasts."
Compact Travel Pillow - Collection 14,Travel,Promotion,Friend,travel adventure organization,"Introverted, Intellectual",2550,"Compact Travel Pillow - Collection 14, a refined travel gift for promotion and travel enthusiasts."
Packing Cube Set - Collection 8,Travel,Housewarming,Mentor,travel adventure organization,"Classic, Sentimental",1650,"Packing Cube Set - Collection 8, a refined travel gift for housewarming and travel enthusiasts."
Packing Cube Set - Collection 9,Travel,Farewell,Partner,travel adventure organization,"Creative, Sentimental",1800,"Packing Cube Set - Collection 9, a refined travel gift for farewell and travel enthusiasts."
Packing Cube Set - Collection 10,Travel,Christmas,Best Friend,travel adventure organization,"Romantic, Stylish",1950,"Packing Cube Set - Collection 10, a refined travel gift for christmas and travel enthusiasts."
Packing Cube Set - Collection 11,Travel,Friendship Day,Friend,travel adventure organization,"Practical, Minimalist",2100,"Packing Cube Set - Collection 11, a refined travel gift for friendship day and travel enthusiasts."
Packing Cube Set - Collection 12,Travel,Wedding,Sibling,travel adventure organization,"Adventurous, Extroverted",2250,"Packing Cube Set - Collection 12, a refined travel gift for wedding and travel enthusiasts."
Packing Cube Set - Collection 13,Travel,Promotion,Parent,travel adventure organization,"Introverted, Intellectual",2400,"Packing Cube Set - Collection 13, a refined travel gift for promotion and travel enthusiasts."
Packing Cube Set - Collection 14,Travel,Thank You,Family,travel adventure organization,"Funny, Trendy",2550,"Packing Cube Set - Collection 14, a refined travel gift for thank you and travel enthusiasts."
Travel Toiletry Kit - Collection 8,Travel,Farewell,Friend,travel adventure organization,"Creative, Sentimental",1650,"Travel Toiletry Kit - Collection 8, a refined travel gift for farewell and travel enthusiasts."
Travel Toiletry Kit - Collection 9,Travel,Christmas,Sibling,travel adventure organization,"Romantic, Stylish",1800,"Travel Toiletry Kit - Collection 9, a refined travel gift for christmas and travel enthusiasts."
Travel Toiletry Kit - Collection 10,Travel,Friendship Day,Parent,travel adventure organization,"Practical, Minimalist",1950,"Travel Toiletry Kit - Collection 10, a refined travel gift for friendship day and travel enthusiasts."
Travel Toiletry Kit - Collection 11,Travel,Wedding,Family,travel adventure organization,"Adventurous, Extroverted",2100,"Travel Toiletry Kit - Collection 11, a refined travel gift for wedding and travel enthusiasts."
Travel Toiletry Kit - Collection 12,Travel,Promotion,Colleague,travel adventure organization,"Introverted, Intellectual",2250,"Travel Toiletry Kit - Collection 12, a refined travel gift for promotion and travel enthusiasts."
Travel Toiletry Kit - Collection 13,Travel,Thank You,Classmate,travel adventure organization,"Funny, Trendy",2400,"Travel Toiletry Kit - Collection 13, a refined travel gift for thank you and travel enthusiasts."
Travel Toiletry Kit - Collection 14,Travel,Just Because,Mentor,travel adventure organization,"Techie, Practical",2550,"Travel Toiletry Kit - Collection 14, a refined travel gift for just because and travel enthusiasts."
Resistance Band Set - Collection 8,Fitness,Thank You,Mentor,fitness health gym wellness,"Romantic, Stylish",1925,"Resistance Band Set - Collection 8, a refined fitness gift for thank you and fitness enthusiasts."
Resistance Band Set - Collection 9,Fitness,Just Because,Partner,fitness health gym wellness,"Practical, Minimalist",2100,"Resistance Band Set - Collection 9, a refined fitness gift for just because and fitness enthusiasts."
Resistance Band Set - Collection 10,Fitness,Birthday,Best Friend,fitness health gym wellness,"Adventurous, Extroverted",2275,"Resistance Band Set - Collection 10, a refined fitness gift for birthday and fitness enthusiasts."
Resistance Band Set - Collection 11,Fitness,Anniversary,Friend,fitness health gym wellness,"Introverted, Intellectual",2450,"Resistance Band Set - Collection 11, a refined fitness gift for anniversary and fitness enthusiasts."
Resistance Band Set - Collection 12,Fitness,Valentines Day,Sibling,fitness health gym wellness,"Funny, Trendy",2625,"Resistance Band Set - Collection 12, a refined fitness gift for valentines day and fitness enthusiasts."
Resistance Band Set - Collection 13,Fitness,Graduation,Parent,fitness health gym wellness,"Techie, Practical",2800,"Resistance Band Set - Collection 13, a refined fitness gift for graduation and fitness enthusiasts."
Resistance Band Set - Collection 14,Fitness,Housewarming,Family,fitness health gym wellness,"Classic, Sentimental",2975,"Resistance Band Set - Collection 14, a refined fitness gift for housewarming and fitness enthusiasts."
Insulated Gym Bottle - Collection 8,Fitness,Just Because,Friend,fitness health gym wellness,"Practical, Minimalist",1925,"Insulated Gym Bottle - Collection 8, a refined fitness gift for just because and fitness enthusiasts."
Insulated Gym Bottle - Collection 9,Fitness,Birthday,Sibling,fitness health gym wellness,"Adventurous, Extroverted",2100,"Insulated Gym Bottle - Collection 9, a refined fitness gift for birthday and fitness enthusiasts."
Insulated Gym Bottle - Collection 10,Fitness,Anniversary,Parent,fitness health gym wellness,"Introverted, Intellectual",2275,"Insulated Gym Bottle - Collection 10, a refined fitness gift for anniversary and fitness enthusiasts."
Insulated Gym Bottle - Collection 11,Fitness,Valentines Day,Family,fitness health gym wellness,"Funny, Trendy",2450,"Insulated Gym Bottle - Collection 11, a refined fitness gift for valentines day and fitness enthusiasts."
Insulated Gym Bottle - Collection 12,Fitness,Graduation,Colleague,fitness health gym wellness,"Techie, Practical",2625,"Insulated Gym Bottle - Collection 12, a refined fitness gift for graduation and fitness enthusiasts."
Insulated Gym Bottle - Collection 13,Fitness,Housewarming,Classmate,fitness health gym wellness,"Classic, Sentimental",2800,"Insulated Gym Bottle - Collection 13, a refined fitness gift for housewarming and fitness enthusiasts."
Insulated Gym Bottle - Collection 14,Fitness,Farewell,Mentor,fitness health gym wellness,"Creative, Sentimental",2975,"Insulated Gym Bottle - Collection 14, a refined fitness gift for farewell and fitness enthusiasts."
Yoga Mat - Collection 8,Fitness,Birthday,Family,fitness health gym wellness,"Adventurous, Extroverted",1925,"Yoga Mat - Collection 8, a refined fitness gift for birthday and fitness enthusiasts."
Yoga Mat - Collection 9,Fitness,Anniversary,Colleague,fitness health gym wellness,"Introverted, Intellectual",2100,"Yoga Mat - Collection 9, a refined fitness gift for anniversary and fitness enthusiasts."
Yoga Mat - Collection 10,Fitness,Valentines Day,Classmate,fitness health gym wellness,"Funny, Trendy",2275,"Yoga Mat - Collection 10, a refined fitness gift for valentines day and fitness enthusiasts."
Yoga Mat - Collection 11,Fitness,Graduation,Mentor,fitness health gym wellness,"Techie, Practical",2450,"Yoga Mat - Collection 11, a refined fitness gift for graduation and fitness enthusiasts."
Yoga Mat - Collection 12,Fitness,Housewarming,Partner,fitness health gym wellness,"Classic, Sentimental",2625,"Yoga Mat - Collection 12, a refined fitness gift for housewarming and fitness enthusiasts."
Yoga Mat - Collection 13,Fitness,Farewell,Best Friend,fitness health gym wellness,"Creative, Sentimental",2800,"Yoga Mat - Collection 13, a refined fitness gift for farewell and fitness enthusiasts."
Yoga Mat - Collection 14,Fitness,Christmas,Friend,fitness health gym wellness,"Romantic, Stylish",2975,"Yoga Mat - Collection 14, a refined fitness gift for christmas and fitness enthusiasts."
Fitness Journal - Collection 8,Fitness,Anniversary,Mentor,fitness health gym wellness,"Introverted, Intellectual",1925,"Fitness Journal - Collection 8, a refined fitness gift for anniversary and fitness enthusiasts."
Fitness Journal - Collection 9,Fitness,Valentines Day,Partner,fitness health gym wellness,"Funny, Trendy",2100,"Fitness Journal - Collection 9, a refined fitness gift for valentines day and fitness enthusiasts."
Fitness Journal - Collection 10,Fitness,Graduation,Best Friend,fitness health gym wellness,"Techie, Practical",2275,"Fitness Journal - Collection 10, a refined fitness gift for graduation and fitness enthusiasts."
Fitness Journal - Collection 11,Fitness,Housewarming,Friend,fitness health gym wellness,"Classic, Sentimental",2450,"Fitness Journal - Collection 11, a refined fitness gift for housewarming and fitness enthusiasts."
Fitness Journal - Collection 12,Fitness,Farewell,Sibling,fitness health gym wellness,"Creative, Sentimental",2625,"Fitness Journal - Collection 12, a refined fitness gift for farewell and fitness enthusiasts."
Fitness Journal - Collection 13,Fitness,Christmas,Parent,fitness health gym wellness,"Romantic, Stylish",2800,"Fitness Journal - Collection 13, a refined fitness gift for christmas and fitness enthusiasts."
Fitness Journal - Collection 14,Fitness,Friendship Day,Family,fitness health gym wellness,"Practical, Minimalist",2975,"Fitness Journal - Collection 14, a refined fitness gift for friendship day and fitness enthusiasts."
Gym Towel Set - Collection 8,Fitness,Valentines Day,Friend,fitness health gym wellness,"Funny, Trendy",1925,"Gym Towel Set - Collection 8, a refined fitness gift for valentines day and fitness enthusiasts."
Gym Towel Set - Collection 9,Fitness,Graduation,Sibling,fitness health gym wellness,"Techie, Practical",2100,"Gym Towel Set - Collection 9, a refined fitness gift for graduation and fitness enthusiasts."
Gym Towel Set - Collection 10,Fitness,Housewarming,Parent,fitness health gym wellness,"Classic, Sentimental",2275,"Gym Towel Set - Collection 10, a refined fitness gift for housewarming and fitness enthusiasts."
Gym Towel Set - Collection 11,Fitness,Farewell,Family,fitness health gym wellness,"Creative, Sentimental",2450,"Gym Towel Set - Collection 11, a refined fitness gift for farewell and fitness enthusiasts."
Gym Towel Set - Collection 12,Fitness,Christmas,Colleague,fitness health gym wellness,"Romantic, Stylish",2625,"Gym Towel Set - Collection 12, a refined fitness gift for christmas and fitness enthusiasts."
Gym Towel Set - Collection 13,Fitness,Friendship Day,Classmate,fitness health gym wellness,"Practical, Minimalist",2800,"Gym Towel Set - Collection 13, a refined fitness gift for friendship day and fitness enthusiasts."
Gym Towel Set - Collection 14,Fitness,Wedding,Mentor,fitness health gym wellness,"Adventurous, Extroverted",2975,"Gym Towel Set - Collection 14, a refined fitness gift for wedding and fitness enthusiasts."
Workout Gloves - Collection 8,Fitness,Graduation,Family,fitness health gym wellness,"Techie, Practical",1925,"Workout Gloves - Collection 8, a refined fitness gift for graduation and fitness enthusiasts."
Workout Gloves - Collection 9,Fitness,Housewarming,Colleague,fitness health gym wellness,"Classic, Sentimental",2100,"Workout Gloves - Collection 9, a refined fitness gift for housewarming and fitness enthusiasts."
Workout Gloves - Collection 10,Fitness,Farewell,Classmate,fitness health gym wellness,"Creative, Sentimental",2275,"Workout Gloves - Collection 10, a refined fitness gift for farewell and fitness enthusiasts."
Workout Gloves - Collection 11,Fitness,Christmas,Mentor,fitness health gym wellness,"Romantic, Stylish",2450,"Workout Gloves - Collection 11, a refined fitness gift for christmas and fitness enthusiasts."
Workout Gloves - Collection 12,Fitness,Friendship Day,Partner,fitness health gym wellness,"Practical, Minimalist",2625,"Workout Gloves - Collection 12, a refined fitness gift for friendship day and fitness enthusiasts."
Workout Gloves - Collection 13,Fitness,Wedding,Best Friend,fitness health gym wellness,"Adventurous, Extroverted",2800,"Workout Gloves - Collection 13, a refined fitness gift for wedding and fitness enthusiasts."
Workout Gloves - Collection 14,Fitness,Promotion,Friend,fitness health gym wellness,"Introverted, Intellectual",2975,"Workout Gloves - Collection 14, a refined fitness gift for promotion and fitness enthusiasts."
Skipping Rope - Collection 8,Fitness,Housewarming,Mentor,fitness health gym wellness,"Classic, Sentimental",1925,"Skipping Rope - Collection 8, a refined fitness gift for housewarming and fitness enthusiasts."
Skipping Rope - Collection 9,Fitness,Farewell,Partner,fitness health gym wellness,"Creative, Sentimental",2100,"Skipping Rope - Collection 9, a refined fitness gift for farewell and fitness enthusiasts."
Skipping Rope - Collection 10,Fitness,Christmas,Best Friend,fitness health gym wellness,"Romantic, Stylish",2275,"Skipping Rope - Collection 10, a refined fitness gift for christmas and fitness enthusiasts."
Skipping Rope - Collection 11,Fitness,Friendship Day,Friend,fitness health gym wellness,"Practical, Minimalist",2450,"Skipping Rope - Collection 11, a refined fitness gift for friendship day and fitness enthusiasts."
Skipping Rope - Collection 12,Fitness,Wedding,Sibling,fitness health gym wellness,"Adventurous, Extroverted",2625,"Skipping Rope - Collection 12, a refined fitness gift for wedding and fitness enthusiasts."
Skipping Rope - Collection 13,Fitness,Promotion,Parent,fitness health gym wellness,"Introverted, Intellectual",2800,"Skipping Rope - Collection 13, a refined fitness gift for promotion and fitness enthusiasts."
Skipping Rope - Collection 14,Fitness,Thank You,Family,fitness health gym wellness,"Funny, Trendy",2975,"Skipping Rope - Collection 14, a refined fitness gift for thank you and fitness enthusiasts."
Recovery Roller - Collection 8,Fitness,Farewell,Friend,fitness health gym wellness,"Creative, Sentimental",1925,"Recovery Roller - Collection 8, a refined fitness gift for farewell and fitness enthusiasts."
Recovery Roller - Collection 9,Fitness,Christmas,Sibling,fitness health gym wellness,"Romantic, Stylish",2100,"Recovery Roller - Collection 9, a refined fitness gift for christmas and fitness enthusiasts."
Recovery Roller - Collection 10,Fitness,Friendship Day,Parent,fitness health gym wellness,"Practical, Minimalist",2275,"Recovery Roller - Collection 10, a refined fitness gift for friendship day and fitness enthusiasts."
Recovery Roller - Collection 11,Fitness,Wedding,Family,fitness health gym wellness,"Adventurous, Extroverted",2450,"Recovery Roller - Collection 11, a refined fitness gift for wedding and fitness enthusiasts."
Recovery Roller - Collection 12,Fitness,Promotion,Colleague,fitness health gym wellness,"Introverted, Intellectual",2625,"Recovery Roller - Collection 12, a refined fitness gift for promotion and fitness enthusiasts."
Recovery Roller - Collection 13,Fitness,Thank You,Classmate,fitness health gym wellness,"Funny, Trendy",2800,"Recovery Roller - Collection 13, a refined fitness gift for thank you and fitness enthusiasts."
Recovery Roller - Collection 14,Fitness,Just Because,Mentor,fitness health gym wellness,"Techie, Practical",2975,"Recovery Roller - Collection 14, a refined fitness gift for just because and fitness enthusiasts."
Scented Candle Set - Collection 8,Home,Thank You,Mentor,home decor comfort lifestyle,"Romantic, Stylish",1784,"Scented Candle Set - Collection 8, a refined home gift for thank you and home enthusiasts."
Scented Candle Set - Collection 9,Home,Just Because,Partner,home decor comfort lifestyle,"Practical, Minimalist",1946,"Scented Candle Set - Collection 9, a refined home gift for just because and home enthusiasts."
Scented Candle Set - Collection 10,Home,Birthday,Best Friend,home decor comfort lifestyle,"Adventurous, Extroverted",2108,"Scented Candle Set - Collection 10, a refined home gift for birthday and home enthusiasts."
Scented Candle Set - Collection 11,Home,Anniversary,Friend,home decor comfort lifestyle,"Introverted, Intellectual",2270,"Scented Candle Set - Collection 11, a refined home gift for anniversary and home enthusiasts."
Scented Candle Set - Collection 12,Home,Valentines Day,Sibling,home decor comfort lifestyle,"Funny, Trendy",2432,"Scented Candle Set - Collection 12, a refined home gift for valentines day and home enthusiasts."
Scented Candle Set - Collection 13,Home,Graduation,Parent,home decor comfort lifestyle,"Techie, Practical",2594,"Scented Candle Set - Collection 13, a refined home gift for graduation and home enthusiasts."
Scented Candle Set - Collection 14,Home,Housewarming,Family,home decor comfort lifestyle,"Classic, Sentimental",2756,"Scented Candle Set - Collection 14, a refined home gift for housewarming and home enthusiasts."
Decorative Plant Pot - Collection 8,Home,Just Because,Friend,home decor comfort lifestyle,"Practical, Minimalist",1784,"Decorative Plant Pot - Collection 8, a refined home gift for just because and home enthusiasts."
Decorative Plant Pot - Collection 9,Home,Birthday,Sibling,home decor comfort lifestyle,"Adventurous, Extroverted",1946,"Decorative Plant Pot - Collection 9, a refined home gift for birthday and home enthusiasts."
Decorative Plant Pot - Collection 10,Home,Anniversary,Parent,home decor comfort lifestyle,"Introverted, Intellectual",2108,"Decorative Plant Pot - Collection 10, a refined home gift for anniversary and home enthusiasts."
Decorative Plant Pot - Collection 11,Home,Valentines Day,Family,home decor comfort lifestyle,"Funny, Trendy",2270,"Decorative Plant Pot - Collection 11, a refined home gift for valentines day and home enthusiasts."
Decorative Plant Pot - Collection 12,Home,Graduation,Colleague,home decor comfort lifestyle,"Techie, Practical",2432,"Decorative Plant Pot - Collection 12, a refined home gift for graduation and home enthusiasts."
Decorative Plant Pot - Collection 13,Home,Housewarming,Classmate,home decor comfort lifestyle,"Classic, Sentimental",2594,"Decorative Plant Pot - Collection 13, a refined home gift for housewarming and home enthusiasts."
Decorative Plant Pot - Collection 14,Home,Farewell,Mentor,home decor comfort lifestyle,"Creative, Sentimental",2756,"Decorative Plant Pot - Collection 14, a refined home gift for farewell and home enthusiasts."
Photo Cushion - Collection 8,Home,Birthday,Family,home decor comfort lifestyle,"Adventurous, Extroverted",1784,"Photo Cushion - Collection 8, a refined home gift for birthday and home enthusiasts."
Photo Cushion - Collection 9,Home,Anniversary,Colleague,home decor comfort lifestyle,"Introverted, Intellectual",1946,"Photo Cushion - Collection 9, a refined home gift for anniversary and home enthusiasts."
Photo Cushion - Collection 10,Home,Valentines Day,Classmate,home decor comfort lifestyle,"Funny, Trendy",2108,"Photo Cushion - Collection 10, a refined home gift for valentines day and home enthusiasts."
Photo Cushion - Collection 11,Home,Graduation,Mentor,home decor comfort lifestyle,"Techie, Practical",2270,"Photo Cushion - Collection 11, a refined home gift for graduation and home enthusiasts."
Photo Cushion - Collection 12,Home,Housewarming,Partner,home decor comfort lifestyle,"Classic, Sentimental",2432,"Photo Cushion - Collection 12, a refined home gift for housewarming and home enthusiasts."
Photo Cushion - Collection 13,Home,Farewell,Best Friend,home decor comfort lifestyle,"Creative, Sentimental",2594,"Photo Cushion - Collection 13, a refined home gift for farewell and home enthusiasts."
Photo Cushion - Collection 14,Home,Christmas,Friend,home decor comfort lifestyle,"Romantic, Stylish",2756,"Photo Cushion - Collection 14, a refined home gift for christmas and home enthusiasts."
Cozy Throw Blanket - Collection 8,Home,Anniversary,Mentor,home decor comfort lifestyle,"Introverted, Intellectual",1784,"Cozy Throw Blanket - Collection 8, a refined home gift for anniversary and home enthusiasts."
Cozy Throw Blanket - Collection 9,Home,Valentines Day,Partner,home decor comfort lifestyle,"Funny, Trendy",1946,"Cozy Throw Blanket - Collection 9, a refined home gift for valentines day and home enthusiasts."
Cozy Throw Blanket - Collection 10,Home,Graduation,Best Friend,home decor comfort lifestyle,"Techie, Practical",2108,"Cozy Throw Blanket - Collection 10, a refined home gift for graduation and home enthusiasts."
Cozy Throw Blanket - Collection 11,Home,Housewarming,Friend,home decor comfort lifestyle,"Classic, Sentimental",2270,"Cozy Throw Blanket - Collection 11, a refined home gift for housewarming and home enthusiasts."
Cozy Throw Blanket - Collection 12,Home,Farewell,Sibling,home decor comfort lifestyle,"Creative, Sentimental",2432,"Cozy Throw Blanket - Collection 12, a refined home gift for farewell and home enthusiasts."
Cozy Throw Blanket - Collection 13,Home,Christmas,Parent,home decor comfort lifestyle,"Romantic, Stylish",2594,"Cozy Throw Blanket - Collection 13, a refined home gift for christmas and home enthusiasts."
Cozy Throw Blanket - Collection 14,Home,Friendship Day,Family,home decor comfort lifestyle,"Practical, Minimalist",2756,"Cozy Throw Blanket - Collection 14, a refined home gift for friendship day and home enthusiasts."
Desk Organizer - Collection 8,Home,Valentines Day,Friend,home decor comfort lifestyle,"Funny, Trendy",1784,"Desk Organizer - Collection 8, a refined home gift for valentines day and home enthusiasts."
Desk Organizer - Collection 9,Home,Graduation,Sibling,home decor comfort lifestyle,"Techie, Practical",1946,"Desk Organizer - Collection 9, a refined home gift for graduation and home enthusiasts."
Desk Organizer - Collection 10,Home,Housewarming,Parent,home decor comfort lifestyle,"Classic, Sentimental",2108,"Desk Organizer - Collection 10, a refined home gift for housewarming and home enthusiasts."
Desk Organizer - Collection 11,Home,Farewell,Family,home decor comfort lifestyle,"Creative, Sentimental",2270,"Desk Organizer - Collection 11, a refined home gift for farewell and home enthusiasts."
Desk Organizer - Collection 12,Home,Christmas,Colleague,home decor comfort lifestyle,"Romantic, Stylish",2432,"Desk Organizer - Collection 12, a refined home gift for christmas and home enthusiasts."
Desk Organizer - Collection 13,Home,Friendship Day,Classmate,home decor comfort lifestyle,"Practical, Minimalist",2594,"Desk Organizer - Collection 13, a refined home gift for friendship day and home enthusiasts."
Desk Organizer - Collection 14,Home,Wedding,Mentor,home decor comfort lifestyle,"Adventurous, Extroverted",2756,"Desk Organizer - Collection 14, a refined home gift for wedding and home enthusiasts."
Ceramic Mug Set - Collection 8,Home,Graduation,Family,home decor comfort lifestyle,"Techie, Practical",1784,"Ceramic Mug Set - Collection 8, a refined home gift for graduation and home enthusiasts."
Ceramic Mug Set - Collection 9,Home,Housewarming,Colleague,home decor comfort lifestyle,"Classic, Sentimental",1946,"Ceramic Mug Set - Collection 9, a refined home gift for housewarming and home enthusiasts."
Ceramic Mug Set - Collection 10,Home,Farewell,Classmate,home decor comfort lifestyle,"Creative, Sentimental",2108,"Ceramic Mug Set - Collection 10, a refined home gift for farewell and home enthusiasts."
Ceramic Mug Set - Collection 11,Home,Christmas,Mentor,home decor comfort lifestyle,"Romantic, Stylish",2270,"Ceramic Mug Set - Collection 11, a refined home gift for christmas and home enthusiasts."
Ceramic Mug Set - Collection 12,Home,Friendship Day,Partner,home decor comfort lifestyle,"Practical, Minimalist",2432,"Ceramic Mug Set - Collection 12, a refined home gift for friendship day and home enthusiasts."
Ceramic Mug Set - Collection 13,Home,Wedding,Best Friend,home decor comfort lifestyle,"Adventurous, Extroverted",2594,"Ceramic Mug Set - Collection 13, a refined home gift for wedding and home enthusiasts."
Ceramic Mug Set - Collection 14,Home,Promotion,Friend,home decor comfort lifestyle,"Introverted, Intellectual",2756,"Ceramic Mug Set - Collection 14, a refined home gift for promotion and home enthusiasts."
Mini Table Lamp - Collection 8,Home,Housewarming,Mentor,home decor comfort lifestyle,"Classic, Sentimental",1784,"Mini Table Lamp - Collection 8, a refined home gift for housewarming and home enthusiasts."
Mini Table Lamp - Collection 9,Home,Farewell,Partner,home decor comfort lifestyle,"Creative, Sentimental",1946,"Mini Table Lamp - Collection 9, a refined home gift for farewell and home enthusiasts."
Mini Table Lamp - Collection 10,Home,Christmas,Best Friend,home decor comfort lifestyle,"Romantic, Stylish",2108,"Mini Table Lamp - Collection 10, a refined home gift for christmas and home enthusiasts."
Mini Table Lamp - Collection 11,Home,Friendship Day,Friend,home decor comfort lifestyle,"Practical, Minimalist",2270,"Mini Table Lamp - Collection 11, a refined home gift for friendship day and home enthusiasts."
Mini Table Lamp - Collection 12,Home,Wedding,Sibling,home decor comfort lifestyle,"Adventurous, Extroverted",2432,"Mini Table Lamp - Collection 12, a refined home gift for wedding and home enthusiasts."
Mini Table Lamp - Collection 13,Home,Promotion,Parent,home decor comfort lifestyle,"Introverted, Intellectual",2594,"Mini Table Lamp - Collection 13, a refined home gift for promotion and home enthusiasts."
Mini Table Lamp - Collection 14,Home,Thank You,Family,home decor comfort lifestyle,"Funny, Trendy",2756,"Mini Table Lamp - Collection 14, a refined home gift for thank you and home enthusiasts."
Wall Decor Set - Collection 8,Home,Farewell,Friend,home decor comfort lifestyle,"Creative, Sentimental",1784,"Wall Decor Set - Collection 8, a refined home gift for farewell and home enthusiasts."
Wall Decor Set - Collection 9,Home,Christmas,Sibling,home decor comfort lifestyle,"Romantic, Stylish",1946,"Wall Decor Set - Collection 9, a refined home gift for christmas and home enthusiasts."
Wall Decor Set - Collection 10,Home,Friendship Day,Parent,home decor comfort lifestyle,"Practical, Minimalist",2108,"Wall Decor Set - Collection 10, a refined home gift for friendship day and home enthusiasts."
Wall Decor Set - Collection 11,Home,Wedding,Family,home decor comfort lifestyle,"Adventurous, Extroverted",2270,"Wall Decor Set - Collection 11, a refined home gift for wedding and home enthusiasts."
Wall Decor Set - Collection 12,Home,Promotion,Colleague,home decor comfort lifestyle,"Introverted, Intellectual",2432,"Wall Decor Set - Collection 12, a refined home gift for promotion and home enthusiasts."
Wall Decor Set - Collection 13,Home,Thank You,Classmate,home decor comfort lifestyle,"Funny, Trendy",2594,"Wall Decor Set - Collection 13, a refined home gift for thank you and home enthusiasts."
Wall Decor Set - Collection 14,Home,Just Because,Mentor,home decor comfort lifestyle,"Techie, Practical",2756,"Wall Decor Set - Collection 14, a refined home gift for just because and home enthusiasts."
Premium Chocolate Box - Collection 8,Food,Thank You,Mentor,food snacks coffee tea gourmet,"Romantic, Stylish",1234,"Premium Chocolate Box - Collection 8, a refined food gift for thank you and food enthusiasts."
Premium Chocolate Box - Collection 9,Food,Just Because,Partner,food snacks coffee tea gourmet,"Practical, Minimalist",1346,"Premium Chocolate Box - Collection 9, a refined food gift for just because and food enthusiasts."
Premium Chocolate Box - Collection 10,Food,Birthday,Best Friend,food snacks coffee tea gourmet,"Adventurous, Extroverted",1458,"Premium Chocolate Box - Collection 10, a refined food gift for birthday and food enthusiasts."
Premium Chocolate Box - Collection 11,Food,Anniversary,Friend,food snacks coffee tea gourmet,"Introverted, Intellectual",1570,"Premium Chocolate Box - Collection 11, a refined food gift for anniversary and food enthusiasts."
Premium Chocolate Box - Collection 12,Food,Valentines Day,Sibling,food snacks coffee tea gourmet,"Funny, Trendy",1682,"Premium Chocolate Box - Collection 12, a refined food gift for valentines day and food enthusiasts."
Premium Chocolate Box - Collection 13,Food,Graduation,Parent,food snacks coffee tea gourmet,"Techie, Practical",1794,"Premium Chocolate Box - Collection 13, a refined food gift for graduation and food enthusiasts."
Premium Chocolate Box - Collection 14,Food,Housewarming,Family,food snacks coffee tea gourmet,"Classic, Sentimental",1906,"Premium Chocolate Box - Collection 14, a refined food gift for housewarming and food enthusiasts."
Snack Hamper - Collection 8,Food,Just Because,Friend,food snacks coffee tea gourmet,"Practical, Minimalist",1234,"Snack Hamper - Collection 8, a refined food gift for just because and food enthusiasts."
Snack Hamper - Collection 9,Food,Birthday,Sibling,food snacks coffee tea gourmet,"Adventurous, Extroverted",1346,"Snack Hamper - Collection 9, a refined food gift for birthday and food enthusiasts."
Snack Hamper - Collection 10,Food,Anniversary,Parent,food snacks coffee tea gourmet,"Introverted, Intellectual",1458,"Snack Hamper - Collection 10, a refined food gift for anniversary and food enthusiasts."
Snack Hamper - Collection 11,Food,Valentines Day,Family,food snacks coffee tea gourmet,"Funny, Trendy",1570,"Snack Hamper - Collection 11, a refined food gift for valentines day and food enthusiasts."
Snack Hamper - Collection 12,Food,Graduation,Colleague,food snacks coffee tea gourmet,"Techie, Practical",1682,"Snack Hamper - Collection 12, a refined food gift for graduation and food enthusiasts."
Snack Hamper - Collection 13,Food,Housewarming,Classmate,food snacks coffee tea gourmet,"Classic, Sentimental",1794,"Snack Hamper - Collection 13, a refined food gift for housewarming and food enthusiasts."
Snack Hamper - Collection 14,Food,Farewell,Mentor,food snacks coffee tea gourmet,"Creative, Sentimental",1906,"Snack Hamper - Collection 14, a refined food gift for farewell and food enthusiasts."
Coffee Gift Box - Collection 8,Food,Birthday,Family,food snacks coffee tea gourmet,"Adventurous, Extroverted",1234,"Coffee Gift Box - Collection 8, a refined food gift for birthday and food enthusiasts."
Coffee Gift Box - Collection 9,Food,Anniversary,Colleague,food snacks coffee tea gourmet,"Introverted, Intellectual",1346,"Coffee Gift Box - Collection 9, a refined food gift for anniversary and food enthusiasts."
Coffee Gift Box - Collection 10,Food,Valentines Day,Classmate,food snacks coffee tea gourmet,"Funny, Trendy",1458,"Coffee Gift Box - Collection 10, a refined food gift for valentines day and food enthusiasts."
Coffee Gift Box - Collection 11,Food,Graduation,Mentor,food snacks coffee tea gourmet,"Techie, Practical",1570,"Coffee Gift Box - Collection 11, a refined food gift for graduation and food enthusiasts."
Coffee Gift Box - Collection 12,Food,Housewarming,Partner,food snacks coffee tea gourmet,"Classic, Sentimental",1682,"Coffee Gift Box - Collection 12, a refined food gift for housewarming and food enthusiasts."
Coffee Gift Box - Collection 13,Food,Farewell,Best Friend,food snacks coffee tea gourmet,"Creative, Sentimental",1794,"Coffee Gift Box - Collection 13, a refined food gift for farewell and food enthusiasts."
Coffee Gift Box - Collection 14,Food,Christmas,Friend,food snacks coffee tea gourmet,"Romantic, Stylish",1906,"Coffee Gift Box - Collection 14, a refined food gift for christmas and food enthusiasts."
Tea Sampler - Collection 8,Food,Anniversary,Mentor,food snacks coffee tea gourmet,"Introverted, Intellectual",1234,"Tea Sampler - Collection 8, a refined food gift for anniversary and food enthusiasts."
Tea Sampler - Collection 9,Food,Valentines Day,Partner,food snacks coffee tea gourmet,"Funny, Trendy",1346,"Tea Sampler - Collection 9, a refined food gift for valentines day and food enthusiasts."
Tea Sampler - Collection 10,Food,Graduation,Best Friend,food snacks coffee tea gourmet,"Techie, Practical",1458,"Tea Sampler - Collection 10, a refined food gift for graduation and food enthusiasts."
Tea Sampler - Collection 11,Food,Housewarming,Friend,food snacks coffee tea gourmet,"Classic, Sentimental",1570,"Tea Sampler - Collection 11, a refined food gift for housewarming and food enthusiasts."
Tea Sampler - Collection 12,Food,Farewell,Sibling,food snacks coffee tea gourmet,"Creative, Sentimental",1682,"Tea Sampler - Collection 12, a refined food gift for farewell and food enthusiasts."
Tea Sampler - Collection 13,Food,Christmas,Parent,food snacks coffee tea gourmet,"Romantic, Stylish",1794,"Tea Sampler - Collection 13, a refined food gift for christmas and food enthusiasts."
Tea Sampler - Collection 14,Food,Friendship Day,Family,food snacks coffee tea gourmet,"Practical, Minimalist",1906,"Tea Sampler - Collection 14, a refined food gift for friendship day and food enthusiasts."
Gourmet Cookie Box - Collection 8,Food,Valentines Day,Friend,food snacks coffee tea gourmet,"Funny, Trendy",1234,"Gourmet Cookie Box - Collection 8, a refined food gift for valentines day and food enthusiasts."
Gourmet Cookie Box - Collection 9,Food,Graduation,Sibling,food snacks coffee tea gourmet,"Techie, Practical",1346,"Gourmet Cookie Box - Collection 9, a refined food gift for graduation and food enthusiasts."
Gourmet Cookie Box - Collection 10,Food,Housewarming,Parent,food snacks coffee tea gourmet,"Classic, Sentimental",1458,"Gourmet Cookie Box - Collection 10, a refined food gift for housewarming and food enthusiasts."
Gourmet Cookie Box - Collection 11,Food,Farewell,Family,food snacks coffee tea gourmet,"Creative, Sentimental",1570,"Gourmet Cookie Box - Collection 11, a refined food gift for farewell and food enthusiasts."
Gourmet Cookie Box - Collection 12,Food,Christmas,Colleague,food snacks coffee tea gourmet,"Romantic, Stylish",1682,"Gourmet Cookie Box - Collection 12, a refined food gift for christmas and food enthusiasts."
Gourmet Cookie Box - Collection 13,Food,Friendship Day,Classmate,food snacks coffee tea gourmet,"Practical, Minimalist",1794,"Gourmet Cookie Box - Collection 13, a refined food gift for friendship day and food enthusiasts."
Gourmet Cookie Box - Collection 14,Food,Wedding,Mentor,food snacks coffee tea gourmet,"Adventurous, Extroverted",1906,"Gourmet Cookie Box - Collection 14, a refined food gift for wedding and food enthusiasts."
Hot Chocolate Kit - Collection 8,Food,Graduation,Family,food snacks coffee tea gourmet,"Techie, Practical",1234,"Hot Chocolate Kit - Collection 8, a refined food gift for graduation and food enthusiasts."
Hot Chocolate Kit - Collection 9,Food,Housewarming,Colleague,food snacks coffee tea gourmet,"Classic, Sentimental",1346,"Hot Chocolate Kit - Collection 9, a refined food gift for housewarming and food enthusiasts."
Hot Chocolate Kit - Collection 10,Food,Farewell,Classmate,food snacks coffee tea gourmet,"Creative, Sentimental",1458,"Hot Chocolate Kit - Collection 10, a refined food gift for farewell and food enthusiasts."
Hot Chocolate Kit - Collection 11,Food,Christmas,Mentor,food snacks coffee tea gourmet,"Romantic, Stylish",1570,"Hot Chocolate Kit - Collection 11, a refined food gift for christmas and food enthusiasts."
Hot Chocolate Kit - Collection 12,Food,Friendship Day,Partner,food snacks coffee tea gourmet,"Practical, Minimalist",1682,"Hot Chocolate Kit - Collection 12, a refined food gift for friendship day and food enthusiasts."
Hot Chocolate Kit - Collection 13,Food,Wedding,Best Friend,food snacks coffee tea gourmet,"Adventurous, Extroverted",1794,"Hot Chocolate Kit - Collection 13, a refined food gift for wedding and food enthusiasts."
Hot Chocolate Kit - Collection 14,Food,Promotion,Friend,food snacks coffee tea gourmet,"Introverted, Intellectual",1906,"Hot Chocolate Kit - Collection 14, a refined food gift for promotion and food enthusiasts."
Dry Fruit Gift Box - Collection 8,Food,Housewarming,Mentor,food snacks coffee tea gourmet,"Classic, Sentimental",1234,"Dry Fruit Gift Box - Collection 8, a refined food gift for housewarming and food enthusiasts."
Dry Fruit Gift Box - Collection 9,Food,Farewell,Partner,food snacks coffee tea gourmet,"Creative, Sentimental",1346,"Dry Fruit Gift Box - Collection 9, a refined food gift for farewell and food enthusiasts."
Dry Fruit Gift Box - Collection 10,Food,Christmas,Best Friend,food snacks coffee tea gourmet,"Romantic, Stylish",1458,"Dry Fruit Gift Box - Collection 10, a refined food gift for christmas and food enthusiasts."
Dry Fruit Gift Box - Collection 11,Food,Friendship Day,Friend,food snacks coffee tea gourmet,"Practical, Minimalist",1570,"Dry Fruit Gift Box - Collection 11, a refined food gift for friendship day and food enthusiasts."
Dry Fruit Gift Box - Collection 12,Food,Wedding,Sibling,food snacks coffee tea gourmet,"Adventurous, Extroverted",1682,"Dry Fruit Gift Box - Collection 12, a refined food gift for wedding and food enthusiasts."
Dry Fruit Gift Box - Collection 13,Food,Promotion,Parent,food snacks coffee tea gourmet,"Introverted, Intellectual",1794,"Dry Fruit Gift Box - Collection 13, a refined food gift for promotion and food enthusiasts."
Dry Fruit Gift Box - Collection 14,Food,Thank You,Family,food snacks coffee tea gourmet,"Funny, Trendy",1906,"Dry Fruit Gift Box - Collection 14, a refined food gift for thank you and food enthusiasts."
Breakfast Gift Basket - Collection 8,Food,Farewell,Friend,food snacks coffee tea gourmet,"Creative, Sentimental",1234,"Breakfast Gift Basket - Collection 8, a refined food gift for farewell and food enthusiasts."
Breakfast Gift Basket - Collection 9,Food,Christmas,Sibling,food snacks coffee tea gourmet,"Romantic, Stylish",1346,"Breakfast Gift Basket - Collection 9, a refined food gift for christmas and food enthusiasts."
Breakfast Gift Basket - Collection 10,Food,Friendship Day,Parent,food snacks coffee tea gourmet,"Practical, Minimalist",1458,"Breakfast Gift Basket - Collection 10, a refined food gift for friendship day and food enthusiasts."
Breakfast Gift Basket - Collection 11,Food,Wedding,Family,food snacks coffee tea gourmet,"Adventurous, Extroverted",1570,"Breakfast Gift Basket - Collection 11, a refined food gift for wedding and food enthusiasts."
Breakfast Gift Basket - Collection 12,Food,Promotion,Colleague,food snacks coffee tea gourmet,"Introverted, Intellectual",1682,"Breakfast Gift Basket - Collection 12, a refined food gift for promotion and food enthusiasts."
Breakfast Gift Basket - Collection 13,Food,Thank You,Classmate,food snacks coffee tea gourmet,"Funny, Trendy",1794,"Breakfast Gift Basket - Collection 13, a refined food gift for thank you and food enthusiasts."
Breakfast Gift Basket - Collection 14,Food,Just Because,Mentor,food snacks coffee tea gourmet,"Techie, Practical",1906,"Breakfast Gift Basket - Collection 14, a refined food gift for just because and food enthusiasts."
Minimal Pendant - Collection 8,Jewelry,Thank You,Mentor,fashion jewelry style accessories,"Romantic, Stylish",3025,"Minimal Pendant - Collection 8, a refined jewelry gift for thank you and fashion enthusiasts."
Minimal Pendant - Collection 9,Jewelry,Just Because,Partner,fashion jewelry style accessories,"Practical, Minimalist",3300,"Minimal Pendant - Collection 9, a refined jewelry gift for just because and fashion enthusiasts."
Minimal Pendant - Collection 10,Jewelry,Birthday,Best Friend,fashion jewelry style accessories,"Adventurous, Extroverted",3575,"Minimal Pendant - Collection 10, a refined jewelry gift for birthday and fashion enthusiasts."
Minimal Pendant - Collection 11,Jewelry,Anniversary,Friend,fashion jewelry style accessories,"Introverted, Intellectual",3850,"Minimal Pendant - Collection 11, a refined jewelry gift for anniversary and fashion enthusiasts."
Minimal Pendant - Collection 12,Jewelry,Valentines Day,Sibling,fashion jewelry style accessories,"Funny, Trendy",4125,"Minimal Pendant - Collection 12, a refined jewelry gift for valentines day and fashion enthusiasts."
Minimal Pendant - Collection 13,Jewelry,Graduation,Parent,fashion jewelry style accessories,"Techie, Practical",4400,"Minimal Pendant - Collection 13, a refined jewelry gift for graduation and fashion enthusiasts."
Minimal Pendant - Collection 14,Jewelry,Housewarming,Family,fashion jewelry style accessories,"Classic, Sentimental",4675,"Minimal Pendant - Collection 14, a refined jewelry gift for housewarming and fashion enthusiasts."
Charm Bracelet - Collection 8,Jewelry,Just Because,Friend,fashion jewelry style accessories,"Practical, Minimalist",3025,"Charm Bracelet - Collection 8, a refined jewelry gift for just because and fashion enthusiasts."
Charm Bracelet - Collection 9,Jewelry,Birthday,Sibling,fashion jewelry style accessories,"Adventurous, Extroverted",3300,"Charm Bracelet - Collection 9, a refined jewelry gift for birthday and fashion enthusiasts."
Charm Bracelet - Collection 10,Jewelry,Anniversary,Parent,fashion jewelry style accessories,"Introverted, Intellectual",3575,"Charm Bracelet - Collection 10, a refined jewelry gift for anniversary and fashion enthusiasts."
Charm Bracelet - Collection 11,Jewelry,Valentines Day,Family,fashion jewelry style accessories,"Funny, Trendy",3850,"Charm Bracelet - Collection 11, a refined jewelry gift for valentines day and fashion enthusiasts."
Charm Bracelet - Collection 12,Jewelry,Graduation,Colleague,fashion jewelry style accessories,"Techie, Practical",4125,"Charm Bracelet - Collection 12, a refined jewelry gift for graduation and fashion enthusiasts."
Charm Bracelet - Collection 13,Jewelry,Housewarming,Classmate,fashion jewelry style accessories,"Classic, Sentimental",4400,"Charm Bracelet - Collection 13, a refined jewelry gift for housewarming and fashion enthusiasts."
Charm Bracelet - Collection 14,Jewelry,Farewell,Mentor,fashion jewelry style accessories,"Creative, Sentimental",4675,"Charm Bracelet - Collection 14, a refined jewelry gift for farewell and fashion enthusiasts."
Initial Necklace - Collection 8,Jewelry,Birthday,Family,fashion jewelry style accessories,"Adventurous, Extroverted",3025,"Initial Necklace - Collection 8, a refined jewelry gift for birthday and fashion enthusiasts."
Initial Necklace - Collection 9,Jewelry,Anniversary,Colleague,fashion jewelry style accessories,"Introverted, Intellectual",3300,"Initial Necklace - Collection 9, a refined jewelry gift for anniversary and fashion enthusiasts."
Initial Necklace - Collection 10,Jewelry,Valentines Day,Classmate,fashion jewelry style accessories,"Funny, Trendy",3575,"Initial Necklace - Collection 10, a refined jewelry gift for valentines day and fashion enthusiasts."
Initial Necklace - Collection 11,Jewelry,Graduation,Mentor,fashion jewelry style accessories,"Techie, Practical",3850,"Initial Necklace - Collection 11, a refined jewelry gift for graduation and fashion enthusiasts."
Initial Necklace - Collection 12,Jewelry,Housewarming,Partner,fashion jewelry style accessories,"Classic, Sentimental",4125,"Initial Necklace - Collection 12, a refined jewelry gift for housewarming and fashion enthusiasts."
Initial Necklace - Collection 13,Jewelry,Farewell,Best Friend,fashion jewelry style accessories,"Creative, Sentimental",4400,"Initial Necklace - Collection 13, a refined jewelry gift for farewell and fashion enthusiasts."
Initial Necklace - Collection 14,Jewelry,Christmas,Friend,fashion jewelry style accessories,"Romantic, Stylish",4675,"Initial Necklace - Collection 14, a refined jewelry gift for christmas and fashion enthusiasts."
Classic Stud Earrings - Collection 8,Jewelry,Anniversary,Mentor,fashion jewelry style accessories,"Introverted, Intellectual",3025,"Classic Stud Earrings - Collection 8, a refined jewelry gift for anniversary and fashion enthusiasts."
Classic Stud Earrings - Collection 9,Jewelry,Valentines Day,Partner,fashion jewelry style accessories,"Funny, Trendy",3300,"Classic Stud Earrings - Collection 9, a refined jewelry gift for valentines day and fashion enthusiasts."
Classic Stud Earrings - Collection 10,Jewelry,Graduation,Best Friend,fashion jewelry style accessories,"Techie, Practical",3575,"Classic Stud Earrings - Collection 10, a refined jewelry gift for graduation and fashion enthusiasts."
Classic Stud Earrings - Collection 11,Jewelry,Housewarming,Friend,fashion jewelry style accessories,"Classic, Sentimental",3850,"Classic Stud Earrings - Collection 11, a refined jewelry gift for housewarming and fashion enthusiasts."
Classic Stud Earrings - Collection 12,Jewelry,Farewell,Sibling,fashion jewelry style accessories,"Creative, Sentimental",4125,"Classic Stud Earrings - Collection 12, a refined jewelry gift for farewell and fashion enthusiasts."
Classic Stud Earrings - Collection 13,Jewelry,Christmas,Parent,fashion jewelry style accessories,"Romantic, Stylish",4400,"Classic Stud Earrings - Collection 13, a refined jewelry gift for christmas and fashion enthusiasts."
Classic Stud Earrings - Collection 14,Jewelry,Friendship Day,Family,fashion jewelry style accessories,"Practical, Minimalist",4675,"Classic Stud Earrings - Collection 14, a refined jewelry gift for friendship day and fashion enthusiasts."
Personalized Bracelet - Collection 8,Jewelry,Valentines Day,Friend,fashion jewelry style accessories,"Funny, Trendy",3025,"Personalized Bracelet - Collection 8, a refined jewelry gift for valentines day and fashion enthusiasts."
Personalized Bracelet - Collection 9,Jewelry,Graduation,Sibling,fashion jewelry style accessories,"Techie, Practical",3300,"Personalized Bracelet - Collection 9, a refined jewelry gift for graduation and fashion enthusiasts."
Personalized Bracelet - Collection 10,Jewelry,Housewarming,Parent,fashion jewelry style accessories,"Classic, Sentimental",3575,"Personalized Bracelet - Collection 10, a refined jewelry gift for housewarming and fashion enthusiasts."
Personalized Bracelet - Collection 11,Jewelry,Farewell,Family,fashion jewelry style accessories,"Creative, Sentimental",3850,"Personalized Bracelet - Collection 11, a refined jewelry gift for farewell and fashion enthusiasts."
Personalized Bracelet - Collection 12,Jewelry,Christmas,Colleague,fashion jewelry style accessories,"Romantic, Stylish",4125,"Personalized Bracelet - Collection 12, a refined jewelry gift for christmas and fashion enthusiasts."
Personalized Bracelet - Collection 13,Jewelry,Friendship Day,Classmate,fashion jewelry style accessories,"Practical, Minimalist",4400,"Personalized Bracelet - Collection 13, a refined jewelry gift for friendship day and fashion enthusiasts."
Personalized Bracelet - Collection 14,Jewelry,Wedding,Mentor,fashion jewelry style accessories,"Adventurous, Extroverted",4675,"Personalized Bracelet - Collection 14, a refined jewelry gift for wedding and fashion enthusiasts."
Minimal Ring - Collection 8,Jewelry,Graduation,Family,fashion jewelry style accessories,"Techie, Practical",3025,"Minimal Ring - Collection 8, a refined jewelry gift for graduation and fashion enthusiasts."
Minimal Ring - Collection 9,Jewelry,Housewarming,Colleague,fashion jewelry style accessories,"Classic, Sentimental",3300,"Minimal Ring - Collection 9, a refined jewelry gift for housewarming and fashion enthusiasts."
Minimal Ring - Collection 10,Jewelry,Farewell,Classmate,fashion jewelry style accessories,"Creative, Sentimental",3575,"Minimal Ring - Collection 10, a refined jewelry gift for farewell and fashion enthusiasts."
Minimal Ring - Collection 11,Jewelry,Christmas,Mentor,fashion jewelry style accessories,"Romantic, Stylish",3850,"Minimal Ring - Collection 11, a refined jewelry gift for christmas and fashion enthusiasts."
Minimal Ring - Collection 12,Jewelry,Friendship Day,Partner,fashion jewelry style accessories,"Practical, Minimalist",4125,"Minimal Ring - Collection 12, a refined jewelry gift for friendship day and fashion enthusiasts."
Minimal Ring - Collection 13,Jewelry,Wedding,Best Friend,fashion jewelry style accessories,"Adventurous, Extroverted",4400,"Minimal Ring - Collection 13, a refined jewelry gift for wedding and fashion enthusiasts."
Minimal Ring - Collection 14,Jewelry,Promotion,Friend,fashion jewelry style accessories,"Introverted, Intellectual",4675,"Minimal Ring - Collection 14, a refined jewelry gift for promotion and fashion enthusiasts."
Birthstone Pendant - Collection 8,Jewelry,Housewarming,Mentor,fashion jewelry style accessories,"Classic, Sentimental",3025,"Birthstone Pendant - Collection 8, a refined jewelry gift for housewarming and fashion enthusiasts."
Birthstone Pendant - Collection 9,Jewelry,Farewell,Partner,fashion jewelry style accessories,"Creative, Sentimental",3300,"Birthstone Pendant - Collection 9, a refined jewelry gift for farewell and fashion enthusiasts."
Birthstone Pendant - Collection 10,Jewelry,Christmas,Best Friend,fashion jewelry style accessories,"Romantic, Stylish",3575,"Birthstone Pendant - Collection 10, a refined jewelry gift for christmas and fashion enthusiasts."
Birthstone Pendant - Collection 11,Jewelry,Friendship Day,Friend,fashion jewelry style accessories,"Practical, Minimalist",3850,"Birthstone Pendant - Collection 11, a refined jewelry gift for friendship day and fashion enthusiasts."
Birthstone Pendant - Collection 12,Jewelry,Wedding,Sibling,fashion jewelry style accessories,"Adventurous, Extroverted",4125,"Birthstone Pendant - Collection 12, a refined jewelry gift for wedding and fashion enthusiasts."
Birthstone Pendant - Collection 13,Jewelry,Promotion,Parent,fashion jewelry style accessories,"Introverted, Intellectual",4400,"Birthstone Pendant - Collection 13, a refined jewelry gift for promotion and fashion enthusiasts."
Birthstone Pendant - Collection 14,Jewelry,Thank You,Family,fashion jewelry style accessories,"Funny, Trendy",4675,"Birthstone Pendant - Collection 14, a refined jewelry gift for thank you and fashion enthusiasts."
Layered Necklace Set - Collection 8,Jewelry,Farewell,Friend,fashion jewelry style accessories,"Creative, Sentimental",3025,"Layered Necklace Set - Collection 8, a refined jewelry gift for farewell and fashion enthusiasts."
Layered Necklace Set - Collection 9,Jewelry,Christmas,Sibling,fashion jewelry style accessories,"Romantic, Stylish",3300,"Layered Necklace Set - Collection 9, a refined jewelry gift for christmas and fashion enthusiasts."
Layered Necklace Set - Collection 10,Jewelry,Friendship Day,Parent,fashion jewelry style accessories,"Practical, Minimalist",3575,"Layered Necklace Set - Collection 10, a refined jewelry gift for friendship day and fashion enthusiasts."
Layered Necklace Set - Collection 11,Jewelry,Wedding,Family,fashion jewelry style accessories,"Adventurous, Extroverted",3850,"Layered Necklace Set - Collection 11, a refined jewelry gift for wedding and fashion enthusiasts."
Layered Necklace Set - Collection 12,Jewelry,Promotion,Colleague,fashion jewelry style accessories,"Introverted, Intellectual",4125,"Layered Necklace Set - Collection 12, a refined jewelry gift for promotion and fashion enthusiasts."
Layered Necklace Set - Collection 13,Jewelry,Thank You,Classmate,fashion jewelry style accessories,"Funny, Trendy",4400,"Layered Necklace Set - Collection 13, a refined jewelry gift for thank you and fashion enthusiasts."
Layered Necklace Set - Collection 14,Jewelry,Just Because,Mentor,fashion jewelry style accessories,"Techie, Practical",4675,"Layered Necklace Set - Collection 14, a refined jewelry gift for just because and fashion enthusiasts."
Leather Wallet - Collection 8,Accessories,Thank You,Mentor,fashion style everyday essentials,"Romantic, Stylish",1650,"Leather Wallet - Collection 8, a refined accessories gift for thank you and fashion enthusiasts."
Leather Wallet - Collection 9,Accessories,Just Because,Partner,fashion style everyday essentials,"Practical, Minimalist",1800,"Leather Wallet - Collection 9, a refined accessories gift for just because and fashion enthusiasts."
Leather Wallet - Collection 10,Accessories,Birthday,Best Friend,fashion style everyday essentials,"Adventurous, Extroverted",1950,"Leather Wallet - Collection 10, a refined accessories gift for birthday and fashion enthusiasts."
Leather Wallet - Collection 11,Accessories,Anniversary,Friend,fashion style everyday essentials,"Introverted, Intellectual",2100,"Leather Wallet - Collection 11, a refined accessories gift for anniversary and fashion enthusiasts."
Leather Wallet - Collection 12,Accessories,Valentines Day,Sibling,fashion style everyday essentials,"Funny, Trendy",2250,"Leather Wallet - Collection 12, a refined accessories gift for valentines day and fashion enthusiasts."
Leather Wallet - Collection 13,Accessories,Graduation,Parent,fashion style everyday essentials,"Techie, Practical",2400,"Leather Wallet - Collection 13, a refined accessories gift for graduation and fashion enthusiasts."
Leather Wallet - Collection 14,Accessories,Housewarming,Family,fashion style everyday essentials,"Classic, Sentimental",2550,"Leather Wallet - Collection 14, a refined accessories gift for housewarming and fashion enthusiasts."
Card Holder - Collection 8,Accessories,Just Because,Friend,fashion style everyday essentials,"Practical, Minimalist",1650,"Card Holder - Collection 8, a refined accessories gift for just because and fashion enthusiasts."
Card Holder - Collection 9,Accessories,Birthday,Sibling,fashion style everyday essentials,"Adventurous, Extroverted",1800,"Card Holder - Collection 9, a refined accessories gift for birthday and fashion enthusiasts."
Card Holder - Collection 10,Accessories,Anniversary,Parent,fashion style everyday essentials,"Introverted, Intellectual",1950,"Card Holder - Collection 10, a refined accessories gift for anniversary and fashion enthusiasts."
Card Holder - Collection 11,Accessories,Valentines Day,Family,fashion style everyday essentials,"Funny, Trendy",2100,"Card Holder - Collection 11, a refined accessories gift for valentines day and fashion enthusiasts."
Card Holder - Collection 12,Accessories,Graduation,Colleague,fashion style everyday essentials,"Techie, Practical",2250,"Card Holder - Collection 12, a refined accessories gift for graduation and fashion enthusiasts."
Card Holder - Collection 13,Accessories,Housewarming,Classmate,fashion style everyday essentials,"Classic, Sentimental",2400,"Card Holder - Collection 13, a refined accessories gift for housewarming and fashion enthusiasts."
Card Holder - Collection 14,Accessories,Farewell,Mentor,fashion style everyday essentials,"Creative, Sentimental",2550,"Card Holder - Collection 14, a refined accessories gift for farewell and fashion enthusiasts."
Classic Sunglasses - Collection 8,Accessories,Birthday,Family,fashion style everyday essentials,"Adventurous, Extroverted",1650,"Classic Sunglasses - Collection 8, a refined accessories gift for birthday and fashion enthusiasts."
Classic Sunglasses - Collection 9,Accessories,Anniversary,Colleague,fashion style everyday essentials,"Introverted, Intellectual",1800,"Classic Sunglasses - Collection 9, a refined accessories gift for anniversary and fashion enthusiasts."
Classic Sunglasses - Collection 10,Accessories,Valentines Day,Classmate,fashion style everyday essentials,"Funny, Trendy",1950,"Classic Sunglasses - Collection 10, a refined accessories gift for valentines day and fashion enthusiasts."
Classic Sunglasses - Collection 11,Accessories,Graduation,Mentor,fashion style everyday essentials,"Techie, Practical",2100,"Classic Sunglasses - Collection 11, a refined accessories gift for graduation and fashion enthusiasts."
Classic Sunglasses - Collection 12,Accessories,Housewarming,Partner,fashion style everyday essentials,"Classic, Sentimental",2250,"Classic Sunglasses - Collection 12, a refined accessories gift for housewarming and fashion enthusiasts."
Classic Sunglasses - Collection 13,Accessories,Farewell,Best Friend,fashion style everyday essentials,"Creative, Sentimental",2400,"Classic Sunglasses - Collection 13, a refined accessories gift for farewell and fashion enthusiasts."
Classic Sunglasses - Collection 14,Accessories,Christmas,Friend,fashion style everyday essentials,"Romantic, Stylish",2550,"Classic Sunglasses - Collection 14, a refined accessories gift for christmas and fashion enthusiasts."
Minimal Watch - Collection 8,Accessories,Anniversary,Mentor,fashion style everyday essentials,"Introverted, Intellectual",1650,"Minimal Watch - Collection 8, a refined accessories gift for anniversary and fashion enthusiasts."
Minimal Watch - Collection 9,Accessories,Valentines Day,Partner,fashion style everyday essentials,"Funny, Trendy",1800,"Minimal Watch - Collection 9, a refined accessories gift for valentines day and fashion enthusiasts."
Minimal Watch - Collection 10,Accessories,Graduation,Best Friend,fashion style everyday essentials,"Techie, Practical",1950,"Minimal Watch - Collection 10, a refined accessories gift for graduation and fashion enthusiasts."
Minimal Watch - Collection 11,Accessories,Housewarming,Friend,fashion style everyday essentials,"Classic, Sentimental",2100,"Minimal Watch - Collection 11, a refined accessories gift for housewarming and fashion enthusiasts."
Minimal Watch - Collection 12,Accessories,Farewell,Sibling,fashion style everyday essentials,"Creative, Sentimental",2250,"Minimal Watch - Collection 12, a refined accessories gift for farewell and fashion enthusiasts."
Minimal Watch - Collection 13,Accessories,Christmas,Parent,fashion style everyday essentials,"Romantic, Stylish",2400,"Minimal Watch - Collection 13, a refined accessories gift for christmas and fashion enthusiasts."
Minimal Watch - Collection 14,Accessories,Friendship Day,Family,fashion style everyday essentials,"Practical, Minimalist",2550,"Minimal Watch - Collection 14, a refined accessories gift for friendship day and fashion enthusiasts."
Canvas Tote Bag - Collection 8,Accessories,Valentines Day,Friend,fashion style everyday essentials,"Funny, Trendy",1650,"Canvas Tote Bag - Collection 8, a refined accessories gift for valentines day and fashion enthusiasts."
Canvas Tote Bag - Collection 9,Accessories,Graduation,Sibling,fashion style everyday essentials,"Techie, Practical",1800,"Canvas Tote Bag - Collection 9, a refined accessories gift for graduation and fashion enthusiasts."
Canvas Tote Bag - Collection 10,Accessories,Housewarming,Parent,fashion style everyday essentials,"Classic, Sentimental",1950,"Canvas Tote Bag - Collection 10, a refined accessories gift for housewarming and fashion enthusiasts."
Canvas Tote Bag - Collection 11,Accessories,Farewell,Family,fashion style everyday essentials,"Creative, Sentimental",2100,"Canvas Tote Bag - Collection 11, a refined accessories gift for farewell and fashion enthusiasts."
Canvas Tote Bag - Collection 12,Accessories,Christmas,Colleague,fashion style everyday essentials,"Romantic, Stylish",2250,"Canvas Tote Bag - Collection 12, a refined accessories gift for christmas and fashion enthusiasts."
Canvas Tote Bag - Collection 13,Accessories,Friendship Day,Classmate,fashion style everyday essentials,"Practical, Minimalist",2400,"Canvas Tote Bag - Collection 13, a refined accessories gift for friendship day and fashion enthusiasts."
Canvas Tote Bag - Collection 14,Accessories,Wedding,Mentor,fashion style everyday essentials,"Adventurous, Extroverted",2550,"Canvas Tote Bag - Collection 14, a refined accessories gift for wedding and fashion enthusiasts."
Keychain Gift Set - Collection 8,Accessories,Graduation,Family,fashion style everyday essentials,"Techie, Practical",1650,"Keychain Gift Set - Collection 8, a refined accessories gift for graduation and fashion enthusiasts."
Keychain Gift Set - Collection 9,Accessories,Housewarming,Colleague,fashion style everyday essentials,"Classic, Sentimental",1800,"Keychain Gift Set - Collection 9, a refined accessories gift for housewarming and fashion enthusiasts."
Keychain Gift Set - Collection 10,Accessories,Farewell,Classmate,fashion style everyday essentials,"Creative, Sentimental",1950,"Keychain Gift Set - Collection 10, a refined accessories gift for farewell and fashion enthusiasts."
Keychain Gift Set - Collection 11,Accessories,Christmas,Mentor,fashion style everyday essentials,"Romantic, Stylish",2100,"Keychain Gift Set - Collection 11, a refined accessories gift for christmas and fashion enthusiasts."
Keychain Gift Set - Collection 12,Accessories,Friendship Day,Partner,fashion style everyday essentials,"Practical, Minimalist",2250,"Keychain Gift Set - Collection 12, a refined accessories gift for friendship day and fashion enthusiasts."
Keychain Gift Set - Collection 13,Accessories,Wedding,Best Friend,fashion style everyday essentials,"Adventurous, Extroverted",2400,"Keychain Gift Set - Collection 13, a refined accessories gift for wedding and fashion enthusiasts."
Keychain Gift Set - Collection 14,Accessories,Promotion,Friend,fashion style everyday essentials,"Introverted, Intellectual",2550,"Keychain Gift Set - Collection 14, a refined accessories gift for promotion and fashion enthusiasts."
Belt and Wallet Set - Collection 8,Accessories,Housewarming,Mentor,fashion style everyday essentials,"Classic, Sentimental",1650,"Belt and Wallet Set - Collection 8, a refined accessories gift for housewarming and fashion enthusiasts."
Belt and Wallet Set - Collection 9,Accessories,Farewell,Partner,fashion style everyday essentials,"Creative, Sentimental",1800,"Belt and Wallet Set - Collection 9, a refined accessories gift for farewell and fashion enthusiasts."
Belt and Wallet Set - Collection 10,Accessories,Christmas,Best Friend,fashion style everyday essentials,"Romantic, Stylish",1950,"Belt and Wallet Set - Collection 10, a refined accessories gift for christmas and fashion enthusiasts."
Belt and Wallet Set - Collection 11,Accessories,Friendship Day,Friend,fashion style everyday essentials,"Practical, Minimalist",2100,"Belt and Wallet Set - Collection 11, a refined accessories gift for friendship day and fashion enthusiasts."
Belt and Wallet Set - Collection 12,Accessories,Wedding,Sibling,fashion style everyday essentials,"Adventurous, Extroverted",2250,"Belt and Wallet Set - Collection 12, a refined accessories gift for wedding and fashion enthusiasts."
Belt and Wallet Set - Collection 13,Accessories,Promotion,Parent,fashion style everyday essentials,"Introverted, Intellectual",2400,"Belt and Wallet Set - Collection 13, a refined accessories gift for promotion and fashion enthusiasts."
Belt and Wallet Set - Collection 14,Accessories,Thank You,Family,fashion style everyday essentials,"Funny, Trendy",2550,"Belt and Wallet Set - Collection 14, a refined accessories gift for thank you and fashion enthusiasts."
Personalized Pouch - Collection 8,Accessories,Farewell,Friend,fashion style everyday essentials,"Creative, Sentimental",1650,"Personalized Pouch - Collection 8, a refined accessories gift for farewell and fashion enthusiasts."
Personalized Pouch - Collection 9,Accessories,Christmas,Sibling,fashion style everyday essentials,"Romantic, Stylish",1800,"Personalized Pouch - Collection 9, a refined accessories gift for christmas and fashion enthusiasts."
Personalized Pouch - Collection 10,Accessories,Friendship Day,Parent,fashion style everyday essentials,"Practical, Minimalist",1950,"Personalized Pouch - Collection 10, a refined accessories gift for friendship day and fashion enthusiasts."
Personalized Pouch - Collection 11,Accessories,Wedding,Family,fashion style everyday essentials,"Adventurous, Extroverted",2100,"Personalized Pouch - Collection 11, a refined accessories gift for wedding and fashion enthusiasts."
Personalized Pouch - Collection 12,Accessories,Promotion,Colleague,fashion style everyday essentials,"Introverted, Intellectual",2250,"Personalized Pouch - Collection 12, a refined accessories gift for promotion and fashion enthusiasts."
Personalized Pouch - Collection 13,Accessories,Thank You,Classmate,fashion style everyday essentials,"Funny, Trendy",2400,"Personalized Pouch - Collection 13, a refined accessories gift for thank you and fashion enthusiasts."
Personalized Pouch - Collection 14,Accessories,Just Because,Mentor,fashion style everyday essentials,"Techie, Practical",2550,"Personalized Pouch - Collection 14, a refined accessories gift for just because and fashion enthusiasts."
Vinyl Record Gift - Collection 8,Music,Thank You,Mentor,music concerts audio creativity,"Romantic, Stylish",2059,"Vinyl Record Gift - Collection 8, a refined music gift for thank you and music enthusiasts."
Vinyl Record Gift - Collection 9,Music,Just Because,Partner,music concerts audio creativity,"Practical, Minimalist",2246,"Vinyl Record Gift - Collection 9, a refined music gift for just because and music enthusiasts."
Vinyl Record Gift - Collection 10,Music,Birthday,Best Friend,music concerts audio creativity,"Adventurous, Extroverted",2433,"Vinyl Record Gift - Collection 10, a refined music gift for birthday and music enthusiasts."
Vinyl Record Gift - Collection 11,Music,Anniversary,Friend,music concerts audio creativity,"Introverted, Intellectual",2620,"Vinyl Record Gift - Collection 11, a refined music gift for anniversary and music enthusiasts."
Vinyl Record Gift - Collection 12,Music,Valentines Day,Sibling,music concerts audio creativity,"Funny, Trendy",2807,"Vinyl Record Gift - Collection 12, a refined music gift for valentines day and music enthusiasts."
Vinyl Record Gift - Collection 13,Music,Graduation,Parent,music concerts audio creativity,"Techie, Practical",2994,"Vinyl Record Gift - Collection 13, a refined music gift for graduation and music enthusiasts."
Vinyl Record Gift - Collection 14,Music,Housewarming,Family,music concerts audio creativity,"Classic, Sentimental",3181,"Vinyl Record Gift - Collection 14, a refined music gift for housewarming and music enthusiasts."
Bluetooth Speaker Mini - Collection 8,Music,Just Because,Friend,music concerts audio creativity,"Practical, Minimalist",2059,"Bluetooth Speaker Mini - Collection 8, a refined music gift for just because and music enthusiasts."
Bluetooth Speaker Mini - Collection 9,Music,Birthday,Sibling,music concerts audio creativity,"Adventurous, Extroverted",2246,"Bluetooth Speaker Mini - Collection 9, a refined music gift for birthday and music enthusiasts."
Bluetooth Speaker Mini - Collection 10,Music,Anniversary,Parent,music concerts audio creativity,"Introverted, Intellectual",2433,"Bluetooth Speaker Mini - Collection 10, a refined music gift for anniversary and music enthusiasts."
Bluetooth Speaker Mini - Collection 11,Music,Valentines Day,Family,music concerts audio creativity,"Funny, Trendy",2620,"Bluetooth Speaker Mini - Collection 11, a refined music gift for valentines day and music enthusiasts."
Bluetooth Speaker Mini - Collection 12,Music,Graduation,Colleague,music concerts audio creativity,"Techie, Practical",2807,"Bluetooth Speaker Mini - Collection 12, a refined music gift for graduation and music enthusiasts."
Bluetooth Speaker Mini - Collection 13,Music,Housewarming,Classmate,music concerts audio creativity,"Classic, Sentimental",2994,"Bluetooth Speaker Mini - Collection 13, a refined music gift for housewarming and music enthusiasts."
Bluetooth Speaker Mini - Collection 14,Music,Farewell,Mentor,music concerts audio creativity,"Creative, Sentimental",3181,"Bluetooth Speaker Mini - Collection 14, a refined music gift for farewell and music enthusiasts."
Music Journal - Collection 8,Music,Birthday,Family,music concerts audio creativity,"Adventurous, Extroverted",2059,"Music Journal - Collection 8, a refined music gift for birthday and music enthusiasts."
Music Journal - Collection 9,Music,Anniversary,Colleague,music concerts audio creativity,"Introverted, Intellectual",2246,"Music Journal - Collection 9, a refined music gift for anniversary and music enthusiasts."
Music Journal - Collection 10,Music,Valentines Day,Classmate,music concerts audio creativity,"Funny, Trendy",2433,"Music Journal - Collection 10, a refined music gift for valentines day and music enthusiasts."
Music Journal - Collection 11,Music,Graduation,Mentor,music concerts audio creativity,"Techie, Practical",2620,"Music Journal - Collection 11, a refined music gift for graduation and music enthusiasts."
Music Journal - Collection 12,Music,Housewarming,Partner,music concerts audio creativity,"Classic, Sentimental",2807,"Music Journal - Collection 12, a refined music gift for housewarming and music enthusiasts."
Music Journal - Collection 13,Music,Farewell,Best Friend,music concerts audio creativity,"Creative, Sentimental",2994,"Music Journal - Collection 13, a refined music gift for farewell and music enthusiasts."
Music Journal - Collection 14,Music,Christmas,Friend,music concerts audio creativity,"Romantic, Stylish",3181,"Music Journal - Collection 14, a refined music gift for christmas and music enthusiasts."
Guitar Pick Set - Collection 8,Music,Anniversary,Mentor,music concerts audio creativity,"Introverted, Intellectual",2059,"Guitar Pick Set - Collection 8, a refined music gift for anniversary and music enthusiasts."
Guitar Pick Set - Collection 9,Music,Valentines Day,Partner,music concerts audio creativity,"Funny, Trendy",2246,"Guitar Pick Set - Collection 9, a refined music gift for valentines day and music enthusiasts."
Guitar Pick Set - Collection 10,Music,Graduation,Best Friend,music concerts audio creativity,"Techie, Practical",2433,"Guitar Pick Set - Collection 10, a refined music gift for graduation and music enthusiasts."
Guitar Pick Set - Collection 11,Music,Housewarming,Friend,music concerts audio creativity,"Classic, Sentimental",2620,"Guitar Pick Set - Collection 11, a refined music gift for housewarming and music enthusiasts."
Guitar Pick Set - Collection 12,Music,Farewell,Sibling,music concerts audio creativity,"Creative, Sentimental",2807,"Guitar Pick Set - Collection 12, a refined music gift for farewell and music enthusiasts."
Guitar Pick Set - Collection 13,Music,Christmas,Parent,music concerts audio creativity,"Romantic, Stylish",2994,"Guitar Pick Set - Collection 13, a refined music gift for christmas and music enthusiasts."
Guitar Pick Set - Collection 14,Music,Friendship Day,Family,music concerts audio creativity,"Practical, Minimalist",3181,"Guitar Pick Set - Collection 14, a refined music gift for friendship day and music enthusiasts."
Ukulele Accessory Kit - Collection 8,Music,Valentines Day,Friend,music concerts audio creativity,"Funny, Trendy",2059,"Ukulele Accessory Kit - Collection 8, a refined music gift for valentines day and music enthusiasts."
Ukulele Accessory Kit - Collection 9,Music,Graduation,Sibling,music concerts audio creativity,"Techie, Practical",2246,"Ukulele Accessory Kit - Collection 9, a refined music gift for graduation and music enthusiasts."
Ukulele Accessory Kit - Collection 10,Music,Housewarming,Parent,music concerts audio creativity,"Classic, Sentimental",2433,"Ukulele Accessory Kit - Collection 10, a refined music gift for housewarming and music enthusiasts."
Ukulele Accessory Kit - Collection 11,Music,Farewell,Family,music concerts audio creativity,"Creative, Sentimental",2620,"Ukulele Accessory Kit - Collection 11, a refined music gift for farewell and music enthusiasts."
Ukulele Accessory Kit - Collection 12,Music,Christmas,Colleague,music concerts audio creativity,"Romantic, Stylish",2807,"Ukulele Accessory Kit - Collection 12, a refined music gift for christmas and music enthusiasts."
Ukulele Accessory Kit - Collection 13,Music,Friendship Day,Classmate,music concerts audio creativity,"Practical, Minimalist",2994,"Ukulele Accessory Kit - Collection 13, a refined music gift for friendship day and music enthusiasts."
Ukulele Accessory Kit - Collection 14,Music,Wedding,Mentor,music concerts audio creativity,"Adventurous, Extroverted",3181,"Ukulele Accessory Kit - Collection 14, a refined music gift for wedding and music enthusiasts."
Headphone Stand - Collection 8,Music,Graduation,Family,music concerts audio creativity,"Techie, Practical",2059,"Headphone Stand - Collection 8, a refined music gift for graduation and music enthusiasts."
Headphone Stand - Collection 9,Music,Housewarming,Colleague,music concerts audio creativity,"Classic, Sentimental",2246,"Headphone Stand - Collection 9, a refined music gift for housewarming and music enthusiasts."
Headphone Stand - Collection 10,Music,Farewell,Classmate,music concerts audio creativity,"Creative, Sentimental",2433,"Headphone Stand - Collection 10, a refined music gift for farewell and music enthusiasts."
Headphone Stand - Collection 11,Music,Christmas,Mentor,music concerts audio creativity,"Romantic, Stylish",2620,"Headphone Stand - Collection 11, a refined music gift for christmas and music enthusiasts."
Headphone Stand - Collection 12,Music,Friendship Day,Partner,music concerts audio creativity,"Practical, Minimalist",2807,"Headphone Stand - Collection 12, a refined music gift for friendship day and music enthusiasts."
Headphone Stand - Collection 13,Music,Wedding,Best Friend,music concerts audio creativity,"Adventurous, Extroverted",2994,"Headphone Stand - Collection 13, a refined music gift for wedding and music enthusiasts."
Headphone Stand - Collection 14,Music,Promotion,Friend,music concerts audio creativity,"Introverted, Intellectual",3181,"Headphone Stand - Collection 14, a refined music gift for promotion and music enthusiasts."
Concert Memory Frame - Collection 8,Music,Housewarming,Mentor,music concerts audio creativity,"Classic, Sentimental",2059,"Concert Memory Frame - Collection 8, a refined music gift for housewarming and music enthusiasts."
Concert Memory Frame - Collection 9,Music,Farewell,Partner,music concerts audio creativity,"Creative, Sentimental",2246,"Concert Memory Frame - Collection 9, a refined music gift for farewell and music enthusiasts."
Concert Memory Frame - Collection 10,Music,Christmas,Best Friend,music concerts audio creativity,"Romantic, Stylish",2433,"Concert Memory Frame - Collection 10, a refined music gift for christmas and music enthusiasts."
Concert Memory Frame - Collection 11,Music,Friendship Day,Friend,music concerts audio creativity,"Practical, Minimalist",2620,"Concert Memory Frame - Collection 11, a refined music gift for friendship day and music enthusiasts."
Concert Memory Frame - Collection 12,Music,Wedding,Sibling,music concerts audio creativity,"Adventurous, Extroverted",2807,"Concert Memory Frame - Collection 12, a refined music gift for wedding and music enthusiasts."
Concert Memory Frame - Collection 13,Music,Promotion,Parent,music concerts audio creativity,"Introverted, Intellectual",2994,"Concert Memory Frame - Collection 13, a refined music gift for promotion and music enthusiasts."
Concert Memory Frame - Collection 14,Music,Thank You,Family,music concerts audio creativity,"Funny, Trendy",3181,"Concert Memory Frame - Collection 14, a refined music gift for thank you and music enthusiasts."
Playlist Poster - Collection 8,Music,Farewell,Friend,music concerts audio creativity,"Creative, Sentimental",2059,"Playlist Poster - Collection 8, a refined music gift for farewell and music enthusiasts."
Playlist Poster - Collection 9,Music,Christmas,Sibling,music concerts audio creativity,"Romantic, Stylish",2246,"Playlist Poster - Collection 9, a refined music gift for christmas and music enthusiasts."
Playlist Poster - Collection 10,Music,Friendship Day,Parent,music concerts audio creativity,"Practical, Minimalist",2433,"Playlist Poster - Collection 10, a refined music gift for friendship day and music enthusiasts."
Playlist Poster - Collection 11,Music,Wedding,Family,music concerts audio creativity,"Adventurous, Extroverted",2620,"Playlist Poster - Collection 11, a refined music gift for wedding and music enthusiasts."
Playlist Poster - Collection 12,Music,Promotion,Colleague,music concerts audio creativity,"Introverted, Intellectual",2807,"Playlist Poster - Collection 12, a refined music gift for promotion and music enthusiasts."
Playlist Poster - Collection 13,Music,Thank You,Classmate,music concerts audio creativity,"Funny, Trendy",2994,"Playlist Poster - Collection 13, a refined music gift for thank you and music enthusiasts."
Playlist Poster - Collection 14,Music,Just Because,Mentor,music concerts audio creativity,"Techie, Practical",3181,"Playlist Poster - Collection 14, a refined music gift for just because and music enthusiasts."
Premium Journal - Collection 8,Stationery,Thank You,Mentor,writing journaling stationery creativity,"Romantic, Stylish",1120,"Premium Journal - Collection 8, a refined stationery gift for thank you and writing enthusiasts."
Premium Journal - Collection 9,Stationery,Just Because,Partner,writing journaling stationery creativity,"Practical, Minimalist",1230,"Premium Journal - Collection 9, a refined stationery gift for just because and writing enthusiasts."
Premium Journal - Collection 10,Stationery,Birthday,Best Friend,writing journaling stationery creativity,"Adventurous, Extroverted",1340,"Premium Journal - Collection 10, a refined stationery gift for birthday and writing enthusiasts."
Premium Journal - Collection 11,Stationery,Anniversary,Friend,writing journaling stationery creativity,"Introverted, Intellectual",1450,"Premium Journal - Collection 11, a refined stationery gift for anniversary and writing enthusiasts."
Premium Journal - Collection 12,Stationery,Valentines Day,Sibling,writing journaling stationery creativity,"Funny, Trendy",1560,"Premium Journal - Collection 12, a refined stationery gift for valentines day and writing enthusiasts."
Premium Journal - Collection 13,Stationery,Graduation,Parent,writing journaling stationery creativity,"Techie, Practical",1670,"Premium Journal - Collection 13, a refined stationery gift for graduation and writing enthusiasts."
Premium Journal - Collection 14,Stationery,Housewarming,Family,writing journaling stationery creativity,"Classic, Sentimental",1780,"Premium Journal - Collection 14, a refined stationery gift for housewarming and writing enthusiasts."
Handwritten Letter Kit - Collection 8,Stationery,Just Because,Friend,writing journaling stationery creativity,"Practical, Minimalist",1120,"Handwritten Letter Kit - Collection 8, a refined stationery gift for just because and writing enthusiasts."
Handwritten Letter Kit - Collection 9,Stationery,Birthday,Sibling,writing journaling stationery creativity,"Adventurous, Extroverted",1230,"Handwritten Letter Kit - Collection 9, a refined stationery gift for birthday and writing enthusiasts."
Handwritten Letter Kit - Collection 10,Stationery,Anniversary,Parent,writing journaling stationery creativity,"Introverted, Intellectual",1340,"Handwritten Letter Kit - Collection 10, a refined stationery gift for anniversary and writing enthusiasts."
Handwritten Letter Kit - Collection 11,Stationery,Valentines Day,Family,writing journaling stationery creativity,"Funny, Trendy",1450,"Handwritten Letter Kit - Collection 11, a refined stationery gift for valentines day and writing enthusiasts."
Handwritten Letter Kit - Collection 12,Stationery,Graduation,Colleague,writing journaling stationery creativity,"Techie, Practical",1560,"Handwritten Letter Kit - Collection 12, a refined stationery gift for graduation and writing enthusiasts."
Handwritten Letter Kit - Collection 13,Stationery,Housewarming,Classmate,writing journaling stationery creativity,"Classic, Sentimental",1670,"Handwritten Letter Kit - Collection 13, a refined stationery gift for housewarming and writing enthusiasts."
Handwritten Letter Kit - Collection 14,Stationery,Farewell,Mentor,writing journaling stationery creativity,"Creative, Sentimental",1780,"Handwritten Letter Kit - Collection 14, a refined stationery gift for farewell and writing enthusiasts."
Planner Set - Collection 8,Stationery,Birthday,Family,writing journaling stationery creativity,"Adventurous, Extroverted",1120,"Planner Set - Collection 8, a refined stationery gift for birthday and writing enthusiasts."
Planner Set - Collection 9,Stationery,Anniversary,Colleague,writing journaling stationery creativity,"Introverted, Intellectual",1230,"Planner Set - Collection 9, a refined stationery gift for anniversary and writing enthusiasts."
Planner Set - Collection 10,Stationery,Valentines Day,Classmate,writing journaling stationery creativity,"Funny, Trendy",1340,"Planner Set - Collection 10, a refined stationery gift for valentines day and writing enthusiasts."
Planner Set - Collection 11,Stationery,Graduation,Mentor,writing journaling stationery creativity,"Techie, Practical",1450,"Planner Set - Collection 11, a refined stationery gift for graduation and writing enthusiasts."
Planner Set - Collection 12,Stationery,Housewarming,Partner,writing journaling stationery creativity,"Classic, Sentimental",1560,"Planner Set - Collection 12, a refined stationery gift for housewarming and writing enthusiasts."
Planner Set - Collection 13,Stationery,Farewell,Best Friend,writing journaling stationery creativity,"Creative, Sentimental",1670,"Planner Set - Collection 13, a refined stationery gift for farewell and writing enthusiasts."
Planner Set - Collection 14,Stationery,Christmas,Friend,writing journaling stationery creativity,"Romantic, Stylish",1780,"Planner Set - Collection 14, a refined stationery gift for christmas and writing enthusiasts."
Fountain Pen Set - Collection 8,Stationery,Anniversary,Mentor,writing journaling stationery creativity,"Introverted, Intellectual",1120,"Fountain Pen Set - Collection 8, a refined stationery gift for anniversary and writing enthusiasts."
Fountain Pen Set - Collection 9,Stationery,Valentines Day,Partner,writing journaling stationery creativity,"Funny, Trendy",1230,"Fountain Pen Set - Collection 9, a refined stationery gift for valentines day and writing enthusiasts."
Fountain Pen Set - Collection 10,Stationery,Graduation,Best Friend,writing journaling stationery creativity,"Techie, Practical",1340,"Fountain Pen Set - Collection 10, a refined stationery gift for graduation and writing enthusiasts."
Fountain Pen Set - Collection 11,Stationery,Housewarming,Friend,writing journaling stationery creativity,"Classic, Sentimental",1450,"Fountain Pen Set - Collection 11, a refined stationery gift for housewarming and writing enthusiasts."
Fountain Pen Set - Collection 12,Stationery,Farewell,Sibling,writing journaling stationery creativity,"Creative, Sentimental",1560,"Fountain Pen Set - Collection 12, a refined stationery gift for farewell and writing enthusiasts."
Fountain Pen Set - Collection 13,Stationery,Christmas,Parent,writing journaling stationery creativity,"Romantic, Stylish",1670,"Fountain Pen Set - Collection 13, a refined stationery gift for christmas and writing enthusiasts."
Fountain Pen Set - Collection 14,Stationery,Friendship Day,Family,writing journaling stationery creativity,"Practical, Minimalist",1780,"Fountain Pen Set - Collection 14, a refined stationery gift for friendship day and writing enthusiasts."
Sticky Note Gift Box - Collection 8,Stationery,Valentines Day,Friend,writing journaling stationery creativity,"Funny, Trendy",1120,"Sticky Note Gift Box - Collection 8, a refined stationery gift for valentines day and writing enthusiasts."
Sticky Note Gift Box - Collection 9,Stationery,Graduation,Sibling,writing journaling stationery creativity,"Techie, Practical",1230,"Sticky Note Gift Box - Collection 9, a refined stationery gift for graduation and writing enthusiasts."
Sticky Note Gift Box - Collection 10,Stationery,Housewarming,Parent,writing journaling stationery creativity,"Classic, Sentimental",1340,"Sticky Note Gift Box - Collection 10, a refined stationery gift for housewarming and writing enthusiasts."
Sticky Note Gift Box - Collection 11,Stationery,Farewell,Family,writing journaling stationery creativity,"Creative, Sentimental",1450,"Sticky Note Gift Box - Collection 11, a refined stationery gift for farewell and writing enthusiasts."
Sticky Note Gift Box - Collection 12,Stationery,Christmas,Colleague,writing journaling stationery creativity,"Romantic, Stylish",1560,"Sticky Note Gift Box - Collection 12, a refined stationery gift for christmas and writing enthusiasts."
Sticky Note Gift Box - Collection 13,Stationery,Friendship Day,Classmate,writing journaling stationery creativity,"Practical, Minimalist",1670,"Sticky Note Gift Box - Collection 13, a refined stationery gift for friendship day and writing enthusiasts."
Sticky Note Gift Box - Collection 14,Stationery,Wedding,Mentor,writing journaling stationery creativity,"Adventurous, Extroverted",1780,"Sticky Note Gift Box - Collection 14, a refined stationery gift for wedding and writing enthusiasts."
Desk Stationery Kit - Collection 8,Stationery,Graduation,Family,writing journaling stationery creativity,"Techie, Practical",1120,"Desk Stationery Kit - Collection 8, a refined stationery gift for graduation and writing enthusiasts."
Desk Stationery Kit - Collection 9,Stationery,Housewarming,Colleague,writing journaling stationery creativity,"Classic, Sentimental",1230,"Desk Stationery Kit - Collection 9, a refined stationery gift for housewarming and writing enthusiasts."
Desk Stationery Kit - Collection 10,Stationery,Farewell,Classmate,writing journaling stationery creativity,"Creative, Sentimental",1340,"Desk Stationery Kit - Collection 10, a refined stationery gift for farewell and writing enthusiasts."
Desk Stationery Kit - Collection 11,Stationery,Christmas,Mentor,writing journaling stationery creativity,"Romantic, Stylish",1450,"Desk Stationery Kit - Collection 11, a refined stationery gift for christmas and writing enthusiasts."
Desk Stationery Kit - Collection 12,Stationery,Friendship Day,Partner,writing journaling stationery creativity,"Practical, Minimalist",1560,"Desk Stationery Kit - Collection 12, a refined stationery gift for friendship day and writing enthusiasts."
Desk Stationery Kit - Collection 13,Stationery,Wedding,Best Friend,writing journaling stationery creativity,"Adventurous, Extroverted",1670,"Desk Stationery Kit - Collection 13, a refined stationery gift for wedding and writing enthusiasts."
Desk Stationery Kit - Collection 14,Stationery,Promotion,Friend,writing journaling stationery creativity,"Introverted, Intellectual",1780,"Desk Stationery Kit - Collection 14, a refined stationery gift for promotion and writing enthusiasts."
Calligraphy Pen Set - Collection 8,Stationery,Housewarming,Mentor,writing journaling stationery creativity,"Classic, Sentimental",1120,"Calligraphy Pen Set - Collection 8, a refined stationery gift for housewarming and writing enthusiasts."
Calligraphy Pen Set - Collection 9,Stationery,Farewell,Partner,writing journaling stationery creativity,"Creative, Sentimental",1230,"Calligraphy Pen Set - Collection 9, a refined stationery gift for farewell and writing enthusiasts."
Calligraphy Pen Set - Collection 10,Stationery,Christmas,Best Friend,writing journaling stationery creativity,"Romantic, Stylish",1340,"Calligraphy Pen Set - Collection 10, a refined stationery gift for christmas and writing enthusiasts."
Calligraphy Pen Set - Collection 11,Stationery,Friendship Day,Friend,writing journaling stationery creativity,"Practical, Minimalist",1450,"Calligraphy Pen Set - Collection 11, a refined stationery gift for friendship day and writing enthusiasts."
Calligraphy Pen Set - Collection 12,Stationery,Wedding,Sibling,writing journaling stationery creativity,"Adventurous, Extroverted",1560,"Calligraphy Pen Set - Collection 12, a refined stationery gift for wedding and writing enthusiasts."
Calligraphy Pen Set - Collection 13,Stationery,Promotion,Parent,writing journaling stationery creativity,"Introverted, Intellectual",1670,"Calligraphy Pen Set - Collection 13, a refined stationery gift for promotion and writing enthusiasts."
Calligraphy Pen Set - Collection 14,Stationery,Thank You,Family,writing journaling stationery creativity,"Funny, Trendy",1780,"Calligraphy Pen Set - Collection 14, a refined stationery gift for thank you and writing enthusiasts."
Personalized Notebook - Collection 8,Stationery,Farewell,Friend,writing journaling stationery creativity,"Creative, Sentimental",1120,"Personalized Notebook - Collection 8, a refined stationery gift for farewell and writing enthusiasts."
Personalized Notebook - Collection 9,Stationery,Christmas,Sibling,writing journaling stationery creativity,"Romantic, Stylish",1230,"Personalized Notebook - Collection 9, a refined stationery gift for christmas and writing enthusiasts."
Personalized Notebook - Collection 10,Stationery,Friendship Day,Parent,writing journaling stationery creativity,"Practical, Minimalist",1340,"Personalized Notebook - Collection 10, a refined stationery gift for friendship day and writing enthusiasts."
Personalized Notebook - Collection 11,Stationery,Wedding,Family,writing journaling stationery creativity,"Adventurous, Extroverted",1450,"Personalized Notebook - Collection 11, a refined stationery gift for wedding and writing enthusiasts."
Personalized Notebook - Collection 12,Stationery,Promotion,Colleague,writing journaling stationery creativity,"Introverted, Intellectual",1560,"Personalized Notebook - Collection 12, a refined stationery gift for promotion and writing enthusiasts."
Personalized Notebook - Collection 13,Stationery,Thank You,Classmate,writing journaling stationery creativity,"Funny, Trendy",1670,"Personalized Notebook - Collection 13, a refined stationery gift for thank you and writing enthusiasts."
Personalized Notebook - Collection 14,Stationery,Just Because,Mentor,writing journaling stationery creativity,"Techie, Practical",1780,"Personalized Notebook - Collection 14, a refined stationery gift for just because and writing enthusiasts."
Pet Treat Box - Collection 8,Pets,Thank You,Mentor,pets animals care,"Romantic, Stylish",1375,"Pet Treat Box - Collection 8, a refined pets gift for thank you and pets enthusiasts."
Pet Treat Box - Collection 9,Pets,Just Because,Partner,pets animals care,"Practical, Minimalist",1500,"Pet Treat Box - Collection 9, a refined pets gift for just because and pets enthusiasts."
Pet Treat Box - Collection 10,Pets,Birthday,Best Friend,pets animals care,"Adventurous, Extroverted",1625,"Pet Treat Box - Collection 10, a refined pets gift for birthday and pets enthusiasts."
Pet Treat Box - Collection 11,Pets,Anniversary,Friend,pets animals care,"Introverted, Intellectual",1750,"Pet Treat Box - Collection 11, a refined pets gift for anniversary and pets enthusiasts."
Pet Treat Box - Collection 12,Pets,Valentines Day,Sibling,pets animals care,"Funny, Trendy",1875,"Pet Treat Box - Collection 12, a refined pets gift for valentines day and pets enthusiasts."
Pet Treat Box - Collection 13,Pets,Graduation,Parent,pets animals care,"Techie, Practical",2000,"Pet Treat Box - Collection 13, a refined pets gift for graduation and pets enthusiasts."
Pet Treat Box - Collection 14,Pets,Housewarming,Family,pets animals care,"Classic, Sentimental",2125,"Pet Treat Box - Collection 14, a refined pets gift for housewarming and pets enthusiasts."
Custom Pet Tag - Collection 8,Pets,Just Because,Friend,pets animals care,"Practical, Minimalist",1375,"Custom Pet Tag - Collection 8, a refined pets gift for just because and pets enthusiasts."
Custom Pet Tag - Collection 9,Pets,Birthday,Sibling,pets animals care,"Adventurous, Extroverted",1500,"Custom Pet Tag - Collection 9, a refined pets gift for birthday and pets enthusiasts."
Custom Pet Tag - Collection 10,Pets,Anniversary,Parent,pets animals care,"Introverted, Intellectual",1625,"Custom Pet Tag - Collection 10, a refined pets gift for anniversary and pets enthusiasts."
Custom Pet Tag - Collection 11,Pets,Valentines Day,Family,pets animals care,"Funny, Trendy",1750,"Custom Pet Tag - Collection 11, a refined pets gift for valentines day and pets enthusiasts."
Custom Pet Tag - Collection 12,Pets,Graduation,Colleague,pets animals care,"Techie, Practical",1875,"Custom Pet Tag - Collection 12, a refined pets gift for graduation and pets enthusiasts."
Custom Pet Tag - Collection 13,Pets,Housewarming,Classmate,pets animals care,"Classic, Sentimental",2000,"Custom Pet Tag - Collection 13, a refined pets gift for housewarming and pets enthusiasts."
Custom Pet Tag - Collection 14,Pets,Farewell,Mentor,pets animals care,"Creative, Sentimental",2125,"Custom Pet Tag - Collection 14, a refined pets gift for farewell and pets enthusiasts."
Pet Toy Bundle - Collection 8,Pets,Birthday,Family,pets animals care,"Adventurous, Extroverted",1375,"Pet Toy Bundle - Collection 8, a refined pets gift for birthday and pets enthusiasts."
Pet Toy Bundle - Collection 9,Pets,Anniversary,Colleague,pets animals care,"Introverted, Intellectual",1500,"Pet Toy Bundle - Collection 9, a refined pets gift for anniversary and pets enthusiasts."
Pet Toy Bundle - Collection 10,Pets,Valentines Day,Classmate,pets animals care,"Funny, Trendy",1625,"Pet Toy Bundle - Collection 10, a refined pets gift for valentines day and pets enthusiasts."
Pet Toy Bundle - Collection 11,Pets,Graduation,Mentor,pets animals care,"Techie, Practical",1750,"Pet Toy Bundle - Collection 11, a refined pets gift for graduation and pets enthusiasts."
Pet Toy Bundle - Collection 12,Pets,Housewarming,Partner,pets animals care,"Classic, Sentimental",1875,"Pet Toy Bundle - Collection 12, a refined pets gift for housewarming and pets enthusiasts."
Pet Toy Bundle - Collection 13,Pets,Farewell,Best Friend,pets animals care,"Creative, Sentimental",2000,"Pet Toy Bundle - Collection 13, a refined pets gift for farewell and pets enthusiasts."
Pet Toy Bundle - Collection 14,Pets,Christmas,Friend,pets animals care,"Romantic, Stylish",2125,"Pet Toy Bundle - Collection 14, a refined pets gift for christmas and pets enthusiasts."
Pet Bed - Collection 8,Pets,Anniversary,Mentor,pets animals care,"Introverted, Intellectual",1375,"Pet Bed - Collection 8, a refined pets gift for anniversary and pets enthusiasts."
Pet Bed - Collection 9,Pets,Valentines Day,Partner,pets animals care,"Funny, Trendy",1500,"Pet Bed - Collection 9, a refined pets gift for valentines day and pets enthusiasts."
Pet Bed - Collection 10,Pets,Graduation,Best Friend,pets animals care,"Techie, Practical",1625,"Pet Bed - Collection 10, a refined pets gift for graduation and pets enthusiasts."
Pet Bed - Collection 11,Pets,Housewarming,Friend,pets animals care,"Classic, Sentimental",1750,"Pet Bed - Collection 11, a refined pets gift for housewarming and pets enthusiasts."
Pet Bed - Collection 12,Pets,Farewell,Sibling,pets animals care,"Creative, Sentimental",1875,"Pet Bed - Collection 12, a refined pets gift for farewell and pets enthusiasts."
Pet Bed - Collection 13,Pets,Christmas,Parent,pets animals care,"Romantic, Stylish",2000,"Pet Bed - Collection 13, a refined pets gift for christmas and pets enthusiasts."
Pet Bed - Collection 14,Pets,Friendship Day,Family,pets animals care,"Practical, Minimalist",2125,"Pet Bed - Collection 14, a refined pets gift for friendship day and pets enthusiasts."
Pet Grooming Kit - Collection 8,Pets,Valentines Day,Friend,pets animals care,"Funny, Trendy",1375,"Pet Grooming Kit - Collection 8, a refined pets gift for valentines day and pets enthusiasts."
Pet Grooming Kit - Collection 9,Pets,Graduation,Sibling,pets animals care,"Techie, Practical",1500,"Pet Grooming Kit - Collection 9, a refined pets gift for graduation and pets enthusiasts."
Pet Grooming Kit - Collection 10,Pets,Housewarming,Parent,pets animals care,"Classic, Sentimental",1625,"Pet Grooming Kit - Collection 10, a refined pets gift for housewarming and pets enthusiasts."
Pet Grooming Kit - Collection 11,Pets,Farewell,Family,pets animals care,"Creative, Sentimental",1750,"Pet Grooming Kit - Collection 11, a refined pets gift for farewell and pets enthusiasts."
Pet Grooming Kit - Collection 12,Pets,Christmas,Colleague,pets animals care,"Romantic, Stylish",1875,"Pet Grooming Kit - Collection 12, a refined pets gift for christmas and pets enthusiasts."
Pet Grooming Kit - Collection 13,Pets,Friendship Day,Classmate,pets animals care,"Practical, Minimalist",2000,"Pet Grooming Kit - Collection 13, a refined pets gift for friendship day and pets enthusiasts."
Pet Grooming Kit - Collection 14,Pets,Wedding,Mentor,pets animals care,"Adventurous, Extroverted",2125,"Pet Grooming Kit - Collection 14, a refined pets gift for wedding and pets enthusiasts."
Pet Photo Frame - Collection 8,Pets,Graduation,Family,pets animals care,"Techie, Practical",1375,"Pet Photo Frame - Collection 8, a refined pets gift for graduation and pets enthusiasts."
Pet Photo Frame - Collection 9,Pets,Housewarming,Colleague,pets animals care,"Classic, Sentimental",1500,"Pet Photo Frame - Collection 9, a refined pets gift for housewarming and pets enthusiasts."
Pet Photo Frame - Collection 10,Pets,Farewell,Classmate,pets animals care,"Creative, Sentimental",1625,"Pet Photo Frame - Collection 10, a refined pets gift for farewell and pets enthusiasts."
Pet Photo Frame - Collection 11,Pets,Christmas,Mentor,pets animals care,"Romantic, Stylish",1750,"Pet Photo Frame - Collection 11, a refined pets gift for christmas and pets enthusiasts."
Pet Photo Frame - Collection 12,Pets,Friendship Day,Partner,pets animals care,"Practical, Minimalist",1875,"Pet Photo Frame - Collection 12, a refined pets gift for friendship day and pets enthusiasts."
Pet Photo Frame - Collection 13,Pets,Wedding,Best Friend,pets animals care,"Adventurous, Extroverted",2000,"Pet Photo Frame - Collection 13, a refined pets gift for wedding and pets enthusiasts."
Pet Photo Frame - Collection 14,Pets,Promotion,Friend,pets animals care,"Introverted, Intellectual",2125,"Pet Photo Frame - Collection 14, a refined pets gift for promotion and pets enthusiasts."
Pet Feeding Mat - Collection 8,Pets,Housewarming,Mentor,pets animals care,"Classic, Sentimental",1375,"Pet Feeding Mat - Collection 8, a refined pets gift for housewarming and pets enthusiasts."
Pet Feeding Mat - Collection 9,Pets,Farewell,Partner,pets animals care,"Creative, Sentimental",1500,"Pet Feeding Mat - Collection 9, a refined pets gift for farewell and pets enthusiasts."
Pet Feeding Mat - Collection 10,Pets,Christmas,Best Friend,pets animals care,"Romantic, Stylish",1625,"Pet Feeding Mat - Collection 10, a refined pets gift for christmas and pets enthusiasts."
Pet Feeding Mat - Collection 11,Pets,Friendship Day,Friend,pets animals care,"Practical, Minimalist",1750,"Pet Feeding Mat - Collection 11, a refined pets gift for friendship day and pets enthusiasts."
Pet Feeding Mat - Collection 12,Pets,Wedding,Sibling,pets animals care,"Adventurous, Extroverted",1875,"Pet Feeding Mat - Collection 12, a refined pets gift for wedding and pets enthusiasts."
Pet Feeding Mat - Collection 13,Pets,Promotion,Parent,pets animals care,"Introverted, Intellectual",2000,"Pet Feeding Mat - Collection 13, a refined pets gift for promotion and pets enthusiasts."
Pet Feeding Mat - Collection 14,Pets,Thank You,Family,pets animals care,"Funny, Trendy",2125,"Pet Feeding Mat - Collection 14, a refined pets gift for thank you and pets enthusiasts."
Pet Travel Bowl - Collection 8,Pets,Farewell,Friend,pets animals care,"Creative, Sentimental",1375,"Pet Travel Bowl - Collection 8, a refined pets gift for farewell and pets enthusiasts."
Pet Travel Bowl - Collection 9,Pets,Christmas,Sibling,pets animals care,"Romantic, Stylish",1500,"Pet Travel Bowl - Collection 9, a refined pets gift for christmas and pets enthusiasts."
Pet Travel Bowl - Collection 10,Pets,Friendship Day,Parent,pets animals care,"Practical, Minimalist",1625,"Pet Travel Bowl - Collection 10, a refined pets gift for friendship day and pets enthusiasts."
Pet Travel Bowl - Collection 11,Pets,Wedding,Family,pets animals care,"Adventurous, Extroverted",1750,"Pet Travel Bowl - Collection 11, a refined pets gift for wedding and pets enthusiasts."
Pet Travel Bowl - Collection 12,Pets,Promotion,Colleague,pets animals care,"Introverted, Intellectual",1875,"Pet Travel Bowl - Collection 12, a refined pets gift for promotion and pets enthusiasts."
Pet Travel Bowl - Collection 13,Pets,Thank You,Classmate,pets animals care,"Funny, Trendy",2000,"Pet Travel Bowl - Collection 13, a refined pets gift for thank you and pets enthusiasts."
Pet Travel Bowl - Collection 14,Pets,Just Because,Mentor,pets animals care,"Techie, Practical",2125,"Pet Travel Bowl - Collection 14, a refined pets gift for just because and pets enthusiasts."
Movie Night Experience - Collection 8,Experiences,Thank You,Mentor,experiences dates adventure fun,"Romantic, Stylish",2750,"Movie Night Experience - Collection 8, a refined experiences gift for thank you and experiences enthusiasts."
Movie Night Experience - Collection 9,Experiences,Just Because,Partner,experiences dates adventure fun,"Practical, Minimalist",3000,"Movie Night Experience - Collection 9, a refined experiences gift for just because and experiences enthusiasts."
Movie Night Experience - Collection 10,Experiences,Birthday,Best Friend,experiences dates adventure fun,"Adventurous, Extroverted",3250,"Movie Night Experience - Collection 10, a refined experiences gift for birthday and experiences enthusiasts."
Movie Night Experience - Collection 11,Experiences,Anniversary,Friend,experiences dates adventure fun,"Introverted, Intellectual",3500,"Movie Night Experience - Collection 11, a refined experiences gift for anniversary and experiences enthusiasts."
Movie Night Experience - Collection 12,Experiences,Valentines Day,Sibling,experiences dates adventure fun,"Funny, Trendy",3750,"Movie Night Experience - Collection 12, a refined experiences gift for valentines day and experiences enthusiasts."
Movie Night Experience - Collection 13,Experiences,Graduation,Parent,experiences dates adventure fun,"Techie, Practical",4000,"Movie Night Experience - Collection 13, a refined experiences gift for graduation and experiences enthusiasts."
Movie Night Experience - Collection 14,Experiences,Housewarming,Family,experiences dates adventure fun,"Classic, Sentimental",4250,"Movie Night Experience - Collection 14, a refined experiences gift for housewarming and experiences enthusiasts."
Spa Voucher - Collection 8,Experiences,Just Because,Friend,experiences dates adventure fun,"Practical, Minimalist",2750,"Spa Voucher - Collection 8, a refined experiences gift for just because and experiences enthusiasts."
Spa Voucher - Collection 9,Experiences,Birthday,Sibling,experiences dates adventure fun,"Adventurous, Extroverted",3000,"Spa Voucher - Collection 9, a refined experiences gift for birthday and experiences enthusiasts."
Spa Voucher - Collection 10,Experiences,Anniversary,Parent,experiences dates adventure fun,"Introverted, Intellectual",3250,"Spa Voucher - Collection 10, a refined experiences gift for anniversary and experiences enthusiasts."
Spa Voucher - Collection 11,Experiences,Valentines Day,Family,experiences dates adventure fun,"Funny, Trendy",3500,"Spa Voucher - Collection 11, a refined experiences gift for valentines day and experiences enthusiasts."
Spa Voucher - Collection 12,Experiences,Graduation,Colleague,experiences dates adventure fun,"Techie, Practical",3750,"Spa Voucher - Collection 12, a refined experiences gift for graduation and experiences enthusiasts."
Spa Voucher - Collection 13,Experiences,Housewarming,Classmate,experiences dates adventure fun,"Classic, Sentimental",4000,"Spa Voucher - Collection 13, a refined experiences gift for housewarming and experiences enthusiasts."
Spa Voucher - Collection 14,Experiences,Farewell,Mentor,experiences dates adventure fun,"Creative, Sentimental",4250,"Spa Voucher - Collection 14, a refined experiences gift for farewell and experiences enthusiasts."
Pottery Workshop - Collection 8,Experiences,Birthday,Family,experiences dates adventure fun,"Adventurous, Extroverted",2750,"Pottery Workshop - Collection 8, a refined experiences gift for birthday and experiences enthusiasts."
Pottery Workshop - Collection 9,Experiences,Anniversary,Colleague,experiences dates adventure fun,"Introverted, Intellectual",3000,"Pottery Workshop - Collection 9, a refined experiences gift for anniversary and experiences enthusiasts."
Pottery Workshop - Collection 10,Experiences,Valentines Day,Classmate,experiences dates adventure fun,"Funny, Trendy",3250,"Pottery Workshop - Collection 10, a refined experiences gift for valentines day and experiences enthusiasts."
Pottery Workshop - Collection 11,Experiences,Graduation,Mentor,experiences dates adventure fun,"Techie, Practical",3500,"Pottery Workshop - Collection 11, a refined experiences gift for graduation and experiences enthusiasts."
Pottery Workshop - Collection 12,Experiences,Housewarming,Partner,experiences dates adventure fun,"Classic, Sentimental",3750,"Pottery Workshop - Collection 12, a refined experiences gift for housewarming and experiences enthusiasts."
Pottery Workshop - Collection 13,Experiences,Farewell,Best Friend,experiences dates adventure fun,"Creative, Sentimental",4000,"Pottery Workshop - Collection 13, a refined experiences gift for farewell and experiences enthusiasts."
Pottery Workshop - Collection 14,Experiences,Christmas,Friend,experiences dates adventure fun,"Romantic, Stylish",4250,"Pottery Workshop - Collection 14, a refined experiences gift for christmas and experiences enthusiasts."
Cooking Class Voucher - Collection 8,Experiences,Anniversary,Mentor,experiences dates adventure fun,"Introverted, Intellectual",2750,"Cooking Class Voucher - Collection 8, a refined experiences gift for anniversary and experiences enthusiasts."
Cooking Class Voucher - Collection 9,Experiences,Valentines Day,Partner,experiences dates adventure fun,"Funny, Trendy",3000,"Cooking Class Voucher - Collection 9, a refined experiences gift for valentines day and experiences enthusiasts."
Cooking Class Voucher - Collection 10,Experiences,Graduation,Best Friend,experiences dates adventure fun,"Techie, Practical",3250,"Cooking Class Voucher - Collection 10, a refined experiences gift for graduation and experiences enthusiasts."
Cooking Class Voucher - Collection 11,Experiences,Housewarming,Friend,experiences dates adventure fun,"Classic, Sentimental",3500,"Cooking Class Voucher - Collection 11, a refined experiences gift for housewarming and experiences enthusiasts."
Cooking Class Voucher - Collection 12,Experiences,Farewell,Sibling,experiences dates adventure fun,"Creative, Sentimental",3750,"Cooking Class Voucher - Collection 12, a refined experiences gift for farewell and experiences enthusiasts."
Cooking Class Voucher - Collection 13,Experiences,Christmas,Parent,experiences dates adventure fun,"Romantic, Stylish",4000,"Cooking Class Voucher - Collection 13, a refined experiences gift for christmas and experiences enthusiasts."
Cooking Class Voucher - Collection 14,Experiences,Friendship Day,Family,experiences dates adventure fun,"Practical, Minimalist",4250,"Cooking Class Voucher - Collection 14, a refined experiences gift for friendship day and experiences enthusiasts."
Escape Room Experience - Collection 8,Experiences,Valentines Day,Friend,experiences dates adventure fun,"Funny, Trendy",2750,"Escape Room Experience - Collection 8, a refined experiences gift for valentines day and experiences enthusiasts."
Escape Room Experience - Collection 9,Experiences,Graduation,Sibling,experiences dates adventure fun,"Techie, Practical",3000,"Escape Room Experience - Collection 9, a refined experiences gift for graduation and experiences enthusiasts."
Escape Room Experience - Collection 10,Experiences,Housewarming,Parent,experiences dates adventure fun,"Classic, Sentimental",3250,"Escape Room Experience - Collection 10, a refined experiences gift for housewarming and experiences enthusiasts."
Escape Room Experience - Collection 11,Experiences,Farewell,Family,experiences dates adventure fun,"Creative, Sentimental",3500,"Escape Room Experience - Collection 11, a refined experiences gift for farewell and experiences enthusiasts."
Escape Room Experience - Collection 12,Experiences,Christmas,Colleague,experiences dates adventure fun,"Romantic, Stylish",3750,"Escape Room Experience - Collection 12, a refined experiences gift for christmas and experiences enthusiasts."
Escape Room Experience - Collection 13,Experiences,Friendship Day,Classmate,experiences dates adventure fun,"Practical, Minimalist",4000,"Escape Room Experience - Collection 13, a refined experiences gift for friendship day and experiences enthusiasts."
Escape Room Experience - Collection 14,Experiences,Wedding,Mentor,experiences dates adventure fun,"Adventurous, Extroverted",4250,"Escape Room Experience - Collection 14, a refined experiences gift for wedding and experiences enthusiasts."
Cafe Date Voucher - Collection 8,Experiences,Graduation,Family,experiences dates adventure fun,"Techie, Practical",2750,"Cafe Date Voucher - Collection 8, a refined experiences gift for graduation and experiences enthusiasts."
Cafe Date Voucher - Collection 9,Experiences,Housewarming,Colleague,experiences dates adventure fun,"Classic, Sentimental",3000,"Cafe Date Voucher - Collection 9, a refined experiences gift for housewarming and experiences enthusiasts."
Cafe Date Voucher - Collection 10,Experiences,Farewell,Classmate,experiences dates adventure fun,"Creative, Sentimental",3250,"Cafe Date Voucher - Collection 10, a refined experiences gift for farewell and experiences enthusiasts."
Cafe Date Voucher - Collection 11,Experiences,Christmas,Mentor,experiences dates adventure fun,"Romantic, Stylish",3500,"Cafe Date Voucher - Collection 11, a refined experiences gift for christmas and experiences enthusiasts."
Cafe Date Voucher - Collection 12,Experiences,Friendship Day,Partner,experiences dates adventure fun,"Practical, Minimalist",3750,"Cafe Date Voucher - Collection 12, a refined experiences gift for friendship day and experiences enthusiasts."
Cafe Date Voucher - Collection 13,Experiences,Wedding,Best Friend,experiences dates adventure fun,"Adventurous, Extroverted",4000,"Cafe Date Voucher - Collection 13, a refined experiences gift for wedding and experiences enthusiasts."
Cafe Date Voucher - Collection 14,Experiences,Promotion,Friend,experiences dates adventure fun,"Introverted, Intellectual",4250,"Cafe Date Voucher - Collection 14, a refined experiences gift for promotion and experiences enthusiasts."
Photography Walk - Collection 8,Experiences,Housewarming,Mentor,experiences dates adventure fun,"Classic, Sentimental",2750,"Photography Walk - Collection 8, a refined experiences gift for housewarming and experiences enthusiasts."
Photography Walk - Collection 9,Experiences,Farewell,Partner,experiences dates adventure fun,"Creative, Sentimental",3000,"Photography Walk - Collection 9, a refined experiences gift for farewell and experiences enthusiasts."
Photography Walk - Collection 10,Experiences,Christmas,Best Friend,experiences dates adventure fun,"Romantic, Stylish",3250,"Photography Walk - Collection 10, a refined experiences gift for christmas and experiences enthusiasts."
Photography Walk - Collection 11,Experiences,Friendship Day,Friend,experiences dates adventure fun,"Practical, Minimalist",3500,"Photography Walk - Collection 11, a refined experiences gift for friendship day and experiences enthusiasts."
Photography Walk - Collection 12,Experiences,Wedding,Sibling,experiences dates adventure fun,"Adventurous, Extroverted",3750,"Photography Walk - Collection 12, a refined experiences gift for wedding and experiences enthusiasts."
Photography Walk - Collection 13,Experiences,Promotion,Parent,experiences dates adventure fun,"Introverted, Intellectual",4000,"Photography Walk - Collection 13, a refined experiences gift for promotion and experiences enthusiasts."
Photography Walk - Collection 14,Experiences,Thank You,Family,experiences dates adventure fun,"Funny, Trendy",4250,"Photography Walk - Collection 14, a refined experiences gift for thank you and experiences enthusiasts."
Adventure Activity Voucher - Collection 8,Experiences,Farewell,Friend,experiences dates adventure fun,"Creative, Sentimental",2750,"Adventure Activity Voucher - Collection 8, a refined experiences gift for farewell and experiences enthusiasts."
Adventure Activity Voucher - Collection 9,Experiences,Christmas,Sibling,experiences dates adventure fun,"Romantic, Stylish",3000,"Adventure Activity Voucher - Collection 9, a refined experiences gift for christmas and experiences enthusiasts."
Adventure Activity Voucher - Collection 10,Experiences,Friendship Day,Parent,experiences dates adventure fun,"Practical, Minimalist",3250,"Adventure Activity Voucher - Collection 10, a refined experiences gift for friendship day and experiences enthusiasts."
Adventure Activity Voucher - Collection 11,Experiences,Wedding,Family,experiences dates adventure fun,"Adventurous, Extroverted",3500,"Adventure Activity Voucher - Collection 11, a refined experiences gift for wedding and experiences enthusiasts."
Adventure Activity Voucher - Collection 12,Experiences,Promotion,Colleague,experiences dates adventure fun,"Introverted, Intellectual",3750,"Adventure Activity Voucher - Collection 12, a refined experiences gift for promotion and experiences enthusiasts."
Adventure Activity Voucher - Collection 13,Experiences,Thank You,Classmate,experiences dates adventure fun,"Funny, Trendy",4000,"Adventure Activity Voucher - Collection 13, a refined experiences gift for thank you and experiences enthusiasts."
Adventure Activity Voucher - Collection 14,Experiences,Just Because,Mentor,experiences dates adventure fun,"Techie, Practical",4250,"Adventure Activity Voucher - Collection 14, a refined experiences gift for just because and experiences enthusiasts."
DIY Candle Kit - Collection 8,DIY,Thank You,Mentor,crafts creativity making hobbies,"Romantic, Stylish",1509,"DIY Candle Kit - Collection 8, a refined diy gift for thank you and crafts enthusiasts."
DIY Candle Kit - Collection 9,DIY,Just Because,Partner,crafts creativity making hobbies,"Practical, Minimalist",1646,"DIY Candle Kit - Collection 9, a refined diy gift for just because and crafts enthusiasts."
DIY Candle Kit - Collection 10,DIY,Birthday,Best Friend,crafts creativity making hobbies,"Adventurous, Extroverted",1783,"DIY Candle Kit - Collection 10, a refined diy gift for birthday and crafts enthusiasts."
DIY Candle Kit - Collection 11,DIY,Anniversary,Friend,crafts creativity making hobbies,"Introverted, Intellectual",1920,"DIY Candle Kit - Collection 11, a refined diy gift for anniversary and crafts enthusiasts."
DIY Candle Kit - Collection 12,DIY,Valentines Day,Sibling,crafts creativity making hobbies,"Funny, Trendy",2057,"DIY Candle Kit - Collection 12, a refined diy gift for valentines day and crafts enthusiasts."
DIY Candle Kit - Collection 13,DIY,Graduation,Parent,crafts creativity making hobbies,"Techie, Practical",2194,"DIY Candle Kit - Collection 13, a refined diy gift for graduation and crafts enthusiasts."
DIY Candle Kit - Collection 14,DIY,Housewarming,Family,crafts creativity making hobbies,"Classic, Sentimental",2331,"DIY Candle Kit - Collection 14, a refined diy gift for housewarming and crafts enthusiasts."
DIY Terrarium Kit - Collection 8,DIY,Just Because,Friend,crafts creativity making hobbies,"Practical, Minimalist",1509,"DIY Terrarium Kit - Collection 8, a refined diy gift for just because and crafts enthusiasts."
DIY Terrarium Kit - Collection 9,DIY,Birthday,Sibling,crafts creativity making hobbies,"Adventurous, Extroverted",1646,"DIY Terrarium Kit - Collection 9, a refined diy gift for birthday and crafts enthusiasts."
DIY Terrarium Kit - Collection 10,DIY,Anniversary,Parent,crafts creativity making hobbies,"Introverted, Intellectual",1783,"DIY Terrarium Kit - Collection 10, a refined diy gift for anniversary and crafts enthusiasts."
DIY Terrarium Kit - Collection 11,DIY,Valentines Day,Family,crafts creativity making hobbies,"Funny, Trendy",1920,"DIY Terrarium Kit - Collection 11, a refined diy gift for valentines day and crafts enthusiasts."
DIY Terrarium Kit - Collection 12,DIY,Graduation,Colleague,crafts creativity making hobbies,"Techie, Practical",2057,"DIY Terrarium Kit - Collection 12, a refined diy gift for graduation and crafts enthusiasts."
DIY Terrarium Kit - Collection 13,DIY,Housewarming,Classmate,crafts creativity making hobbies,"Classic, Sentimental",2194,"DIY Terrarium Kit - Collection 13, a refined diy gift for housewarming and crafts enthusiasts."
DIY Terrarium Kit - Collection 14,DIY,Farewell,Mentor,crafts creativity making hobbies,"Creative, Sentimental",2331,"DIY Terrarium Kit - Collection 14, a refined diy gift for farewell and crafts enthusiasts."
DIY Chocolate Kit - Collection 8,DIY,Birthday,Family,crafts creativity making hobbies,"Adventurous, Extroverted",1509,"DIY Chocolate Kit - Collection 8, a refined diy gift for birthday and crafts enthusiasts."
DIY Chocolate Kit - Collection 9,DIY,Anniversary,Colleague,crafts creativity making hobbies,"Introverted, Intellectual",1646,"DIY Chocolate Kit - Collection 9, a refined diy gift for anniversary and crafts enthusiasts."
DIY Chocolate Kit - Collection 10,DIY,Valentines Day,Classmate,crafts creativity making hobbies,"Funny, Trendy",1783,"DIY Chocolate Kit - Collection 10, a refined diy gift for valentines day and crafts enthusiasts."
DIY Chocolate Kit - Collection 11,DIY,Graduation,Mentor,crafts creativity making hobbies,"Techie, Practical",1920,"DIY Chocolate Kit - Collection 11, a refined diy gift for graduation and crafts enthusiasts."
DIY Chocolate Kit - Collection 12,DIY,Housewarming,Partner,crafts creativity making hobbies,"Classic, Sentimental",2057,"DIY Chocolate Kit - Collection 12, a refined diy gift for housewarming and crafts enthusiasts."
DIY Chocolate Kit - Collection 13,DIY,Farewell,Best Friend,crafts creativity making hobbies,"Creative, Sentimental",2194,"DIY Chocolate Kit - Collection 13, a refined diy gift for farewell and crafts enthusiasts."
DIY Chocolate Kit - Collection 14,DIY,Christmas,Friend,crafts creativity making hobbies,"Romantic, Stylish",2331,"DIY Chocolate Kit - Collection 14, a refined diy gift for christmas and crafts enthusiasts."
DIY Embroidery Kit - Collection 8,DIY,Anniversary,Mentor,crafts creativity making hobbies,"Introverted, Intellectual",1509,"DIY Embroidery Kit - Collection 8, a refined diy gift for anniversary and crafts enthusiasts."
DIY Embroidery Kit - Collection 9,DIY,Valentines Day,Partner,crafts creativity making hobbies,"Funny, Trendy",1646,"DIY Embroidery Kit - Collection 9, a refined diy gift for valentines day and crafts enthusiasts."
DIY Embroidery Kit - Collection 10,DIY,Graduation,Best Friend,crafts creativity making hobbies,"Techie, Practical",1783,"DIY Embroidery Kit - Collection 10, a refined diy gift for graduation and crafts enthusiasts."
DIY Embroidery Kit - Collection 11,DIY,Housewarming,Friend,crafts creativity making hobbies,"Classic, Sentimental",1920,"DIY Embroidery Kit - Collection 11, a refined diy gift for housewarming and crafts enthusiasts."
DIY Embroidery Kit - Collection 12,DIY,Farewell,Sibling,crafts creativity making hobbies,"Creative, Sentimental",2057,"DIY Embroidery Kit - Collection 12, a refined diy gift for farewell and crafts enthusiasts."
DIY Embroidery Kit - Collection 13,DIY,Christmas,Parent,crafts creativity making hobbies,"Romantic, Stylish",2194,"DIY Embroidery Kit - Collection 13, a refined diy gift for christmas and crafts enthusiasts."
DIY Embroidery Kit - Collection 14,DIY,Friendship Day,Family,crafts creativity making hobbies,"Practical, Minimalist",2331,"DIY Embroidery Kit - Collection 14, a refined diy gift for friendship day and crafts enthusiasts."
DIY Clay Craft Kit - Collection 8,DIY,Valentines Day,Friend,crafts creativity making hobbies,"Funny, Trendy",1509,"DIY Clay Craft Kit - Collection 8, a refined diy gift for valentines day and crafts enthusiasts."
DIY Clay Craft Kit - Collection 9,DIY,Graduation,Sibling,crafts creativity making hobbies,"Techie, Practical",1646,"DIY Clay Craft Kit - Collection 9, a refined diy gift for graduation and crafts enthusiasts."
DIY Clay Craft Kit - Collection 10,DIY,Housewarming,Parent,crafts creativity making hobbies,"Classic, Sentimental",1783,"DIY Clay Craft Kit - Collection 10, a refined diy gift for housewarming and crafts enthusiasts."
DIY Clay Craft Kit - Collection 11,DIY,Farewell,Family,crafts creativity making hobbies,"Creative, Sentimental",1920,"DIY Clay Craft Kit - Collection 11, a refined diy gift for farewell and crafts enthusiasts."
DIY Clay Craft Kit - Collection 12,DIY,Christmas,Colleague,crafts creativity making hobbies,"Romantic, Stylish",2057,"DIY Clay Craft Kit - Collection 12, a refined diy gift for christmas and crafts enthusiasts."
DIY Clay Craft Kit - Collection 13,DIY,Friendship Day,Classmate,crafts creativity making hobbies,"Practical, Minimalist",2194,"DIY Clay Craft Kit - Collection 13, a refined diy gift for friendship day and crafts enthusiasts."
DIY Clay Craft Kit - Collection 14,DIY,Wedding,Mentor,crafts creativity making hobbies,"Adventurous, Extroverted",2331,"DIY Clay Craft Kit - Collection 14, a refined diy gift for wedding and crafts enthusiasts."
DIY Soap Kit - Collection 8,DIY,Graduation,Family,crafts creativity making hobbies,"Techie, Practical",1509,"DIY Soap Kit - Collection 8, a refined diy gift for graduation and crafts enthusiasts."
DIY Soap Kit - Collection 9,DIY,Housewarming,Colleague,crafts creativity making hobbies,"Classic, Sentimental",1646,"DIY Soap Kit - Collection 9, a refined diy gift for housewarming and crafts enthusiasts."
DIY Soap Kit - Collection 10,DIY,Farewell,Classmate,crafts creativity making hobbies,"Creative, Sentimental",1783,"DIY Soap Kit - Collection 10, a refined diy gift for farewell and crafts enthusiasts."
DIY Soap Kit - Collection 11,DIY,Christmas,Mentor,crafts creativity making hobbies,"Romantic, Stylish",1920,"DIY Soap Kit - Collection 11, a refined diy gift for christmas and crafts enthusiasts."
DIY Soap Kit - Collection 12,DIY,Friendship Day,Partner,crafts creativity making hobbies,"Practical, Minimalist",2057,"DIY Soap Kit - Collection 12, a refined diy gift for friendship day and crafts enthusiasts."
DIY Soap Kit - Collection 13,DIY,Wedding,Best Friend,crafts creativity making hobbies,"Adventurous, Extroverted",2194,"DIY Soap Kit - Collection 13, a refined diy gift for wedding and crafts enthusiasts."
DIY Soap Kit - Collection 14,DIY,Promotion,Friend,crafts creativity making hobbies,"Introverted, Intellectual",2331,"DIY Soap Kit - Collection 14, a refined diy gift for promotion and crafts enthusiasts."
DIY Scrapbook Kit - Collection 8,DIY,Housewarming,Mentor,crafts creativity making hobbies,"Classic, Sentimental",1509,"DIY Scrapbook Kit - Collection 8, a refined diy gift for housewarming and crafts enthusiasts."
DIY Scrapbook Kit - Collection 9,DIY,Farewell,Partner,crafts creativity making hobbies,"Creative, Sentimental",1646,"DIY Scrapbook Kit - Collection 9, a refined diy gift for farewell and crafts enthusiasts."
DIY Scrapbook Kit - Collection 10,DIY,Christmas,Best Friend,crafts creativity making hobbies,"Romantic, Stylish",1783,"DIY Scrapbook Kit - Collection 10, a refined diy gift for christmas and crafts enthusiasts."
DIY Scrapbook Kit - Collection 11,DIY,Friendship Day,Friend,crafts creativity making hobbies,"Practical, Minimalist",1920,"DIY Scrapbook Kit - Collection 11, a refined diy gift for friendship day and crafts enthusiasts."
DIY Scrapbook Kit - Collection 12,DIY,Wedding,Sibling,crafts creativity making hobbies,"Adventurous, Extroverted",2057,"DIY Scrapbook Kit - Collection 12, a refined diy gift for wedding and crafts enthusiasts."
DIY Scrapbook Kit - Collection 13,DIY,Promotion,Parent,crafts creativity making hobbies,"Introverted, Intellectual",2194,"DIY Scrapbook Kit - Collection 13, a refined diy gift for promotion and crafts enthusiasts."
DIY Scrapbook Kit - Collection 14,DIY,Thank You,Family,crafts creativity making hobbies,"Funny, Trendy",2331,"DIY Scrapbook Kit - Collection 14, a refined diy gift for thank you and crafts enthusiasts."
DIY Miniature Kit - Collection 8,DIY,Farewell,Friend,crafts creativity making hobbies,"Creative, Sentimental",1509,"DIY Miniature Kit - Collection 8, a refined diy gift for farewell and crafts enthusiasts."
DIY Miniature Kit - Collection 9,DIY,Christmas,Sibling,crafts creativity making hobbies,"Romantic, Stylish",1646,"DIY Miniature Kit - Collection 9, a refined diy gift for christmas and crafts enthusiasts."
DIY Miniature Kit - Collection 10,DIY,Friendship Day,Parent,crafts creativity making hobbies,"Practical, Minimalist",1783,"DIY Miniature Kit - Collection 10, a refined diy gift for friendship day and crafts enthusiasts."
DIY Miniature Kit - Collection 11,DIY,Wedding,Family,crafts creativity making hobbies,"Adventurous, Extroverted",1920,"DIY Miniature Kit - Collection 11, a refined diy gift for wedding and crafts enthusiasts."
DIY Miniature Kit - Collection 12,DIY,Promotion,Colleague,crafts creativity making hobbies,"Introverted, Intellectual",2057,"DIY Miniature Kit - Collection 12, a refined diy gift for promotion and crafts enthusiasts."
DIY Miniature Kit - Collection 13,DIY,Thank You,Classmate,crafts creativity making hobbies,"Funny, Trendy",2194,"DIY Miniature Kit - Collection 13, a refined diy gift for thank you and crafts enthusiasts."
DIY Miniature Kit - Collection 14,DIY,Just Because,Mentor,crafts creativity making hobbies,"Techie, Practical",2331,"DIY Miniature Kit - Collection 14, a refined diy gift for just because and crafts enthusiasts."
Executive Desk Kit - Collection 8,Office,Thank You,Mentor,work office productivity career,"Romantic, Stylish",1925,"Executive Desk Kit - Collection 8, a refined office gift for thank you and work enthusiasts."
Executive Desk Kit - Collection 9,Office,Just Because,Partner,work office productivity career,"Practical, Minimalist",2100,"Executive Desk Kit - Collection 9, a refined office gift for just because and work enthusiasts."
Executive Desk Kit - Collection 10,Office,Birthday,Best Friend,work office productivity career,"Adventurous, Extroverted",2275,"Executive Desk Kit - Collection 10, a refined office gift for birthday and work enthusiasts."
Executive Desk Kit - Collection 11,Office,Anniversary,Friend,work office productivity career,"Introverted, Intellectual",2450,"Executive Desk Kit - Collection 11, a refined office gift for anniversary and work enthusiasts."
Executive Desk Kit - Collection 12,Office,Valentines Day,Sibling,work office productivity career,"Funny, Trendy",2625,"Executive Desk Kit - Collection 12, a refined office gift for valentines day and work enthusiasts."
Executive Desk Kit - Collection 13,Office,Graduation,Parent,work office productivity career,"Techie, Practical",2800,"Executive Desk Kit - Collection 13, a refined office gift for graduation and work enthusiasts."
Executive Desk Kit - Collection 14,Office,Housewarming,Family,work office productivity career,"Classic, Sentimental",2975,"Executive Desk Kit - Collection 14, a refined office gift for housewarming and work enthusiasts."
Professional Notebook - Collection 8,Office,Just Because,Friend,work office productivity career,"Practical, Minimalist",1925,"Professional Notebook - Collection 8, a refined office gift for just because and work enthusiasts."
Professional Notebook - Collection 9,Office,Birthday,Sibling,work office productivity career,"Adventurous, Extroverted",2100,"Professional Notebook - Collection 9, a refined office gift for birthday and work enthusiasts."
Professional Notebook - Collection 10,Office,Anniversary,Parent,work office productivity career,"Introverted, Intellectual",2275,"Professional Notebook - Collection 10, a refined office gift for anniversary and work enthusiasts."
Professional Notebook - Collection 11,Office,Valentines Day,Family,work office productivity career,"Funny, Trendy",2450,"Professional Notebook - Collection 11, a refined office gift for valentines day and work enthusiasts."
Professional Notebook - Collection 12,Office,Graduation,Colleague,work office productivity career,"Techie, Practical",2625,"Professional Notebook - Collection 12, a refined office gift for graduation and work enthusiasts."
Professional Notebook - Collection 13,Office,Housewarming,Classmate,work office productivity career,"Classic, Sentimental",2800,"Professional Notebook - Collection 13, a refined office gift for housewarming and work enthusiasts."
Professional Notebook - Collection 14,Office,Farewell,Mentor,work office productivity career,"Creative, Sentimental",2975,"Professional Notebook - Collection 14, a refined office gift for farewell and work enthusiasts."
Desk Plant - Collection 8,Office,Birthday,Family,work office productivity career,"Adventurous, Extroverted",1925,"Desk Plant - Collection 8, a refined office gift for birthday and work enthusiasts."
Desk Plant - Collection 9,Office,Anniversary,Colleague,work office productivity career,"Introverted, Intellectual",2100,"Desk Plant - Collection 9, a refined office gift for anniversary and work enthusiasts."
Desk Plant - Collection 10,Office,Valentines Day,Classmate,work office productivity career,"Funny, Trendy",2275,"Desk Plant - Collection 10, a refined office gift for valentines day and work enthusiasts."
Desk Plant - Collection 11,Office,Graduation,Mentor,work office productivity career,"Techie, Practical",2450,"Desk Plant - Collection 11, a refined office gift for graduation and work enthusiasts."
Desk Plant - Collection 12,Office,Housewarming,Partner,work office productivity career,"Classic, Sentimental",2625,"Desk Plant - Collection 12, a refined office gift for housewarming and work enthusiasts."
Desk Plant - Collection 13,Office,Farewell,Best Friend,work office productivity career,"Creative, Sentimental",2800,"Desk Plant - Collection 13, a refined office gift for farewell and work enthusiasts."
Desk Plant - Collection 14,Office,Christmas,Friend,work office productivity career,"Romantic, Stylish",2975,"Desk Plant - Collection 14, a refined office gift for christmas and work enthusiasts."
Coffee Mug Set - Collection 8,Office,Anniversary,Mentor,work office productivity career,"Introverted, Intellectual",1925,"Coffee Mug Set - Collection 8, a refined office gift for anniversary and work enthusiasts."
Coffee Mug Set - Collection 9,Office,Valentines Day,Partner,work office productivity career,"Funny, Trendy",2100,"Coffee Mug Set - Collection 9, a refined office gift for valentines day and work enthusiasts."
Coffee Mug Set - Collection 10,Office,Graduation,Best Friend,work office productivity career,"Techie, Practical",2275,"Coffee Mug Set - Collection 10, a refined office gift for graduation and work enthusiasts."
Coffee Mug Set - Collection 11,Office,Housewarming,Friend,work office productivity career,"Classic, Sentimental",2450,"Coffee Mug Set - Collection 11, a refined office gift for housewarming and work enthusiasts."
Coffee Mug Set - Collection 12,Office,Farewell,Sibling,work office productivity career,"Creative, Sentimental",2625,"Coffee Mug Set - Collection 12, a refined office gift for farewell and work enthusiasts."
Coffee Mug Set - Collection 13,Office,Christmas,Parent,work office productivity career,"Romantic, Stylish",2800,"Coffee Mug Set - Collection 13, a refined office gift for christmas and work enthusiasts."
Coffee Mug Set - Collection 14,Office,Friendship Day,Family,work office productivity career,"Practical, Minimalist",2975,"Coffee Mug Set - Collection 14, a refined office gift for friendship day and work enthusiasts."
Laptop Stand - Collection 8,Office,Valentines Day,Friend,work office productivity career,"Funny, Trendy",1925,"Laptop Stand - Collection 8, a refined office gift for valentines day and work enthusiasts."
Laptop Stand - Collection 9,Office,Graduation,Sibling,work office productivity career,"Techie, Practical",2100,"Laptop Stand - Collection 9, a refined office gift for graduation and work enthusiasts."
Laptop Stand - Collection 10,Office,Housewarming,Parent,work office productivity career,"Classic, Sentimental",2275,"Laptop Stand - Collection 10, a refined office gift for housewarming and work enthusiasts."
Laptop Stand - Collection 11,Office,Farewell,Family,work office productivity career,"Creative, Sentimental",2450,"Laptop Stand - Collection 11, a refined office gift for farewell and work enthusiasts."
Laptop Stand - Collection 12,Office,Christmas,Colleague,work office productivity career,"Romantic, Stylish",2625,"Laptop Stand - Collection 12, a refined office gift for christmas and work enthusiasts."
Laptop Stand - Collection 13,Office,Friendship Day,Classmate,work office productivity career,"Practical, Minimalist",2800,"Laptop Stand - Collection 13, a refined office gift for friendship day and work enthusiasts."
Laptop Stand - Collection 14,Office,Wedding,Mentor,work office productivity career,"Adventurous, Extroverted",2975,"Laptop Stand - Collection 14, a refined office gift for wedding and work enthusiasts."
Cable Organizer - Collection 8,Office,Graduation,Family,work office productivity career,"Techie, Practical",1925,"Cable Organizer - Collection 8, a refined office gift for graduation and work enthusiasts."
Cable Organizer - Collection 9,Office,Housewarming,Colleague,work office productivity career,"Classic, Sentimental",2100,"Cable Organizer - Collection 9, a refined office gift for housewarming and work enthusiasts."
Cable Organizer - Collection 10,Office,Farewell,Classmate,work office productivity career,"Creative, Sentimental",2275,"Cable Organizer - Collection 10, a refined office gift for farewell and work enthusiasts."
Cable Organizer - Collection 11,Office,Christmas,Mentor,work office productivity career,"Romantic, Stylish",2450,"Cable Organizer - Collection 11, a refined office gift for christmas and work enthusiasts."
Cable Organizer - Collection 12,Office,Friendship Day,Partner,work office productivity career,"Practical, Minimalist",2625,"Cable Organizer - Collection 12, a refined office gift for friendship day and work enthusiasts."
Cable Organizer - Collection 13,Office,Wedding,Best Friend,work office productivity career,"Adventurous, Extroverted",2800,"Cable Organizer - Collection 13, a refined office gift for wedding and work enthusiasts."
Cable Organizer - Collection 14,Office,Promotion,Friend,work office productivity career,"Introverted, Intellectual",2975,"Cable Organizer - Collection 14, a refined office gift for promotion and work enthusiasts."
Desk Calendar - Collection 8,Office,Housewarming,Mentor,work office productivity career,"Classic, Sentimental",1925,"Desk Calendar - Collection 8, a refined office gift for housewarming and work enthusiasts."
Desk Calendar - Collection 9,Office,Farewell,Partner,work office productivity career,"Creative, Sentimental",2100,"Desk Calendar - Collection 9, a refined office gift for farewell and work enthusiasts."
Desk Calendar - Collection 10,Office,Christmas,Best Friend,work office productivity career,"Romantic, Stylish",2275,"Desk Calendar - Collection 10, a refined office gift for christmas and work enthusiasts."
Desk Calendar - Collection 11,Office,Friendship Day,Friend,work office productivity career,"Practical, Minimalist",2450,"Desk Calendar - Collection 11, a refined office gift for friendship day and work enthusiasts."
Desk Calendar - Collection 12,Office,Wedding,Sibling,work office productivity career,"Adventurous, Extroverted",2625,"Desk Calendar - Collection 12, a refined office gift for wedding and work enthusiasts."
Desk Calendar - Collection 13,Office,Promotion,Parent,work office productivity career,"Introverted, Intellectual",2800,"Desk Calendar - Collection 13, a refined office gift for promotion and work enthusiasts."
Desk Calendar - Collection 14,Office,Thank You,Family,work office productivity career,"Funny, Trendy",2975,"Desk Calendar - Collection 14, a refined office gift for thank you and work enthusiasts."
Premium Pen Set - Collection 8,Office,Farewell,Friend,work office productivity career,"Creative, Sentimental",1925,"Premium Pen Set - Collection 8, a refined office gift for farewell and work enthusiasts."
Premium Pen Set - Collection 9,Office,Christmas,Sibling,work office productivity career,"Romantic, Stylish",2100,"Premium Pen Set - Collection 9, a refined office gift for christmas and work enthusiasts."
Premium Pen Set - Collection 10,Office,Friendship Day,Parent,work office productivity career,"Practical, Minimalist",2275,"Premium Pen Set - Collection 10, a refined office gift for friendship day and work enthusiasts."
Premium Pen Set - Collection 11,Office,Wedding,Family,work office productivity career,"Adventurous, Extroverted",2450,"Premium Pen Set - Collection 11, a refined office gift for wedding and work enthusiasts."
Premium Pen Set - Collection 12,Office,Promotion,Colleague,work office productivity career,"Introverted, Intellectual",2625,"Premium Pen Set - Collection 12, a refined office gift for promotion and work enthusiasts."
Premium Pen Set - Collection 13,Office,Thank You,Classmate,work office productivity career,"Funny, Trendy",2800,"Premium Pen Set - Collection 13, a refined office gift for thank you and work enthusiasts."
Premium Pen Set - Collection 14,Office,Just Because,Mentor,work office productivity career,"Techie, Practical",2975,"Premium Pen Set - Collection 14, a refined office gift for just because and work enthusiasts."
